"","trait","ERsimmapQ","ARDsimmapQ0to1","ARDsimmapQ1to0","ERsimmapQ.LogLik","ARDsimmapQ.LogLik","ARDvERsimmapQ.LRtestPval","ARDvERsimmapQ.LRtestPval.abbr"
"1","Griesser2023.Colonial01","0.0126999195615182","0.0120058792209226","0.0838650420702497",-213.226308182618,-186.398537969222,2.38908998534435e-13,"<0.001"
"2","Griesser2023.MoreThanTwoCaretakers","0.00963502386917525","0.00966078026482261","0.016210796056366",-164.982963313223,-164.528785344838,0.340551013686784,"0.341"
"3","Griesser2023.LongSocialBonds","0.0194546393329739","0.0415060336398169","0.00849844567423735",-241.337539473814,-230.456226639252,3.0855259343182e-06,"<0.001"
"4","Griesser2023.GroupsLargerThanPair","0.0109402737118015","0.0423835615117445","0.00869377628931024",-168.511133270738,-155.247434547767,2.59826931236849e-07,"<0.001"
"5","Griesser2023.TwoOrMoreCaretakers","0.00210895736424126","0.00855195724514209","0.00175289619947839",-55.9869349038796,-55.036711896516,0.168028404296691,"0.168"
"6","Griesser2023.Asocial0VsSocial1","0.00778502438692024","0.0690947301000079","0.00454806995657807",-144.414853627777,-112.3185260283,1.1282858823589e-15,"<0.001"
"7","Griesser2023.LargestGroupSizes","0.0382603384278271","0.034005031334764","0.0976375999859299",-293.019495348407,-272.688884470435,1.81044548672948e-10,"<0.001"
"8","Griesser2023.SeasonOrLongerSocialBonds","0.00170120319702959","2.60590108161458","0.100244605733363",-46.8916448970131,-76.3225134419237,1,"1"
"9","Griesser2017FamilialLiving","0.0533940690073014","0.0605254208846482","0.0466172510771586",-715.941023821799,-713.346262791852,0.0227234646420157,"0.023"
"10","Final.polygyny","0.0126963516857111","0.0119922508552188","0.10909120198889",-269.175930754456,-242.807808826607,3.81485913613917e-13,"<0.001"
"11","HighConfidence_Coop","0.0111328749028683","0.0107165917346295","0.0305939954715892",-1027.55348423682,-1019.65423490958,7.04583950563675e-05,"<0.001"
"12","FemaleSong_Agg01","0.0389835630915294","0.0671856895298002","0.0382876562404187",-605.20332485641,-597.208916862233,6.37177872124742e-05,"<0.001"
"13","MeanCoopTie2Noncoop","0.0127463284455977","0.0119006290451604","0.0518156657749372",-1164.76770340432,-1137.9684500053,2.45946269684404e-13,"<0.001"
"14","MeanCoopTie2Coop","0.0138393070045949","0.0134326617853231","0.0382961359117479",-1218.35513508032,-1206.30447109719,9.13972460963659e-07,"<0.001"
"15","MeanCoopOmitTies","0.0122240253576527","0.0117471349455433","0.0374576489176355",-1106.92275253731,-1092.83137307,1.10383465841544e-07,"<0.001"
"16","AnyCoopEqualsCoop","0.0174516888260798","0.0175168713685422","0.037610325967794",-1420.58740735648,-1412.54258641468,6.0413571758104e-05,"<0.001"
"17","AnyNoncoopEqualsNoncoop","0.0114315613042127","0.0102215465685023","0.0626439619276289",-1090.18045019965,-1048.40433820481,6.20547904335517e-20,"<0.001"
