"","DiscreteTrait","ContinuousTrait","Pval","ERRate","ERloglik","ERace","ARDRate0","ARDRate1","ARDloglik","ARDace","k2","convergence","simmapnumber","phylanovaP"
"1","CoopBreed","Syll.song.final",0.637445276432044,0.0905802244334238,-285.572260063705,1.30085031006518,0.0884278338548623,0.123068073360475,-285.461210601728,1.29759788141846,3,"Optimization has converged.",1,"not evaluated"
"2","CoopBreed","Syll.song.final",0.873515716957312,0.0905802244334238,-285.572260063705,1.30085031006518,0.0900150175301729,0.104548736097503,-285.559588635453,1.30085039538119,3,"Optimization has converged.",2,"not evaluated"
"3","CoopBreed","Syll.song.final",0.727868233896908,0.0905802244334238,-285.572260063705,1.30085031006518,0.0893119413960159,0.104763998425285,-285.511721060898,1.30072814850469,3,"Optimization has converged.",3,"not evaluated"
"4","CoopBreed","Syll.song.final",0.994609681815177,0.0905802244334238,-285.572260063705,1.30085031006518,0.090562606425335,0.0908403992432257,-285.572237243198,1.30085032175436,3,"Optimization has converged.",4,"not evaluated"
"5","CoopBreed","Syll.song.final",0.359611689625996,0.0905802244334238,-285.572260063705,1.30085031006518,0.0870196425226221,0.146242804614784,-285.152635640711,1.30088924015966,3,"Optimization has converged.",5,"not evaluated"
"6","CoopBreed","Syll.song.final",0.392235385327363,0.0905802244334238,-285.572260063705,1.30085031006518,0.0872636709917028,0.123382704283843,-285.206259611402,1.30084739569353,3,"Optimization has converged.",6,"not evaluated"
"7","CoopBreed","Syll.song.final",0.0481824783466184,0.0905802244334238,-285.572260063705,1.30085031006518,0.0812293921661623,0.212078046735295,-283.620455212272,1.30025974987801,3,"Optimization has converged.",7,"not evaluated"
"8","CoopBreed","Syll.song.final",0.518733257008494,0.0905802244334238,-285.572260063705,1.30085031006518,0.088295984129448,0.123162073486734,-285.364054481126,1.30079926374249,3,"Optimization has converged.",8,"not evaluated"
"9","CoopBreed","Syll.song.final",0.296744162701169,0.0905802244334238,-285.572260063705,1.30085031006518,0.086778912046107,0.16651546787829,-285.027875660703,1.3008610569314,3,"Optimization has converged.",9,"not evaluated"
"10","CoopBreed","Syll.song.final",0.511753997708777,0.0905802244334238,-285.572260063705,1.30085031006518,0.0876412251418391,0.148900918279903,-285.357020557474,1.30090097389468,3,"Optimization has converged.",10,"not evaluated"
"11","CoopBreed","Syll.song.final",0.120946904718476,0.0905802244334238,-285.572260063705,1.30085031006518,0.0850157629858918,0.153226081275602,-284.369752173753,1.23054704120714,3,"Optimization has converged.",11,"not evaluated"
"12","CoopBreed","Syll.song.final",0.938066690897617,0.0905802244334238,-285.572260063705,1.30085031006518,0.0902295176412067,0.0968834887021679,-285.569241418392,1.3008474606489,3,"Optimization has converged.",12,"not evaluated"
"13","CoopBreed","Syll.song.final",0.104783957572394,0.0905802244334238,-285.572260063705,1.30085031006518,0.0843540961533351,0.162147504268181,-284.25667115944,1.30089018703009,3,"Optimization has converged.",13,"not evaluated"
"14","CoopBreed","Syll.song.final",0.123348562701607,0.0905802244334238,-285.572260063705,1.30085031006518,0.0837659483884289,0.207640176561987,-284.385120734504,1.3739176376253,3,"Optimization has converged.",14,"not evaluated"
"15","CoopBreed","Syll.song.final",0.352554279621658,0.0905802244334238,-285.572260063705,1.30085031006518,0.0862328406095029,0.134835180625064,-285.14013900123,1.30083065861203,3,"Optimization has converged.",15,"not evaluated"
"16","CoopBreed","Syll.song.final",0.0795092874641641,0.0905802244334238,-285.572260063705,1.30085031006518,0.0990182029632231,0.00100123879916173,-284.03480805858,1.30124692954814,3,"Optimization may not have converged.  Consider increasing maxit.",16,"not evaluated"
"17","CoopBreed","Syll.song.final",0.0239671351193306,0.0905802244334238,-285.572260063705,1.30085031006518,0.10260647241537,0.00415993323357694,-283.023755505795,1.30082175074149,3,"Optimization has converged.",17,"not evaluated"
"18","CoopBreed","Syll.song.final",0.230561038832761,0.0905802244334238,-285.572260063705,1.30085031006518,0.0858437802569701,0.183929208562692,-284.853561599316,1.30084374626646,3,"Optimization has converged.",18,"not evaluated"
"19","CoopBreed","Syll.song.final",0.0691844303990093,0.0905802244334238,-285.572260063705,1.30085031006518,0.0843983486321148,0.180691244480242,-283.921127632205,1.35900908815964,3,"Optimization has converged.",19,"not evaluated"
"20","CoopBreed","Syll.song.final",0.183702425756309,0.0905802244334238,-285.572260063705,1.30085031006518,0.0858908570171328,0.138617556894397,-284.688553002413,1.26160557510321,3,"Optimization has converged.",20,"not evaluated"
"21","CoopBreed","Syll.song.final",0.948154208809191,0.0905802244334238,-285.572260063705,1.30085031006518,0.0903991112539296,0.0932445823933073,-285.570145947667,1.30084911475265,3,"Optimization has converged.",21,"not evaluated"
"22","CoopBreed","Syll.song.final",0.074887021941826,0.0905802244334238,-285.572260063705,1.30085031006518,0.0832795970016808,0.2202835570974,-283.986002288236,1.30098580961224,3,"Optimization has converged.",22,"not evaluated"
"23","CoopBreed","Syll.song.final",0.872927091408515,0.0905802244334238,-285.572260063705,1.30085031006518,0.0900393685112116,0.0974309836899185,-285.55946940867,1.3008475779098,3,"Optimization has converged.",23,"not evaluated"
"24","CoopBreed","Syll.song.final",0.0186071276194703,0.0905802244334238,-285.572260063705,1.30085031006518,0.0819021385739653,0.215227771751984,-282.803226708879,1.30084168053218,3,"Optimization may not have converged.  Consider increasing maxit.",24,"not evaluated"
"25","CoopBreed","Syll.song.final",0.380126281779793,0.0905802244334238,-285.572260063705,1.30085031006518,0.0861935983386383,0.156875071224915,-285.187113331023,1.30087941817083,3,"Optimization has converged.",25,"not evaluated"
"26","CoopBreed","Syll.song.final",0.148366351835736,0.0905802244334238,-285.572260063705,1.30085031006518,0.085592711571484,0.184746901636501,-284.527776511097,1.30040123791519,3,"Optimization has converged.",26,"not evaluated"
"27","CoopBreed","Syll.song.final",0.879281616467091,0.0905802244334238,-285.572260063705,1.30085031006518,0.0914732244429831,0.0789169782932076,-285.560726302956,1.30084308989413,3,"Optimization has converged.",27,"not evaluated"
"28","CoopBreed","Syll.song.final",0.574886706281011,0.0905802244334238,-285.572260063705,1.30085031006518,0.0879696824254099,0.122316218827705,-285.414972932502,1.30085656160846,3,"Optimization has converged.",28,"not evaluated"
"29","CoopBreed","Syll.song.final",0.549176926271394,0.0905802244334238,-285.572260063705,1.30085031006518,0.0876859150641416,0.121622261626801,-285.392863194157,1.30078418385575,3,"Optimization has converged.",29,"not evaluated"
"30","CoopBreed","Syll.song.final",0.00721509771767066,0.0905802244334238,-285.572260063705,1.30085031006518,0.0809153434700227,0.271037827964349,-281.962947840211,1.30086461808798,3,"Optimization has converged.",30,"not evaluated"
"31","CoopBreed","Syll.song.final",0.0981887381098438,0.0905802244334238,-285.572260063705,1.30085031006518,0.0849009865716429,0.197575024026594,-284.204900296756,1.30060908542077,3,"Optimization has converged.",31,"not evaluated"
"32","CoopBreed","Syll.song.final",0.261439859006917,0.0905802244334238,-285.572260063705,1.30085031006518,0.0858697881367362,0.172959928891997,-284.941701815972,1.30085911888262,3,"Optimization has converged.",32,"not evaluated"
"33","CoopBreed","Syll.song.final",0.37263323194432,0.0905802244334238,-285.572260063705,1.30085031006518,0.087257927068626,0.165524944795785,-285.174827785706,1.30086425206545,3,"Optimization has converged.",33,"not evaluated"
"34","CoopBreed","Syll.song.final",0.990157733758523,0.0905802244334238,-285.572260063705,1.30085031006518,0.0906320979736969,0.089912290683407,-285.572183978165,1.30085053942612,3,"Optimization has converged.",34,"not evaluated"
"35","CoopBreed","Syll.song.final",0.194679921225101,0.0905802244334238,-285.572260063705,1.30085031006518,0.0848990989787956,0.154711387303339,-284.731339242585,1.30082122714216,3,"Optimization has converged.",35,"not evaluated"
"36","CoopBreed","Syll.song.final",0.175567935597332,0.0905802244334238,-285.572260063705,1.30085031006518,0.0855349307352898,0.171176163213479,-284.654886795691,1.30090632035664,3,"Optimization has converged.",36,"not evaluated"
"37","CoopBreed","Syll.song.final",0.519202532317712,0.0905802244334238,-285.572260063705,1.30085031006518,0.0879885815605385,0.131603367667637,-285.364521491137,1.30085985867225,3,"Optimization has converged.",37,"not evaluated"
"38","CoopBreed","Syll.song.final",0.0625191989664917,0.0905802244334238,-285.572260063705,1.30085031006518,0.082812556105339,0.215768163023864,-283.837629078837,1.30096434029724,3,"Optimization has converged.",38,"not evaluated"
"39","CoopBreed","Syll.song.final",0.193430212568426,0.0905802244334238,-285.572260063705,1.30085031006518,0.0857842330080889,0.159944999914268,-284.726612050926,1.30092239294437,3,"Optimization has converged.",39,"not evaluated"
"40","CoopBreed","Syll.song.final",0.283483933286396,0.0905802244334238,-285.572260063705,1.30085031006518,0.0860841492838229,0.157143338317841,-284.997104270755,1.33520832149088,3,"Optimization has converged.",40,"not evaluated"
"41","CoopBreed","Syll.song.final",0.89344309258298,0.0905802244334238,-285.572260063705,1.30085031006518,0.0910913182076524,0.0821231346734528,-285.563288928521,1.30076692274088,3,"Optimization has converged.",41,"not evaluated"
"42","CoopBreed","Syll.song.final",0.743251629921726,0.0905802244334238,-285.572260063705,1.30085031006518,0.0893023556222349,0.120338188059345,-285.51861543155,1.30085310291841,3,"Optimization has converged.",42,"not evaluated"
"43","CoopBreed","Syll.song.final",0.11609738252568,0.0905802244334238,-285.572260063705,1.30085031006518,0.0862755678953235,0.17914394048963,-284.337662640942,1.30090229522094,3,"Optimization has converged.",43,"not evaluated"
"44","CoopBreed","Syll.song.final",0.192970774492029,0.0905802244334238,-285.572260063705,1.30085031006518,0.0849309852077075,0.170532445468234,-284.724865182001,1.30071887209795,3,"Optimization has converged.",44,"not evaluated"
"45","CoopBreed","Syll.song.final",0.459546377547552,0.0905802244334238,-285.572260063705,1.30085031006518,0.0875935524555156,0.143338035320433,-285.298760414117,1.30093325123484,3,"Optimization has converged.",45,"not evaluated"
"46","CoopBreed","Syll.song.final",0.276318486438565,0.0905802244334238,-285.572260063705,1.30085031006518,0.0864379330741845,0.137027702891546,-284.979705891425,1.30090748849977,3,"Optimization has converged.",46,"not evaluated"
"47","CoopBreed","Syll.song.final",0.58579643849353,0.0905802244334238,-285.572260063705,1.30085031006518,0.0887016132014167,0.144305575630822,-285.42378157248,1.30085354813824,3,"Optimization has converged.",47,"not evaluated"
"48","CoopBreed","Syll.song.final",0.331411779898521,0.0905802244334238,-285.572260063705,1.30085031006518,0.0864296053909572,0.160819569052573,-285.100573330604,1.29216563945056,3,"Optimization has converged.",48,"not evaluated"
"49","CoopBreed","Syll.song.final",0.0880677098306915,0.0905802244334238,-285.572260063705,1.30085031006518,0.0845960844733595,0.172474261740053,-284.117588248105,1.3008753071633,3,"Optimization has converged.",49,"not evaluated"
"50","CoopBreed","Syll.song.final",0.0366869646693409,0.0905802244334238,-285.572260063705,1.30085031006518,0.0936969540382563,9.05802244334238e-06,-283.389817686503,1.2622697832777,3,"Optimization has converged.",50,"not evaluated"
"51","CoopBreed","Syll.song.final",0.0405112445387303,0.0905802244334238,-285.572260063705,1.30085031006518,0.0822416773305574,0.211767951156606,-283.474088384634,1.30131816354311,3,"Optimization has converged.",51,"not evaluated"
"52","CoopBreed","Syll.song.final",0.0236713098106744,0.0905802244334238,-285.572260063705,1.30085031006518,0.0821000316702383,0.24608115530872,-283.012982195799,1.30094953814386,3,"Optimization has converged.",52,"not evaluated"
"53","CoopBreed","Syll.song.final",0.0867015264851698,0.0905802244334238,-285.572260063705,1.30085031006518,0.083422860991509,0.204307245049166,-284.104973010989,1.21043887225629,3,"Optimization has converged.",53,"not evaluated"
"54","CoopBreed","Syll.song.final",0.605048002256415,0.0905802244334238,-285.572260063705,1.30085031006518,0.0886552738429528,0.120342274349609,-285.438535446292,1.3008082033331,3,"Optimization has converged.",54,"not evaluated"
"55","CoopBreed","Syll.song.final",0.689597076421185,0.0905802244334238,-285.572260063705,1.30085031006518,0.0918339002236032,0.0733314837044442,-285.492499115208,1.30098102476911,3,"Optimization has converged.",55,"not evaluated"
"56","CoopBreed","Syll.song.final",0.658558865553443,0.0905802244334238,-285.572260063705,1.30085031006518,0.0934791149210534,0.041973683705577,-285.474620606848,1.37521657834823,3,"Optimization has converged.",56,"not evaluated"
"57","CoopBreed","Syll.song.final",0.125070953866389,0.0905802244334238,-285.572260063705,1.30085031006518,0.0846126518665243,0.141724062903367,-284.395939546616,1.23768516059715,3,"Optimization has converged.",57,"not evaluated"
"58","CoopBreed","Syll.song.final",0.539906799301317,0.0905802244334238,-285.572260063705,1.30085031006518,0.0880874376700921,0.119541129665664,-285.384403800739,1.30075967050243,3,"Optimization has converged.",58,"not evaluated"
"59","CoopBreed","Syll.song.final",0.983789089284077,0.0905802244334238,-285.572260063705,1.30085031006518,0.0905097969865185,0.0920520506638225,-285.572053637669,1.30085039737455,3,"Optimization has converged.",59,"not evaluated"
"60","CoopBreed","Syll.song.final",0.0427028310907544,0.0905802244334238,-285.572260063705,1.30085031006518,0.0834521069807426,0.208319010472461,-283.518696274942,1.30074173285749,3,"Optimization has converged.",60,"not evaluated"
"61","CoopBreed","Syll.song.final",0.039299593693576,0.0905802244334238,-285.572260063705,1.30085031006518,0.0825114656332189,0.183583769092013,-283.448325107083,1.30089585136288,3,"Optimization has converged.",61,"not evaluated"
"62","CoopBreed","Syll.song.final",0.3406321334059,0.0905802244334238,-285.572260063705,1.30085031006518,0.0864357472648845,0.121904967336774,-285.118234673271,1.30081173854678,3,"Optimization has converged.",62,"not evaluated"
"63","CoopBreed","Syll.song.final",0.0589690127217602,0.0905802244334238,-285.572260063705,1.30085031006518,0.0832958939283597,0.216008479128436,-283.789186910292,1.38523538341177,3,"Optimization has converged.",63,"not evaluated"
"64","CoopBreed","Syll.song.final",0.145648572279906,0.0905802244334238,-285.572260063705,1.30085031006518,0.0841800317688499,0.172067222081223,-284.51363881905,1.30091652358342,3,"Optimization has converged.",64,"not evaluated"
"65","CoopBreed","Syll.song.final",0.139320443303898,0.0905802244334238,-285.572260063705,1.30085031006518,0.0843730276152445,0.189173061651692,-284.479535638752,1.3010183583627,3,"Optimization has converged.",65,"not evaluated"
"66","CoopBreed","Syll.song.final",0.27318198196924,0.0905802244334238,-285.572260063705,1.30085031006518,0.0866837741525998,0.139787805532586,-284.971910479842,1.31091232227376,3,"Optimization has converged.",66,"not evaluated"
"67","CoopBreed","Syll.song.final",0.182141355677001,0.0905802244334238,-285.572260063705,1.30085031006518,0.0952333716581736,0.0255776531370416,-284.682227607122,1.37452878891175,3,"Optimization has converged.",67,"not evaluated"
"68","CoopBreed","Syll.song.final",0.0638323305217763,0.0905802244334238,-285.572260063705,1.30085031006518,0.0839161280589845,0.180875212507968,-283.85480852572,1.30088124217017,3,"Optimization has converged.",68,"not evaluated"
"69","CoopBreed","Syll.song.final",0.389082899351715,0.0905802244334238,-285.572260063705,1.30085031006518,0.0869439576241713,0.130799331180836,-285.201356960349,1.28229782338979,3,"Optimization has converged.",69,"not evaluated"
"70","CoopBreed","Syll.song.final",0.00412472896082975,0.0905802244334238,-285.572260063705,1.30085031006518,0.0782645304600138,0.313916186709337,-281.458223277422,1.30103241435079,3,"Optimization has converged.",70,"not evaluated"
"71","CoopBreed","Syll.song.final",0.0127808444896982,0.0905802244334238,-285.572260063705,1.30085031006518,0.0813753524861238,0.224678009615309,-282.472662672173,1.30120785687506,3,"Optimization has converged.",71,"not evaluated"
"72","CoopBreed","Syll.song.final",0.0474616520793498,0.0905802244334238,-285.572260063705,1.30085031006518,0.0830215112419621,0.190582391379969,-283.607786530974,1.30084831121381,3,"Optimization has converged.",72,"not evaluated"
"73","CoopBreed","Syll.song.final",0.00635374663030759,0.0905802244334238,-285.572260063705,1.30085031006518,0.0790724496741879,0.197538044697309,-281.848692012971,1.30077635349898,3,"Optimization has converged.",73,"not evaluated"
"74","CoopBreed","Syll.song.final",0.160494741616045,0.0905802244334238,-285.572260063705,1.30085031006518,0.0964931919807227,0.0126267569144108,-284.587480856655,1.24601875094889,3,"Optimization has converged.",74,"not evaluated"
"75","CoopBreed","Syll.song.final",0.219382371490951,0.0905802244334238,-285.572260063705,1.30085031006518,0.0857080046190296,0.134606604631772,-284.818056715729,1.26243353851914,3,"Optimization has converged.",75,"not evaluated"
"76","CoopBreed","Syll.song.final",0.0689400845477289,0.0905802244334238,-285.572260063705,1.30085031006518,0.0841879291066241,0.181276725383742,-283.918221131357,1.30088441798139,3,"Optimization has converged.",76,"not evaluated"
"77","CoopBreed","Syll.song.final",0.744655967635321,0.0905802244334238,-285.572260063705,1.30085031006518,0.0916746617309651,0.081381927442681,-285.519221808783,1.3008999259311,3,"Optimization has converged.",77,"not evaluated"
"78","CoopBreed","Syll.song.final",0.450275712446127,0.0905802244334238,-285.572260063705,1.30085031006518,0.0877367163756427,0.144741652631784,-285.28728119695,1.30673929067611,3,"Optimization has converged.",78,"not evaluated"
"79","CoopBreed","Syll.song.final",0.0183706447312739,0.0905802244334238,-285.572260063705,1.30085031006518,0.0797765692820055,0.173480468276612,-282.792032831654,1.30085417166555,3,"Optimization has converged.",79,"not evaluated"
"80","CoopBreed","Syll.song.final",0.0102577827926143,0.0905802244334238,-285.572260063705,1.30085031006518,0.097473031012756,9.05802244334238e-06,-282.277474047135,1.30084894455209,3,"Optimization has converged.",80,"not evaluated"
"81","CoopBreed","Syll.song.final",0.00576953033455152,0.0905802244334238,-285.572260063705,1.30085031006518,0.0773020010085802,0.252539933586664,-281.761804062147,1.30087211950322,3,"Optimization has converged.",81,"not evaluated"
"82","CoopBreed","Syll.song.final",0.91842467040517,0.0905802244334238,-285.572260063705,1.30085031006518,0.0910797980651416,0.0864118383346861,-285.567015311121,1.30087353413668,3,"Optimization has converged.",82,"not evaluated"
"83","CoopBreed","Syll.song.final",0.0319216595227063,0.0905802244334238,-285.572260063705,1.30085031006518,0.0825366477448325,0.199861076449073,-283.270910442228,1.30072926640193,3,"Optimization has converged.",83,"not evaluated"
"84","CoopBreed","Syll.song.final",0.734236839176767,0.0905802244334238,-285.572260063705,1.30085031006518,0.0893158199544049,0.119599254289499,-285.514631625411,1.31083958793313,3,"Optimization has converged.",84,"not evaluated"
"85","CoopBreed","Syll.song.final",0.173955163026109,0.0905802244334238,-285.572260063705,1.30085031006518,0.0944558324464685,0.0450496504974214,-284.647998078744,1.30083439439257,3,"Optimization has converged.",85,"not evaluated"
"86","CoopBreed","Syll.song.final",0.31771281391901,0.0905802244334238,-285.572260063705,1.30085031006518,0.0876403778623807,0.136302289018237,-285.073090684626,1.26136027929271,3,"Optimization has converged.",86,"not evaluated"
"87","CoopBreed","Syll.song.final",0.889616581384071,0.0905802244334238,-285.572260063705,1.30085031006518,0.0899184894499242,0.096433859391525,-285.562628816842,1.30085040830341,3,"Optimization has converged.",87,"not evaluated"
"88","CoopBreed","Syll.song.final",0.137265474763501,0.0905802244334238,-285.572260063705,1.30085031006518,0.0852838678885055,0.175559248129365,-284.468085394767,1.30092873800728,3,"Optimization may not have converged.  Consider increasing maxit.",88,"not evaluated"
"89","CoopBreed","Syll.song.final",0.0387604116064683,0.0905802244334238,-285.572260063705,1.30085031006518,0.0819170069849127,0.181642541939902,-283.436591349764,1.30089932440891,3,"Optimization may not have converged.  Consider increasing maxit.",89,"not evaluated"
"90","CoopBreed","Syll.song.final",0.632413591896441,0.0905802244334238,-285.572260063705,1.30085031006518,0.0921539084010848,0.0709373026203737,-285.457859089416,1.27493786697523,3,"Optimization has converged.",90,"not evaluated"
"91","CoopBreed","Syll.song.final",0.239478158091731,0.0905802244334238,-285.572260063705,1.30085031006518,0.0945241171892538,0.0446500703657683,-284.880428471789,1.33591875058983,3,"Optimization has converged.",91,"not evaluated"
"92","CoopBreed","Syll.song.final",0.695867196536648,0.0905802244334238,-285.572260063705,1.30085031006518,0.0892053346179985,0.109025304825163,-285.495856565926,1.30081302289847,3,"Optimization has converged.",92,"not evaluated"
"93","CoopBreed","Syll.song.final",0.0633864002607605,0.0905802244334238,-285.572260063705,1.30085031006518,0.083323471694476,0.190303107484932,-283.849017091247,1.30076812155734,3,"Optimization has converged.",93,"not evaluated"
"94","CoopBreed","Syll.song.final",0.655431112098327,0.0905802244334238,-285.572260063705,1.30085031006518,0.0889464344581925,0.113984565415429,-285.472699455716,1.30084754461457,3,"Optimization has converged.",94,"not evaluated"
"95","CoopBreed","Syll.song.final",0.0816329277643036,0.0905802244334238,-285.572260063705,1.30085031006518,0.0844851013991829,0.174302172934254,-284.0562163171,1.30095761621391,3,"Optimization has converged.",95,"not evaluated"
"96","CoopBreed","Syll.song.final",0.045787208429841,0.0905802244334238,-285.572260063705,1.30085031006518,0.0821308996790501,0.181388491869747,-283.577557161522,1.3008056215569,3,"Optimization may not have converged.  Consider increasing maxit.",96,"not evaluated"
"97","CoopBreed","Syll.song.final",0.116930532866821,0.0905802244334238,-285.572260063705,1.30085031006518,0.0833074853667842,0.270749519574998,-284.343279896688,1.30020153077353,3,"Optimization has converged.",97,"not evaluated"
"98","CoopBreed","Syll.song.final",0.219693579490872,0.0905802244334238,-285.572260063705,1.30085031006518,0.0862514845366957,0.138917548373071,-284.819074249225,1.27208716974213,3,"Optimization has converged.",98,"not evaluated"
"99","CoopBreed","Syll.song.final",0.0513674392852686,0.0905802244334238,-285.572260063705,1.30085031006518,0.0813563502414547,0.19729905917562,-283.674133989631,1.30070365615982,3,"Optimization has converged.",99,"not evaluated"
"100","CoopBreed","Syll.song.final",0.277548630711172,0.0905802244334238,-285.572260063705,1.30085031006518,0.0858519500504253,0.154619502340458,-284.982732975864,1.23760395844855,3,"Optimization has converged.",100,"not evaluated"
