"DiscreteTrait","DiscreteNumGroups","ContinuousTrait","n_Species","PhylANOVApval"
"HighConfidence_Coop","2","Song.rep.final","209","0.9772"
"MeanCoopTie2Noncoop","2","Song.rep.final","217","0.96575"
"MeanCoopTie2Coop","2","Song.rep.final","217","0.45575"
"MeanCoopOmitTies","2","Song.rep.final","214","0.9358"
"AnyCoopEqualsCoop","2","Song.rep.final","217","0.7963"
"HighConfidence_Coop","2","Syllable.rep.final","118","0.34825"
"MeanCoopTie2Noncoop","2","Syllable.rep.final","123","0.62575"
"MeanCoopTie2Coop","2","Syllable.rep.final","123","0.8401"
"MeanCoopOmitTies","2","Syllable.rep.final","121","0.65385"
"AnyCoopEqualsCoop","2","Syllable.rep.final","123","0.9272"
"HighConfidence_Coop","2","Syll.song.final","163","0.82805"
"MeanCoopTie2Noncoop","2","Syll.song.final","171","0.5416"
"MeanCoopTie2Coop","2","Syll.song.final","171","0.174"
"MeanCoopOmitTies","2","Syll.song.final","169","0.49595"
"AnyCoopEqualsCoop","2","Syll.song.final","171","0.72775"
"HighConfidence_Coop","2","Duration.final","218","0.35155"
"MeanCoopTie2Noncoop","2","Duration.final","227","0.36475"
"MeanCoopTie2Coop","2","Duration.final","227","0.64995"
"MeanCoopOmitTies","2","Duration.final","224","0.3829"
"AnyCoopEqualsCoop","2","Duration.final","227","0.3053"
"HighConfidence_Coop","2","Interval.final","123","0.9097"
"MeanCoopTie2Noncoop","2","Interval.final","127","0.7854"
"MeanCoopTie2Coop","2","Interval.final","127","0.97985"
"MeanCoopOmitTies","2","Interval.final","126","0.7928"
"AnyCoopEqualsCoop","2","Interval.final","127","0.12915"
