"DiscreteTrait","ContinuousTrait","Pval","ERRate","ERloglik","ERace","ARDRate0","ARDRate1","ARDloglik","ARDace","k2","convergence","simmapnumber","TreeNum","ERsimmapQ","ARDsimmapQ0to1","ARDsimmapQ1to0","ERsimmapQ.LogLik","ARDsimmapQ.LogLik","ARDvERsimmapQ.LRtestPval"
"HighConfidence_Coop","Song.rep.final",0.13696457234748,0.204811461806228,-405.511946985313,1.61577211944087,0.20950765366153,0.0345789651443386,-404.406079576232,1.61579428463377,3,"Optimization has converged.",1,1,"0.00783977987803139","0.00661410758582943","0.03897972430905",-1105.10946168288,-1076.40673422752,3.546223902983e-14
"HighConfidence_Coop","Song.rep.final",0.0206826840788325,0.204811461806228,-405.511946985313,1.61577211944087,0.207816371186717,2.0481146180612e-05,-402.835279919866,1.4661063507305,3,"Optimization has converged.",2,1,"0.00783977987803139","0.00661410758582943","0.03897972430905",-1105.10946168288,-1076.40673422752,3.546223902983e-14
"HighConfidence_Coop","Song.rep.final",0.00891337408622155,0.204811461806228,-405.511946985313,1.61577211944087,0.207951708262272,2.0481146180612e-05,-402.091895898861,1.61573658728636,3,"Optimization has converged.",3,1,"0.00783977987803139","0.00661410758582943","0.03897972430905",-1105.10946168288,-1076.40673422752,3.546223902983e-14
"HighConfidence_Coop","Song.rep.final",0.0395604166753364,0.204811461806228,-405.511946985313,1.61577211944087,0.206919045059756,2.0481146180612e-05,-403.393627639816,1.55688325293059,3,"Optimization has converged.",4,1,"0.00783977987803139","0.00661410758582943","0.03897972430905",-1105.10946168288,-1076.40673422752,3.546223902983e-14
"HighConfidence_Coop","Song.rep.final",0.000234192791108756,0.204811461806228,-405.511946985313,1.61577211944087,0.210966677582773,2.04811461806224e-05,-398.744596885819,2.63767002504901,3,"Optimization has converged.",5,1,"0.00783977987803139","0.00661410758582943","0.03897972430905",-1105.10946168288,-1076.40673422752,3.546223902983e-14
"HighConfidence_Coop","Song.rep.final",0.0246979281131884,0.187203201542277,-371.971195793444,1.49309407832686,0.192311398579103,1.87203201542277e-05,-369.448724578968,1.39121657023578,3,"Optimization has converged.",1,2,"0.0102555036815758","0.00801421837359365","0.0568192639607983",-1086.4343018977,-1045.8975274078,2.1747138867665e-19
"HighConfidence_Coop","Song.rep.final",0.22237234454835,0.187203201542277,-371.971195793444,1.49309407832686,0.19452545524054,0.0300638520830271,-371.226697932172,1.41868848035559,3,"Optimization has converged.",2,2,"0.0102555036815758","0.00801421837359365","0.0568192639607983",-1086.4343018977,-1045.8975274078,2.1747138867665e-19
"HighConfidence_Coop","Song.rep.final",0.0472679548649577,0.187203201542277,-371.971195793444,1.49309407832686,0.194425733640463,0.0316471297576834,-370.003283374731,1.2761673696675,3,"Optimization has converged.",3,2,"0.0102555036815758","0.00801421837359365","0.0568192639607983",-1086.4343018977,-1045.8975274078,2.1747138867665e-19
"HighConfidence_Coop","Song.rep.final",0.203930398150865,0.187203201542277,-371.971195793444,1.49309407832686,0.190728124665891,0.0693722920000559,-371.164195659522,1.45994873255436,3,"Optimization has converged.",4,2,"0.0102555036815758","0.00801421837359365","0.0568192639607983",-1086.4343018977,-1045.8975274078,2.1747138867665e-19
"HighConfidence_Coop","Song.rep.final",0.0043547521662584,0.187203201542277,-371.971195793444,1.49309407832686,0.194546001545565,0.0010559674949036,-367.9063784736,2.53998032940871,3,"Optimization has converged.",5,2,"0.0102555036815758","0.00801421837359365","0.0568192639607983",-1086.4343018977,-1045.8975274078,2.1747138867665e-19
"HighConfidence_Coop","Song.rep.final",0.0274853151472702,0.146702163313477,-378.646552398801,1.59867054495296,0.15020896216208,1.46702163313361e-05,-376.216520355844,1.48260381547857,3,"Optimization has converged.",1,3,"0.00775274180873582","0.00656426020461763","0.0436083604004836",-1113.35705581993,-1084.00000253243,1.82329567692137e-14
"HighConfidence_Coop","Song.rep.final",0.198131874394068,0.146702163313477,-378.646552398801,1.59867054495296,0.149258323322228,1.46702163313477e-05,-377.818506668667,1.24014415735852,3,"Optimization has converged.",2,3,"0.00775274180873582","0.00656426020461763","0.0436083604004836",-1113.35705581993,-1084.00000253243,1.82329567692137e-14
"HighConfidence_Coop","Song.rep.final",0.902481678096264,0.146702163313477,-378.646552398801,1.59867054495296,0.147066582640214,0.134054162400566,-378.63904596809,1.59857661093588,3,"Optimization has converged.",3,3,"0.00775274180873582","0.00656426020461763","0.0436083604004836",-1113.35705581993,-1084.00000253243,1.82329567692137e-14
"HighConfidence_Coop","Song.rep.final",0.0442012829579077,0.146702163313477,-378.646552398801,1.59867054495296,0.151026229263361,0.0130668970114337,-376.622124275527,0.990814171307649,3,"Optimization has converged.",4,3,"0.00775274180873582","0.00656426020461763","0.0436083604004836",-1113.35705581993,-1084.00000253243,1.82329567692137e-14
"HighConfidence_Coop","Song.rep.final",0.00313451315094169,0.146702163313477,-378.646552398801,1.59867054495296,0.154051163471854,1.46702163313477e-05,-374.282817903197,0.00122388624206593,3,"Optimization has converged.",5,3,"0.00775274180873582","0.00656426020461763","0.0436083604004836",-1113.35705581993,-1084.00000253243,1.82329567692137e-14
