"DiscreteTrait","ContinuousTrait","Pval","ERRate","ERloglik","ERace","ARDRate0","ARDRate1","ARDloglik","ARDace","k2","convergence","simmapnumber","phylanovaP"
"HighConfidence_Coop","Song.rep.final",0.0325431955272991,0.204811461806228,-405.511946985313,1.61577211944087,0.20952850122198,0.0403413478025942,-403.227121509495,1.70700624530035,3,"Optimization has converged.",1,1
"HighConfidence_Coop","Song.rep.final",0.0541978983672779,0.204811461806228,-405.511946985313,1.61577211944087,0.207068335718556,2.0481146180612e-05,-403.658650260056,1.6361288641161,3,"Optimization has converged.",2,1
"HighConfidence_Coop","Song.rep.final",0.0352983536722709,0.204811461806228,-405.511946985313,1.61577211944087,0.209525339673574,0.0325681395197884,-403.296604846305,1.51093996971126,3,"Optimization has converged.",3,1
"HighConfidence_Coop","Song.rep.final",0.0435409947517683,0.204811461806228,-405.511946985313,1.61577211944087,0.209317488449922,2.0481146180612e-05,-403.474810404474,1.61576445597205,3,"Optimization has converged.",4,1
"HighConfidence_Coop","Song.rep.final",0.0967969604167209,0.204811461806228,-405.511946985313,1.61577211944087,0.208925070187043,0.0033316177003083,-404.133176844546,1.55474696617905,3,"Optimization has converged.",5,1
"HighConfidence_Coop","Song.rep.final",0.0186052790357579,0.204811461806228,-405.511946985313,1.61577211944087,0.207842181778264,2.0481146180612e-05,-402.742826699153,1.6157885754078,3,"Optimization has converged.",6,1
"HighConfidence_Coop","Song.rep.final",0.0781437099713852,0.204811461806228,-405.511946985313,1.61577211944087,0.20901299486131,0.0172748406703699,-403.960400613988,1.31738122626,3,"Optimization has converged.",7,1
"HighConfidence_Coop","Song.rep.final",0.00198919695153297,0.204811461806228,-405.511946985313,1.61577211944087,0.204291899445126,0.00102537623152261,-400.732208122526,0.104071495048378,3,"Optimization has converged.",8,1
"HighConfidence_Coop","Song.rep.final",0.0490534478589003,0.204811461806228,-405.511946985313,1.61577211944087,0.20887009788491,0.0458845260526534,-403.575185399115,1.35434070010817,3,"Optimization has converged.",9,1
"HighConfidence_Coop","Song.rep.final",0.120938963699753,0.204811461806228,-405.511946985313,1.61577211944087,0.207853813479355,2.0481146180612e-05,-404.309387720169,1.61556079606442,3,"Optimization has converged.",10,1
"HighConfidence_Coop","Song.rep.final",0.406663411279386,0.187203201542277,-371.971195793444,1.49309407832686,0.191285364450054,0.119316279774382,-371.626928707757,1.46008089045192,3,"Optimization has converged.",1,2
"HighConfidence_Coop","Song.rep.final",8.81407192719204e-05,0.187203201542277,-371.971195793444,1.49309407832686,0.201887539090281,0.0214919318409038,-364.283630110833,1.42522901954151,3,"Optimization has converged.",2,2
"HighConfidence_Coop","Song.rep.final",0.0931995040210586,0.187203201542277,-371.971195793444,1.49309407832686,0.190820047572113,0.00629360988399266,-370.56208405259,1.2694197719034,3,"Optimization has converged.",3,2
"HighConfidence_Coop","Song.rep.final",0.000102252093873103,0.187203201542277,-371.971195793444,1.49309407832686,0.202857094163039,0.00599934161805176,-364.423865468993,1.89867677920287,3,"Optimization has converged.",4,2
"HighConfidence_Coop","Song.rep.final",0.0604900228077146,0.187203201542277,-371.971195793444,1.49309407832686,0.192575490602874,0.0537434579840348,-370.209246765519,1.40234412627026,3,"Optimization has converged.",5,2
"HighConfidence_Coop","Song.rep.final",0.294103948328764,0.187203201542277,-371.971195793444,1.49309407832686,0.191037036973255,0.0975343054357361,-371.420826216909,1.49297539116627,3,"Optimization has converged.",6,2
"HighConfidence_Coop","Song.rep.final",0.700099000473883,0.187203201542277,-371.971195793444,1.49309407832686,0.188513898012384,0.116220651316611,-371.897011346619,1.40229385984872,3,"Optimization has converged.",7,2
"HighConfidence_Coop","Song.rep.final",0.14861978517377,0.187203201542277,-371.971195793444,1.49309407832686,0.190128749892226,1.87203201542277e-05,-370.92801566053,1.60885426476947,3,"Optimization has converged.",8,2
"HighConfidence_Coop","Song.rep.final",0.171953662212443,0.187203201542277,-371.971195793444,1.49309407832686,0.193315343647203,0.0785927847196659,-371.038281760895,1.57113355372276,3,"Optimization has converged.",9,2
"HighConfidence_Coop","Song.rep.final",0.000253099384130201,0.187203201542277,-371.971195793444,1.49309407832686,0.194713536542118,0.0183342028755311,-365.276677589143,1.49324824277028,3,"Optimization has converged.",10,2
