"","Seed","Version","Model","Method","MLtries","Tree.No","Lh","q12","q13","q21","q24","q31","q34","q42","q43","Root...P.0.0.","Root...P.0.1.","Root...P.1.0.","Root...P.1.1."
"1",101,"V4","Independent","ML",50,1,-1009.933249,0.067914,5.791033,0.038738,5.791033,38.840936,0.067914,38.840936,0.038738,0.240631,0.259369,0.240631,0.259369
"2",102,"V4","Independent","ML",50,1,-1009.932769,0.06791,3.606448,0.038736,3.606448,24.191098,0.06791,24.191098,0.038736,0.240628,0.259372,0.240628,0.259372
"3",103,"V4","Independent","ML",50,1,-1009.932906,0.067916,3.804059,0.038739,3.804059,25.520506,0.067916,25.520506,0.038739,0.240632,0.259368,0.240632,0.259368
"4",104,"V4","Independent","ML",50,1,-1009.933145,0.067912,4.503092,0.038737,4.503092,30.202419,0.067912,30.202419,0.038737,0.240629,0.259371,0.240629,0.259371
"5",105,"V4","Independent","ML",50,1,-1009.931747,0.067913,2.912654,0.038737,2.912654,19.53558,0.067913,19.53558,0.038737,0.24063,0.25937,0.24063,0.25937
"6",101,"V4","Dependent","ML",50,1,-1002.70571,0.073906,0.482663,0.046054,17.785497,5.482015,0,94.519169,0,0.240725,0.259389,0.240489,0.259397
"7",102,"V4","Dependent","ML",50,1,-1000.256101,0.061637,0.019676,0.045631,0.341112,0.04201,0.11261,1.954446,0.005497,0.241489,0.253169,0.251931,0.25341
"8",103,"V4","Dependent","ML",50,1,-1001.371454,0.013417,0.110524,0.036899,17.488505,0.618583,0.777361,93.104479,0.035899,0.247091,0.251659,0.24959,0.25166
"9",104,"V4","Dependent","ML",50,1,-1002.803775,0.049386,7.786495,0.046022,12.79939,88.581495,0.279628,68.180507,0,0.240648,0.259325,0.240692,0.259335
"10",105,"V4","Dependent","ML",50,1,-1002.721802,0.073933,5.254867,0.046038,5.146713,59.919839,0,27.34337,0,0.240675,0.259322,0.240654,0.259349
"11",105,"V4","Dependent","ML",50,1,-1002.721802,0.073933,5.254867,0.046038,5.146713,59.919839,0,27.34337,0,0.240675,0.259322,0.240654,0.259349
