"TreeNum","Pval_median","ERRate_median","ERloglik_median","ERace_median","ARDRate0_median","ARDRate1_median","ARDloglik_median","ARDace_median","ERsimmapQ_median","ARDsimmapQ0to1_median","ARDsimmapQ1to0_median","ERsimmapQ.LogLik_median","ARDsimmapQ.LogLik_median","ARDvERsimmapQ.LRtestPval_median","TreeCheck_median","numSimsARDRate1.GreaterThan.ARDRate0","numSimsSignificantPvalBrownie","FractionSims.ARDRate0.GreaterThan.ARDRate1","FractionSims.SignificantPvalBrownie"
1,0.0123231477754547,0.204811461806228,-405.511946985313,1.61577211944087,0.210293631207172,2.04811461806228e-05,-402.379492835341,1.5873457267091,0.00783977987803139,0.00661410758582943,0.03897972430905,-1105.10946168288,-1076.40673422752,3.546223902983e-14,NA,0,17,1,0.85
2,0.0452375726295015,0.187203201542277,-371.971195793444,1.49309407832686,0.192940461935458,0.0287397982547335,-369.965420262864,1.47183453874137,0.0102555036815758,0.00801421837359365,0.0568192639607983,-1086.4343018977,-1045.8975274078,2.1747138867665e-19,NA,0,11,1,0.55
3,0.0467508897718202,0.146702163313477,-378.646552398801,1.59867054495296,0.150623278155899,0.0069919226231268,-376.668065386183,1.47656512057894,0.00775274180873582,0.00656426020461763,0.0436083604004836,-1113.35705581993,-1084.00000253243,1.82329567692137e-14,NA,0,11,1,0.55
4,0.0607430290926608,0.153552885972394,-373.199029209105,1.45496783704449,0.157644212646514,0.023939459340074,-371.438978990294,1.37922274214053,0.00824923229482017,0.00693213599296961,0.0434278425693095,-1094.01914570246,-1066.29790814988,9.62343877646879e-14,NA,0,8,1,0.4
5,0.0595829556988525,0.195728052862598,-383.981125321017,1.49823006464564,0.200036906891916,0.0118549685966813,-382.199478300819,1.46167412434177,0.0091619447988803,0.00723790259259629,0.05116622666347,-1085.75842165611,-1046.66459602796,9.37024683421244e-19,NA,0,9,1,0.45
6,0.102433446728044,0.149367897290836,-376.364646360947,1.50454644534397,0.152865410414068,0.0163437787945654,-375.022495888034,1.48890366716737,0.00748251034362395,0.00618367050426892,0.0422647801864534,-1102.81638076236,-1071.62255511811,2.82086482211005e-15,NA,0,7,1,0.35
7,0.059371390280474,0.159173959957117,-375.877242002247,1.44521021755175,0.163776762188413,0.0181515612144834,-374.099415322924,1.38220529414716,0.00772902209328971,0.00648815927225618,0.0410838608471349,-1086.22749990155,-1061.87042215346,2.96121398459432e-12,NA,0,7,1,0.35
8,0.0167044339788956,0.353265109980803,-445.625652079953,1.47016091516327,0.359103982288478,3.53265109980799e-05,-442.749587246458,1.45008063669575,0.00898425628240388,0.00731624987444054,0.0458819079703855,-1082.81075425518,-1050.13916256955,6.29272143200626e-16,NA,0,17,1,0.85
9,0.0329765569457421,0.153813915223343,-377.790839532747,1.47688901736006,0.157738377887968,0.00807182457068794,-375.509377521485,1.42665955537695,0.00784032362005765,0.00656279013701332,0.043070219765647,-1105.96956539805,-1071.92417959264,1.56139707411794e-16,NA,0,11,1,0.55
10,0.0335044578620527,0.159673033246611,-376.009467739877,1.53729798541364,0.164971591958957,0.000670384007246963,-373.745812214858,1.49411500163097,0.00800516924345938,0.00649717439938955,0.041819147233375,-1075.60044222151,-1042.84945648102,5.80558606624348e-16,NA,0,11,1,0.55
11,0.0169668308310919,0.163300649757923,-380.942246708454,1.43651017854998,0.168101644734833,0.00999024534368275,-378.092317759208,1.32493494785757,0.00840029874765677,0.0070231129954444,0.0445044314375841,-1084.062998681,-1049.88031989596,1.35843161429253e-16,NA,0,15,1,0.75
12,0.036137920456832,0.178437650048129,-382.109737094055,1.59904647556299,0.182116195247855,0.000528733301630386,-379.89928217315,1.48146152014847,0.00886829422406266,0.00712894904071664,0.0466391475650459,-1079.10540123915,-1050.33525013588,3.31124491991955e-14,NA,0,11,1,0.55
13,0.0927088411371216,0.164307104984859,-371.450286829421,1.4587432222822,0.167999156490211,0.0283626409835295,-370.035745737316,1.44211865590107,0.00882257832743653,0.00741110161473341,0.0453006468107831,-1102.73956663916,-1074.11582014479,3.84278632752829e-14,NA,1,8,0.95,0.4
14,0.0346530206481086,0.180845503522548,-374.709241424805,1.45751854897928,0.184717429246551,0.00351199786930948,-372.477503240745,1.43679474121788,0.00880130780866366,0.00750756927280504,0.0448424402279282,-1074.89113505529,-1044.24989720114,4.94461891706368e-15,NA,0,14,1,0.7
15,0.0709437700661325,0.172636523112857,-371.494532325959,1.55228764911769,0.175837603395422,1.72636523112857e-05,-369.861506024548,1.48758709183983,0.00925542460982273,0.00737167449048523,0.05026319740341,-1052.34084067476,-1014.09932719781,2.22113814019013e-18,NA,1,5,0.95,0.25
16,0.0216565776817449,0.2666685204675,-430.789769265752,1.5496399073629,0.272240005313861,2.666685204675e-05,-428.141289333975,1.52272601052398,0.00833040874948541,0.00673365823938551,0.0449468113820243,-1102.9663716914,-1069.63752610414,3.22993578871e-16,NA,0,14,1,0.7
17,0.0293284585018892,0.242561721295893,-408.022822532907,1.47959021014059,0.247418868825992,2.42561721295893e-05,-405.647452724649,1.45301341942253,0.00846311770561392,0.00728422046445075,0.0431850471631631,-1109.78708027337,-1079.83806757924,9.99016309672622e-15,NA,0,13,1,0.65
18,0.0207294012801482,0.207032425095729,-393.586483226737,1.45787428337095,0.21225704837075,0.0178578190787701,-390.90290273544,1.45826271689584,0.00921757949149298,0.00766135379189413,0.049770535352136,-1083.77329674526,-1053.6177056227,8.09860126472522e-15,NA,0,13,1,0.65
19,0.0367762657834627,0.182698494471532,-381.066692704924,1.46162513161816,0.187510656184057,0.0036085142382396,-378.886006181576,1.39156641336788,0.00797697637511469,0.00679978199739751,0.0420242980191321,-1058.19737136893,-1028.25866884309,1.00953803126988e-14,NA,1,12,0.95,0.6
20,0.0638171930721382,0.190664687517379,-374.644785854855,1.49146370096586,0.19549770023061,0.000550887763317304,-372.924107107321,1.44149437282463,0.00961138612348403,0.00829822387596678,0.0477903901938729,-1096.37679266096,-1070.65944763677,7.40189736979809e-13,NA,0,7,1,0.35
21,0.0287490863089825,0.191466047244101,-381.63916807071,1.50474355672491,0.196253073269793,0.00054670784940624,-379.245297843606,1.39743105005435,0.00941938263935075,0.00790130498477696,0.0495744932974074,-1088.21349029114,-1057.52704507779,4.72268587509824e-15,NA,0,14,1,0.7
22,0.0831813213353648,0.203265117866292,-390.314007333668,1.50874237904279,0.207546023729467,0.0314305483091914,-388.810808142546,1.41661770256241,0.0086237136118274,0.00736962301399492,0.0420230686984464,-1104.67976690671,-1081.3220992716,8.20841448002257e-12,NA,1,9,0.95,0.45
23,0.0419505358428906,0.215136706561684,-382.63926787279,1.50442905464464,0.221274682589823,0.0104118662505566,-380.490699328121,1.50444649913317,0.00937529701604974,0.00830897720881157,0.0484702491317238,-1130.55665256581,-1101.41820957227,2.27703726350659e-14,NA,0,10,1,0.5
24,0.088652332560833,0.192024616490719,-374.591635568013,1.42488295114498,0.195819741151351,0.00195469765406405,-373.11034217388,1.39820765655251,0.00941349604131866,0.00817890270578102,0.0470803493501422,-1084.57214781487,-1058.09398134395,3.41046649275259e-13,NA,0,8,1,0.4
25,0.0318625441076862,0.180527756545341,-381.636117649848,1.57350253309874,0.185901900297958,0.00341506495425872,-379.333178894672,1.51358967488978,0.00837469414802452,0.00699336739970321,0.0430521136651677,-1076.49298748469,-1051.02664779587,9.55887987988108e-13,NA,0,11,1,0.55
26,0.0968833597335619,0.141389937195821,-375.097980998035,1.52981093899326,0.144914838275813,0.0178230367993333,-373.715491621766,1.52963631968993,0.00749016715370956,0.00620266326862836,0.0395640261909386,-1090.59212785013,-1056.38750810412,1.32853625607692e-16,NA,1,6,0.95,0.3
27,0.00287667538728309,0.404914680867879,-480.797180339675,1.60965587435426,0.410221883389076,4.04914680867674e-05,-476.355128439375,1.60965627008579,0.00724192205445799,0.00569029034412865,0.04219995216104,-1073.55325085516,-1027.74491746779,1.05203197875819e-21,NA,0,20,1,1
28,0.0405966271535437,0.187061586215993,-380.845459496629,1.48355024281554,0.190770504140483,0.004410856795437,-378.749072193533,1.45211420172887,0.00909178996688374,0.00736042893115626,0.0470163999948403,-1080.0337885744,-1045.89471707243,1.41986090010268e-16,NA,1,12,0.95,0.6
29,0.0311892401721379,0.165426467230546,-369.483607311051,1.52117151392416,0.170290865019297,0.0198287627688825,-367.16150682569,1.39080797329096,0.00904450208330723,0.00728801575266254,0.0435447300476286,-1080.96180508764,-1049.96175489725,3.43439805670375e-15,NA,0,12,1,0.6
30,0.0217741117017084,0.212717401760808,-405.171377141503,1.49762429841157,0.216999699820645,2.12717401760808e-05,-402.53742632455,1.48105066151743,0.0086572318650693,0.00716084843730568,0.0460366806979589,-1102.87902826615,-1071.59740917806,2.58025073194945e-15,NA,1,14,0.95,0.7
31,0.0325391999414724,0.226176806838469,-403.16100752215,1.56143752102174,0.231270107501453,0.0227474347824626,-400.80054589472,1.56139836290505,0.00796558776445263,0.00631441583096153,0.0460426880118953,-1083.83312541496,-1043.48939415549,2.64394321456358e-19,NA,0,11,1,0.55
32,0.0496410680321887,0.188336760853111,-391.735412879172,1.57565015819894,0.191995128741315,1.88336760853111e-05,-389.808249710574,1.53285980197601,0.00774629900651769,0.00654813207376065,0.0404775020943316,-1109.0465991381,-1078.14360272537,3.79019056088387e-15,NA,0,10,1,0.5
33,0.0738631735755972,0.154959767884415,-374.638312797203,1.50941307414948,0.158361950833785,0.0217287962369166,-373.04074353098,1.50923689818117,0.00828876556144802,0.0067762038269473,0.0467212789788087,-1067.30933594689,-1039.93194562735,1.36546649007176e-13,NA,0,8,1,0.4
34,0.0674828200650615,0.149103905454113,-372.879178678828,1.55717305999572,0.152307344828078,0.00216632440515335,-371.207555290859,1.51590685104063,0.00786900484206443,0.00638363596216884,0.0433947593700868,-1063.03766419264,-1029.18663155274,1.90164241815029e-16,NA,1,9,0.95,0.45
35,0.041869774659102,0.179682995357865,-378.068411393656,1.4183307348258,0.183305292176973,7.82901994716212e-05,-375.998172551706,1.41829042616369,0.00825905107950648,0.0069442185920702,0.0445401609619011,-1080.77919093315,-1050.53960590749,7.43612119159891e-15,NA,0,13,1,0.65
36,0.0437163634232003,0.154901358037844,-377.803674432345,1.51098610763806,0.158643780316636,0.0120132594467915,-375.769929588677,1.45014319128318,0.00785689439188813,0.00666072969975181,0.0443376934021543,-1097.17004392916,-1071.59050777228,8.51761145809446e-13,NA,0,12,1,0.6
37,0.0313808256620932,0.143011048475383,-366.92423799641,1.54917335608101,0.146473966629145,0.00290287377860993,-364.607639498246,1.50844867384391,0.00752307588078376,0.00635918363121093,0.0371463044921291,-1070.52967596932,-1044.82110389513,7.46834815707569e-13,NA,0,13,1,0.65
38,0.0700759897776632,0.162164374102999,-371.933857569362,1.40902206779162,0.167126916424324,0.0255626144147262,-370.208111087069,1.36750478201537,0.00879526028572568,0.00723264156290501,0.044260270238622,-1106.97107890582,-1074.43308402463,7.20648040897435e-16,NA,0,10,1,0.5
39,0.0404130647284775,0.17474594963967,-386.409707308545,1.53266310970444,0.178783940770138,0.0141967607759304,-384.295220947267,1.47296148081548,0.00785079302318972,0.00638008341470679,0.0442326567843477,-1082.74170497867,-1043.94948356568,1.27167809380011e-18,NA,1,12,0.95,0.6
40,0.0620311543731751,0.154990572462647,-373.596793321772,1.50186962670425,0.159876380215733,0.0117605050164302,-371.855663113367,1.50160466823947,0.00754407700614505,0.00594112574419291,0.0401267472135753,-1080.37026826118,-1039.82079858218,2.14695165132358e-19,NA,0,8,1,0.4
41,0.0384642094187918,0.200572881527218,-385.304955422899,1.45438857740335,0.205945572084604,0.0261371583097528,-383.144520970105,1.45446705259358,0.00857962392763819,0.0068476321771264,0.0428391129648909,-1077.71002910179,-1044.10382739792,2.43775593866264e-16,NA,0,12,1,0.6
42,0.11656189777112,0.168745877509795,-372.473310296041,1.5317256734608,0.171957243699645,0.021173855015011,-371.22883829111,1.43302998028653,0.00834493769896812,0.00674924903483269,0.047083834957374,-1092.0756182824,-1060.83299009022,2.68446799452618e-15,NA,0,7,1,0.35
43,0.000968517779193703,0.363812916930319,-457.644642341198,1.55713521676506,0.371983526429991,3.63812916930319e-05,-452.201187836772,1.46907435235936,0.00807165951099187,0.00641833706781645,0.0418782189405299,-1055.20413238872,-1021.61630432686,2.4836205894504e-16,NA,0,18,1,0.9
44,0.0711422256491984,0.160070807602552,-372.94120709755,1.54475926127331,0.164287746178515,0.0102303759932418,-371.312916579514,1.48797347045079,0.00863229129088469,0.00701644600075991,0.0472724694900115,-1075.66367823534,-1040.2645970063,3.95705452392314e-17,NA,0,7,1,0.35
45,0.0760803257772558,0.142164033668669,-375.31901275861,1.43971313991626,0.145194184916017,0.00816728711964685,-373.741301297453,1.41642267041912,0.00753273999013664,0.00625927315163213,0.0406399028291634,-1084.61274805326,-1057.11227637198,1.20471988968728e-13,NA,0,8,1,0.4
46,0.179492350449439,0.187163701720312,-377.548963499062,1.54103993682125,0.191364871621813,0.0162137769452911,-376.637363157222,1.4806829223214,0.0096761291885028,0.00813547937496811,0.048520756432889,-1096.46271993493,-1071.66051276879,1.88090021968654e-12,NA,1,6,0.95,0.3
47,0.0849513988488012,0.173332516930253,-376.431822278604,1.54635489864327,0.177448549691718,0.0344402451969607,-374.947020458845,1.5007257405278,0.00903847657883979,0.00730559702452975,0.0531721781346985,-1093.18471535027,-1052.13637512376,1.29590076318208e-19,NA,0,8,1,0.4
48,0.063131328829048,0.155110538865937,-378.723221938221,1.52848814803984,0.158463253204776,0.0202516607760155,-376.989404168952,1.43597822583517,0.00793452338889237,0.00634955781302848,0.0414916120295048,-1062.39512576403,-1027.14511550833,4.60261693714523e-17,NA,0,9,1,0.45
49,0.0285623043671449,0.236324156286028,-415.691146471235,1.44460960348268,0.241597956655916,0.0156593618442269,-413.291569822379,1.44452975916345,0.00826782345580952,0.00670070102772172,0.0420184373895393,-1088.02835281341,-1060.19982564707,8.62827521096022e-14,NA,0,11,1,0.55
50,0.0542277085162935,0.149075073648073,-380.981931796345,1.51622373002057,0.151722715548161,0.00317103344606488,-379.128427689768,1.53342630879284,0.00774558412768192,0.00655837280266958,0.0420157052298553,-1110.0308288188,-1082.09883667232,7.76623417047691e-14,NA,0,9,1,0.45
51,0.0581902850925465,0.21218803001512,-379.114935304295,1.47337053592332,0.216357832987611,0.032875293746598,-377.30827013525,1.47354536273309,0.0101606485590668,0.00886566088504477,0.0507194275183956,-1090.07087259155,-1061.52933529127,4.17785767811411e-14,NA,1,10,0.95,0.5
52,0.0509899484846816,0.245787409447097,-410.342137555872,1.52736060449165,0.252441849228631,0.0131422844921696,-408.437072069829,1.50332977409456,0.00886928941096019,0.00711204046189681,0.0465415951006582,-1087.30686783527,-1051.60917115924,2.92353924662121e-17,NA,0,10,1,0.5
53,0.0604601190789392,0.167837232941489,-371.525898961075,1.45619300469675,0.171463438458506,0.00913940133740576,-369.763197333421,1.45609178946134,0.00873440550722218,0.00731651450993812,0.0459966250745239,-1106.42165093096,-1076.36104856933,8.91922519684288e-15,NA,0,8,1,0.4
54,0.028456105123885,0.223506177288822,-405.963198705192,1.49032916414631,0.228310267983503,0.000458065848765299,-403.513982076949,1.42357069579186,0.00858854016697351,0.00727409587019962,0.0424524012249991,-1054.58724707836,-1029.16379759376,9.9858919710008e-13,NA,0,12,1,0.6
55,0.0493559884043131,0.190437569472387,-393.71388018899,1.45324851437735,0.193751173551681,0.00776741728378503,-391.782278100755,1.45317565616888,0.00901192303515108,0.00763631106501779,0.0469022760379024,-1118.75058262852,-1088.00123961404,4.43038718349948e-15,NA,1,11,0.95,0.55
56,0.0576771519581585,0.172561974343332,-371.55555787038,1.54595924604884,0.177003326489658,0.0203519293017013,-369.746908764923,1.48407181267994,0.00921223125692724,0.00772340145624027,0.0481872043879393,-1071.33172550058,-1044.47806933766,2.32695572969058e-13,NA,1,9,0.95,0.45
57,0.0180976414421995,0.279841116527574,-422.970138470665,1.51211839596789,0.284572786233271,2.79841116527574e-05,-420.109986943042,1.51189845243623,0.00834662525886777,0.00689160957710479,0.0443968432807012,-1098.86885793743,-1068.682628519,7.85037188525808e-15,57,0,15,1,0.75
58,0.0816694044746499,0.177159871149483,-377.422099639796,1.44686464831094,0.181118243852208,0.026294012484844,-375.901384149549,1.43184667546744,0.00815123243268166,0.00672573045138446,0.0404813697824258,-1061.28153293563,-1028.84211386648,7.96478626619526e-16,NA,0,5,1,0.25
59,0.0445832560949135,0.199338910296747,-372.695516121276,1.4127054680208,0.204195250493488,1.99338910296747e-05,-370.655458307937,1.26889011761698,0.0093635994560596,0.00767318315307321,0.0510582957129941,-1077.82915693261,-1045.28069402865,7.13032220107627e-16,NA,0,10,1,0.5
60,0.0519529726719334,0.152985434769658,-373.587068211346,1.50092663572146,0.156330840077776,0.0212767098281367,-371.678614166801,1.41421555226729,0.00806927125277025,0.0069018971071885,0.035905351752874,-1072.90141364501,-1047.09296664181,6.74586067521006e-13,NA,0,10,1,0.5
61,0.020126104055197,0.301959179120208,-428.16855755721,1.55595335428884,0.30776953380547,3.01959179120208e-05,-425.468054666202,1.49354767968416,0.00867071577536254,0.00706582444108369,0.0438598259902559,-1067.80941077991,-1037.86432578586,1.00301160229161e-14,61,0,17,1,0.85
62,0.0199530893541578,0.241413773817512,-396.553425832198,1.48167250509018,0.247266247481678,0.0150948397246619,-393.835221524988,1.46372790759933,0.00933117331050286,0.00747047760126877,0.0503967309484882,-1079.75755051457,-1047.54080975205,9.9846942619841e-16,NA,0,14,1,0.7
63,0.0167447256434732,0.294689111638953,-438.609995772321,1.52755250993558,0.30142177826792,0.007460076290039,-435.73742381103,1.44074366042276,0.00839163008972352,0.00686051391736704,0.0475511050063451,-1086.14617033218,-1050.98178583451,5.02002298207497e-17,63,0,16,1,0.8
64,0.0498212044744221,0.167713176705524,-368.413249931951,1.52970892265557,0.172689269407208,0.0108386157769013,-366.473051301267,1.52963003405413,0.00855092315342425,0.00682781666498177,0.0428675640732148,-1071.19518446516,-1035.86705209334,4.25215275966629e-17,NA,0,10,1,0.5
65,0.0743755423109654,0.176836360479134,-370.806644436365,1.51803052315851,0.181543286431625,0.0318893236029373,-369.214675577503,1.51781685429094,0.00887144541338878,0.00710280590020898,0.0517280831849507,-1087.67064180977,-1053.51034203232,1.38961720927491e-16,NA,0,8,1,0.4
66,0.0399555927453438,0.166600356664248,-383.948688491261,1.54931209883495,0.170442223057299,0.017952676673801,-381.838243800475,1.54930450376083,0.00818341674392948,0.00671853452801234,0.0430073448946808,-1084.22298048459,-1057.36905697953,2.3263225354825e-13,NA,0,11,1,0.55
67,0.0923260407007626,0.151353498442194,-371.500725006447,1.54846852736935,0.154626085784126,0.00669956597381994,-370.083911454031,1.51380275100938,0.00759713239666155,0.00625401938136101,0.0380424891080318,-1066.0793871224,-1036.63566973466,1.66954985998955e-14,NA,1,7,0.95,0.35
68,0.0552525638929015,0.167818278161428,-374.510021766223,1.53852846832374,0.171973219420585,0.0135353139402213,-372.664125794267,1.47244575876397,0.00920913278362274,0.0074556216037787,0.0462191851051817,-1076.44555093288,-1046.96872425917,1.61429843910963e-14,NA,0,10,1,0.5
69,0.00343531909685296,0.460795363266792,-471.818986524328,1.56882204628321,0.470131265215167,4.60795363266792e-05,-467.498372688411,1.56877527621208,0.00890775731466663,0.00713495558627327,0.0472702558898708,-1059.83235343384,-1020.32170943311,6.14442613055561e-19,69,0,19,1,0.95
70,0.0417235194556081,0.186595513480587,-375.7686112751,1.53943161330037,0.190977135478465,0.0272114458727938,-373.694864917907,1.46871016449713,0.00935419760909826,0.00787263465400253,0.0493231059686649,-1101.22833596288,-1074.15269696592,1.85633103445183e-13,NA,0,11,1,0.55
71,0.161932425179022,0.15194884915515,-373.822846715189,1.48304840453805,0.155197572130865,0.0464909755167155,-372.825192738824,1.48306431842446,0.00873407244832942,0.00724585517061204,0.0518184959053387,-1110.03362314906,-1075.70567222244,1.17233331087573e-16,NA,0,5,1,0.25
72,0.0549402520468101,0.201817236469045,-377.971875351746,1.45842247837332,0.205911045237288,0.0200934687505452,-376.127276687151,1.45812261670723,0.00994706746336272,0.00807575089957551,0.0560932361076546,-1105.43878152797,-1064.44986487191,1.37621540643701e-19,NA,1,9,0.95,0.45
73,0.0161742593772563,0.174684633926715,-384.910295263092,1.60289284395145,0.180000407487287,0.0144079241813772,-381.992852598767,1.60272722010276,0.00799943818352648,0.00658208371831825,0.0445101545329122,-1081.94298064131,-1047.48475928813,1.02724782584881e-16,NA,0,14,1,0.7
74,0.0761172476144767,0.173839254755536,-374.622398061004,1.45498606056939,0.178287544202314,0.0130275492370043,-373.044626099443,1.45496803565837,0.00862821586740765,0.00728284859189773,0.0477624539194926,-1085.05492231206,-1057.61479535274,1.28101586067142e-13,NA,0,9,1,0.45
75,0.101184021545918,0.158755350706915,-374.269398375399,1.47147678283629,0.162051585708415,0.0227867738703397,-372.908963475609,1.44780263993761,0.0075401580220416,0.00601261024535358,0.0404884395672555,-1089.82118741389,-1048.74481981472,1.25966425182044e-19,NA,1,8,0.95,0.4
76,0.084614905749618,0.191411852494351,-385.412651033254,1.49088669204959,0.195019291962058,0.0327015129938222,-383.921898879953,1.49088008258832,0.00893866033719089,0.00701533370696057,0.0454257563291291,-1102.17900849638,-1064.24657386789,3.03756438010102e-18,NA,0,7,1,0.35
77,0.0493128137075089,0.201873275100811,-398.626611630295,1.44743697235586,0.206675504169616,0.0090277872007164,-396.67665868111,1.4472892316573,0.00909711625794724,0.00767175686357863,0.0516371726104099,-1121.91205472366,-1089.93742275802,1.27664999678442e-15,NA,1,10,0.95,0.5
78,0.0431727892714094,0.162128071783018,-378.147930953585,1.49629797157294,0.166061966896521,0.00243914603519217,-376.097909711323,1.496178154532,0.00770461859428368,0.00637469151546248,0.0377077247880413,-1093.45222556354,-1068.52674376793,1.65878898800152e-12,NA,0,11,1,0.55
79,0.042245455962278,0.173607089015781,-383.095896265967,1.56540883651317,0.178474561606274,0.0176798183804686,-381.032066920283,1.56533701467514,0.00826145152838604,0.00689462718976942,0.0433802224646807,-1112.08569565175,-1081.46609231827,5.0544896374173e-15,NA,0,11,1,0.55
80,0.0776024313241968,0.16599070167708,-378.513826911066,1.56133675493384,0.170026024343269,0.0258168611670295,-376.953403821124,1.56120697055644,0.00822812704568186,0.00675182324944072,0.0440361335352889,-1113.6278192542,-1080.72112293306,4.95702476186517e-16,NA,1,9,0.95,0.45
81,0.104690962999983,0.13802915547356,-370.830582741592,1.62505316458577,0.141280516073317,0.0226666885530864,-369.506363647994,1.61884079854374,0.00778533209915823,0.00659797271582178,0.0398013266542443,-1078.38862230299,-1052.88210172427,9.17543359447994e-13,NA,1,8,0.95,0.4
82,0.0471035508266212,0.161511194399647,-380.714859773779,1.39040225261818,0.165360330214825,0.0176168773599591,-378.740877049748,1.39017480069979,0.00836020648292066,0.00702773340372332,0.0481519088458097,-1100.11032318888,-1077.13086948512,1.2075960656978e-11,NA,0,10,1,0.5
83,0.0560405093213168,0.172055294027655,-378.444513250436,1.43710986824565,0.176919144655155,0.0115917782793826,-376.619086206794,1.36142986071457,0.00823360889688397,0.00702597146323691,0.0399071058243016,-1080.45471322753,-1056.09232185892,2.94521171598383e-12,NA,0,9,1,0.45
84,0.0500542092798354,0.162609886038059,-377.994995632616,1.38422195709888,0.167007834932924,0.00982895054245948,-376.074830820209,1.38416870810449,0.00846222016924894,0.00703598324747167,0.0472004275225997,-1093.89613855452,-1059.67173842997,1.30214932236987e-16,NA,0,10,1,0.5
85,0.0185677005253031,0.207958169857586,-392.318770594391,1.42931679998722,0.211666101312516,2.07958169857586e-05,-389.544916585555,1.42931562396,0.0077352191669377,0.00638475621384102,0.0377297619107963,-1083.76407121955,-1054.7587400574,2.60700909619361e-14,NA,0,15,1,0.75
86,0.0621225888851236,0.158213753338526,-371.615271551002,1.49808383727102,0.162006429167323,0.0152807867326107,-369.875325622206,1.44922025062969,0.00872975176051335,0.00752287310647487,0.0485056778998079,-1097.51940889093,-1069.20525068851,5.26482156306965e-14,NA,0,9,1,0.45
87,0.0677229427531297,0.18691920675241,-392.598593193741,1.50468382175791,0.191413498680766,0.0140575378188121,-390.922968156319,1.50448080544616,0.00847595281428206,0.00689062828726167,0.0449448838247355,-1061.29324244934,-1032.10196302881,2.1579562416269e-14,NA,0,9,1,0.45
88,0.0349286075172682,0.191738287531364,-389.523456695345,1.47699634979447,0.197642966329639,0.025134887472822,-387.29133857715,1.47699418355971,0.00874575122907949,0.00742300380077342,0.0488748499075469,-1097.50911261475,-1064.17935199862,3.22693859824998e-16,NA,0,12,1,0.6
89,0.0204101306617364,0.185448450366545,-385.610781757846,1.44146111121289,0.189492351780737,0.00556355662134516,-382.917251073681,1.44145585509376,0.00813376464127685,0.00680228118315653,0.0417591396463431,-1092.54529683527,-1069.77392750228,1.49344308318407e-11,NA,1,14,0.95,0.7
90,0.0552541736557482,0.203611289248874,-389.412123890321,1.53251471188863,0.207724659568394,0.022621683956736,-387.57261513244,1.53233844623752,0.00908219532392562,0.00724276660395754,0.0468681378803773,-1083.72741480348,-1046.08795178871,4.08698674587498e-18,NA,0,9,1,0.45
91,0.0730631248542724,0.160149778600433,-377.816378071728,1.39500200088338,0.163534583528359,0.0275601490720274,-376.209943987915,1.34731419035059,0.00794946727127722,0.00678038808072624,0.0404614820981025,-1121.11319575254,-1094.10390525905,1.98602582334192e-13,NA,0,7,1,0.35
92,0.0728854092852398,0.155074256871597,-382.762784395552,1.60589212080243,0.158748521795426,0.0169641781084705,-381.154104968228,1.60585542705104,0.00755328276554655,0.00641395347369303,0.0417195332519006,-1089.66561625656,-1057.40704285137,9.56959236387281e-16,NA,0,5,1,0.25
93,0.198884893478342,0.163877629688096,-372.39997993166,1.53895277020799,0.167314429955911,0.0349866913873634,-371.554710508346,1.50036704125502,0.00926112022235339,0.0078601412805144,0.0471760591994705,-1102.81294590255,-1077.40577335445,1.01528955108379e-12,NA,2,7,0.9,0.35
94,0.048227858315043,0.162140805966092,-374.569039679162,1.46934444150128,0.165945140940869,0.00832823743418156,-372.583388494324,1.45495836714542,0.00810941327440994,0.00657672209144165,0.0393813611638751,-1075.61714999722,-1042.58344557941,4.35761956359101e-16,NA,0,10,1,0.5
95,0.0669545728593024,0.193103707686374,-380.74221587391,1.45460889916208,0.197977805232587,0.0229301567621922,-379.064119484607,1.45482958234504,0.00928957422210572,0.00798135456473951,0.0490759562444466,-1103.51270110072,-1072.05646628875,2.16099760486915e-15,NA,0,8,1,0.4
96,0.0827658191717466,0.189949568680396,-373.353912161934,1.46559786459182,0.194976618752569,0.00531665631606047,-371.84904221191,1.46556634901907,0.00902687109415371,0.00698933354855264,0.0475471818969467,-1043.76641340061,-1005.50228531675,2.17084567859024e-18,NA,0,6,1,0.3
97,0.0400276727415299,0.185995102096534,-385.632132041854,1.48317673359436,0.19096248119474,0.0176438278016114,-383.511021480773,1.39792950245651,0.00866136345210537,0.00752448031464047,0.0476887083862303,-1096.47766156896,-1068.58828373086,8.11032480471632e-14,NA,0,12,1,0.6
98,0.0317741250054353,0.235255479934759,-387.005053673035,1.50079279088936,0.239799499595188,2.35255479934759e-05,-384.699730335948,1.41019313530889,0.0098519382343115,0.00835344498774937,0.0514230347743606,-1086.40776529739,-1059.53170441912,2.27448442853855e-13,NA,0,13,1,0.65
99,0.0660237490147911,0.204061588458898,-383.46362563181,1.44015017389489,0.208799104518918,0.0250200514704358,-381.757431062264,1.41750501657586,0.00885379243107098,0.00705060725438299,0.0442645293058732,-1079.12585694762,-1044.12508575006,5.92581052738663e-17,NA,0,9,1,0.45
100,0.0742285170705559,0.154463903321746,-374.21058012042,1.59225082493755,0.157544254662876,0.0246149049056728,-372.614382023276,1.59219867751706,0.00807279327151216,0.00646616923777382,0.0440049503555637,-1117.1713915451,-1074.46453568667,2.42036410872812e-20,NA,0,9,1,0.45
200,0.0374656276541773,0.169172655882307,-374.448064820423,1.47713522473423,0.172209259375579,0.00887157862396317,-372.2674300266,1.43291913754132,0.00836532162446205,0.00675926633419516,0.0437678088289438,-1090.31458146197,-1052.05216615547,2.17461451445498e-18,NA,0,11,1,0.55
201,0.0715432195673355,0.162349672437403,-371.961336696305,1.46417739766619,0.165622707924203,0.022681781569501,-370.335485157042,1.39484839435486,0.00824636403622267,0.00672108169430361,0.042844878175992,-1056.65800454576,-1030.87195393516,6.90153718023567e-13,NA,0,8,1,0.4
202,0.0534438651559423,0.196350339566111,-387.971098623434,1.50310873791233,0.199580368794903,0.00091010932122576,-386.105892404387,1.50309388180409,0.00879932497690973,0.00717268375683876,0.0461688169239013,-1068.20975387871,-1032.9883584214,4.7380947616314e-17,NA,0,9,1,0.45
203,0.0508467829156741,0.200950483523535,-373.046646578458,1.49081255265705,0.20539523169302,0.0182764380325059,-371.139271633419,1.45416937955001,0.00936139010527681,0.00774504908939481,0.0487895060428895,-1067.78650190243,-1038.65981404284,2.30441222146891e-14,NA,1,10,0.95,0.5
204,0.0564523888249428,0.16903055715813,-377.739876389384,1.47796780371448,0.173306868788962,0.0348288997863509,-375.920216741264,1.45629136461851,0.00895237018949001,0.00763093460746487,0.0487837143649305,-1103.67370514427,-1077.38922518004,4.1540301013435e-13,NA,2,9,0.9,0.45
205,0.0636348027985337,0.176610175326129,-380.262439409217,1.45800829331109,0.180487858999063,0.00186282318626397,-378.541477597733,1.43902763224757,0.00904848676165632,0.00734429635131798,0.04546339385662,-1073.70399789707,-1043.44974923739,7.32615452425699e-15,NA,1,8,0.95,0.4
206,0.0371554970640343,0.201135403005189,-376.578327684816,1.42276105519582,0.206576614986197,0.0151375829863163,-374.391305903612,1.42264993706408,0.00969177590838209,0.0079453327148866,0.048552716944429,-1102.62969712762,-1067.15259015066,3.6561197031686e-17,NA,0,13,1,0.65
207,0.0563080450889202,0.172376496780922,-378.231571405901,1.55217384807506,0.176877289298245,0.0194708991321224,-376.407623259396,1.53674998363148,0.00884634595818575,0.00731058195309281,0.0474285931509522,-1102.23336467883,-1063.83932512371,1.90322958662058e-18,NA,0,9,1,0.45
208,0.0370388546698683,0.168588299182185,-368.632895667909,1.56465679411235,0.173397723084628,0.0306187520795135,-366.453928209929,1.56453358584524,0.00864235517702766,0.00683944348250103,0.0442237372004154,-1084.02104650154,-1048.83718239565,4.92185437911023e-17,NA,0,11,1,0.55
209,0.0491147031614085,0.15233660086242,-373.639248616983,1.55834362254789,0.156045841040469,0.0168437893973851,-371.703494397135,1.53969015150911,0.00801675955226506,0.00638814238778315,0.0460841835096066,-1108.46240069463,-1064.67575506537,8.12139482438446e-21,NA,0,11,1,0.55
210,0.113240745695989,0.1583958233588,-376.258620555553,1.58836621653729,0.162002221491415,0.0017897891599432,-375.003504121485,1.55422929923895,0.00788092404989974,0.0067463672221776,0.039803196682504,-1081.95666802726,-1055.90499692722,5.26552311483331e-13,NA,0,8,1,0.4
211,0.0457279973857647,0.212253071610242,-396.289350669001,1.5454217601937,0.216610489033116,0.00426300871492803,-394.291156743237,1.46878447058411,0.00813793987107007,0.00665942403773737,0.04485266227492,-1124.59071976855,-1088.40206199772,1.77745413155895e-17,NA,0,11,1,0.55
212,0.0921631080658566,0.137041964665523,-375.592157110094,1.48719385876009,0.14016648460615,0.0277948489957974,-374.171488627279,1.4138990018675,0.00756470118319831,0.00636717481637041,0.0411921002091764,-1096.83658097242,-1065.3307468825,2.05485680954399e-15,NA,0,7,1,0.35
213,0.0173069253961795,0.200421938229055,-391.811938742597,1.54216645211504,0.20523297358396,0.0229081841168345,-388.9409908383,1.51156722830287,0.00809936912182899,0.00679187545137601,0.042990739498515,-1095.8787468687,-1062.04690798631,1.93902925598455e-16,NA,0,15,1,0.75
214,0.0389034420162882,0.153122240348106,-367.052835856736,1.57617528004773,0.157105219427215,0.0263706398799025,-364.920101340958,1.57612477707582,0.00801088253586745,0.00671507731190551,0.0421226772074262,-1091.67780450042,-1064.75099287224,2.15996402720286e-13,NA,1,12,0.95,0.6
215,0.21359977481992,0.161338277507455,-373.295818645042,1.5309764185314,0.164420937338094,0.0446478370541366,-372.519915819125,1.51134010692566,0.00824284176129256,0.00704205198563285,0.0439064387169971,-1085.27831629942,-1058.43986312142,2.36324887702873e-13,NA,2,4,0.9,0.2
216,0.0794482070943377,0.17058542483648,-382.710603612835,1.43727219236293,0.174597106137467,0.0179288256400001,-381.17224529277,1.4206577436851,0.00814368967971294,0.00659071472031026,0.0461883115793299,-1091.16152842898,-1051.39156614892,4.72578608183124e-19,NA,0,7,1,0.35
217,0.0583553704347934,0.145489872753745,-374.56820381194,1.47190361903106,0.150187667149388,0.0213756845721906,-372.771498784399,1.47195557956963,0.00769822066365676,0.0063217780104935,0.0420889268656064,-1087.45080370971,-1059.32605355814,6.38340544851029e-14,NA,0,9,1,0.45
218,0.00402880074228619,0.385726076926156,-457.544821317368,1.52424450736393,0.391843278057889,3.85726076926156e-05,-453.404574536685,1.47369658665811,0.00886566098509277,0.00705382402780941,0.0484305653035087,-1080.26113928583,-1039.94646490824,2.72285278388307e-19,NA,0,19,1,0.95
219,0.0513440365889612,0.150884786980053,-370.995799234891,1.49216270620576,0.154691985688513,0.0238506907765609,-369.071254286809,1.39648660926361,0.00792510758869879,0.00647052457882561,0.0452495358936019,-1059.38786080619,-1023.77780542656,3.19514679008569e-17,NA,0,10,1,0.5
220,0.0485815868106564,0.189921270038235,-382.311399262207,1.40106025322636,0.193628292000587,0.00114673180073273,-380.36643250015,1.40089735764945,0.00961261739770596,0.00815005549030662,0.0480648905893553,-1061.27812073773,-1029.80509229514,2.12445935738879e-15,NA,0,11,1,0.55
221,0.0280165642027751,0.231783476592557,-410.442045031201,1.46138784768145,0.238301195419392,0.0281722947973128,-407.999695783849,1.39028897408939,0.00878913660708972,0.00733662952896811,0.0468940197624674,-1097.98670632011,-1068.84967835488,2.28031523065589e-14,NA,0,12,1,0.6
222,0.033367509188966,0.163105765414002,-379.566498783154,1.62757263703061,0.167010332858205,0.0208673865757679,-377.295897438349,1.55608480751516,0.00775386299401851,0.00638591068430284,0.0388757705703236,-1083.25507665218,-1061.16296093351,2.98879208019367e-11,NA,0,12,1,0.6
223,0.111942337871948,0.165477905141168,-376.990762158382,1.46684165222286,0.16977525289539,0.0393253939205022,-375.726687000698,1.41266967974478,0.00865332271102132,0.00700048077798724,0.0462195391153685,-1084.62508418727,-1046.61251189349,2.80075563194408e-18,NA,0,6,1,0.3
224,0.0906837020030591,0.166051391442662,-372.980678002585,1.39991224727672,0.1704721296625,0.0189496308943679,-371.536622476141,1.40014610467331,0.00917578692973714,0.00747571558059329,0.0469662891640984,-1059.31748463959,-1030.62485699615,3.58283172424491e-14,NA,0,9,1,0.45
225,0.0893893267309079,0.168948489421472,-374.627882043633,1.49915394861417,0.173245979873979,0.0204725893600158,-373.176998198498,1.40145133015075,0.00881041917287683,0.00724082137127355,0.0472568081073321,-1080.4781265568,-1047.96047112306,7.356790953407e-16,NA,1,6,0.95,0.3
226,0.0524723928158679,0.164850490575021,-369.720851005911,1.50047996177831,0.168361608067669,1.64850490575021e-05,-367.839019156532,1.47363667442038,0.00842164270933013,0.00746952948871979,0.0427646303143375,-1101.61176524593,-1079.18697943513,2.12767413592768e-11,NA,0,10,1,0.5
227,0.0239318552177437,0.222542722663815,-388.394776545679,1.47418096657385,0.228003304557733,0.0069244087793529,-385.784350193069,1.40135251985441,0.00900887221980877,0.00743125573831021,0.0466762927894731,-1095.36496240903,-1066.58191110533,3.26809442507799e-14,NA,0,13,1,0.65
228,0.049714402688616,0.190183999005669,-376.633488693009,1.38327463788044,0.194037607519475,0.0278599857522113,-374.705999730936,1.33929201253486,0.00854547665389146,0.00700673560267246,0.0426989226030736,-1059.39154191962,-1026.20797412359,3.74290874818257e-16,NA,0,10,1,0.5
229,0.0527508035063435,0.156653776286736,-369.129321948111,1.49102972874134,0.160146067979361,0.0183106584225076,-367.249395143435,1.36350652137713,0.00957182969171965,0.00749314822362515,0.0573262241043729,-1110.56907235102,-1062.82599403275,1.48929076554911e-22,NA,0,10,1,0.5
230,0.0781289549856457,0.183094836684806,-379.677696034139,1.52294499047137,0.187464397438482,0.0312714633799551,-378.118673400782,1.46899359984188,0.0089178952718718,0.0073266321871155,0.045334464862859,-1081.20752021951,-1046.71149562639,9.88611933744541e-17,NA,0,6,1,0.3
231,0.0791546639806733,0.151467337929939,-374.254735070508,1.55310004688139,0.154527940829862,0.0162863593324054,-372.713607588701,1.4982752621948,0.00761408063267979,0.00636572645068517,0.0383529393757876,-1093.80192649057,-1071.86219350464,3.49233643932719e-11,NA,0,6,1,0.3
232,0.055422537294634,0.167762997886033,-372.84530950489,1.4811307741055,0.172451653389236,0.0125112954196667,-371.010327935523,1.48107482421567,0.00873807320716773,0.00694906556317422,0.0465427018514813,-1074.98144261339,-1040.82044807945,1.38863836392243e-16,NA,0,9,1,0.45
233,0.0723577187515494,0.173855625496602,-379.051672847293,1.49920888051156,0.177700318878964,0.0264700030758128,-377.437125039972,1.49134845033427,0.00887401241909301,0.00717833531877123,0.0460591169580785,-1085.60455116217,-1045.69881748659,4.11895207288116e-19,NA,1,8,0.95,0.4
234,0.0235560287073898,0.177905057959002,-375.038088489835,1.4953060872004,0.181266647239238,0.0162743751645647,-372.474459339063,1.39330877131158,0.00845384479876262,0.00707805080861916,0.0422542412835534,-1095.23665919691,-1074.32635213631,1.00043085185275e-10,NA,0,13,1,0.65
235,0.134427007169028,0.151443455505569,-373.110016410992,1.54050188173945,0.155438137767802,0.02989760453659,-371.989584883335,1.51835653465446,0.00880562086148974,0.00729394559815428,0.0494184501747182,-1110.06915453734,-1074.52370594445,3.41140384499115e-17,NA,1,8,0.95,0.4
236,0.0291947069097607,0.167788873866694,-373.526856609982,1.45838733655928,0.171670097778888,1.67788873866643e-05,-371.148548503024,1.44669565488085,0.00796794423428107,0.0064265127982518,0.0412186586323944,-1094.97444143723,-1060.11119241443,6.81247428040815e-17,NA,0,14,1,0.7
237,0.0494997465914307,0.158910134846059,-376.844010185521,1.51299487210768,0.16258801888475,0.0255623097410265,-374.909938403162,1.46101040442421,0.00814341672446187,0.00664014186002341,0.0419205066130171,-1068.78203271714,-1043.46540405158,1.11342234354816e-12,NA,0,10,1,0.5
238,0.0317892179867683,0.185349769101565,-382.780022177892,1.43489097598592,0.189524992237972,0.00126295715902298,-380.446509354222,1.3717372144184,0.00869684819366119,0.00706776082730741,0.0477737209451577,-1099.51661295987,-1060.57666782824,1.09500534062373e-18,NA,0,12,1,0.6
239,0.0413827584793037,0.192883060394292,-389.855124479625,1.4827790768835,0.197582119205183,0.00568952004141069,-387.759065570695,1.4432911499513,0.0084696323927087,0.00690200294751841,0.0446209206352245,-1100.10340953584,-1066.27692562244,1.94959059101534e-16,NA,0,11,1,0.55
240,0.0668061574191629,0.176809036958716,-381.971956794305,1.5415013862786,0.181014432095077,0.0288290879139418,-380.285176740329,1.50557943205252,0.00812564333493744,0.00696577588943368,0.0406194675602809,-1090.51157817211,-1069.50384709378,9.05545423735555e-11,NA,0,8,1,0.4
241,0.0472627239707085,0.161907579468213,-369.193997528244,1.46001133558782,0.165618042892758,0.0226712670871748,-367.225872295419,1.45164915157966,0.00865977724336016,0.00735965278860321,0.0430791267251239,-1073.93484897882,-1047.24742692826,2.75603582754833e-13,NA,0,12,1,0.6
242,0.0181711237961919,0.173527132131367,-383.018059591516,1.41549871359473,0.177225801888902,1.73527132131367e-05,-380.222369459871,1.41547835260924,0.00769436081209772,0.00622062889141173,0.0402716219052849,-1054.31824615856,-1027.38903804376,2.15470128672318e-13,NA,0,14,1,0.7
243,0.0207106006119257,0.338285118836,-440.867038004201,1.39426674169052,0.344673316853034,3.38285118836e-05,-438.176039210172,1.39432946698584,0.00902397153203002,0.00760527150938817,0.0466660778757154,-1088.97528910826,-1062.81784462942,4.72776337852699e-13,NA,0,16,1,0.8
244,0.0806710746903049,0.165359942633058,-375.913759325746,1.42209190429559,0.168628865770416,0.0365059669335216,-374.386059879831,1.41430080809407,0.00899444485520401,0.00741081211280264,0.0531528389377463,-1105.7441880039,-1066.32642319178,6.75020722502966e-19,NA,0,8,1,0.4
245,0.0230331694850019,0.20811231067944,-387.445510660468,1.43057412311789,0.214482284142014,0.001942590199805,-384.862297482906,1.3017176219126,0.00943271939711882,0.00796526050566256,0.0472986438412643,-1090.90715866113,-1064.5265020669,3.76647557040353e-13,NA,0,14,1,0.7
246,0.0687201815602414,0.184946928702515,-387.480346671449,1.41864889569112,0.188952571172936,0.0348575117641232,-385.819143729237,1.3503945227092,0.00897345699677865,0.00763655897725848,0.0474968125152203,-1113.22956557142,-1081.3161158259,1.35845965925537e-15,NA,0,8,1,0.4
247,0.0273919705373543,0.200809221924264,-384.651046140269,1.54492300116178,0.205328798011888,2.00809221924264e-05,-382.218076730819,1.50372411097046,0.00835287229723938,0.00728923683673817,0.0404718970135508,-1084.7108059441,-1064.83771291981,2.89204815910203e-10,NA,0,11,1,0.55
248,0.0273398021882147,0.19954740597431,-374.018699123393,1.49966828407492,0.203329553210671,1.9954740597431e-05,-371.558151805628,1.41629691215747,0.00887652049459402,0.00742020572089155,0.0439881492529064,-1079.09035780757,-1053.04200736113,5.28336205131717e-13,NA,0,14,1,0.7
249,0.0324727234228271,0.150825258941414,-373.589161131679,1.52836364915764,0.154689189585849,0.0107188558712927,-371.282730604755,1.52833508968637,0.00796164021834528,0.00678704831641999,0.0418155674134032,-1119.93042616045,-1092.1997131998,9.53110869989102e-14,NA,1,12,0.95,0.6
250,0.0885188724501632,0.181221250708111,-377.394106830518,1.42676154469312,0.185092829430375,0.0225791782426994,-375.943435496509,1.42674668205297,0.00947548878133316,0.00776659304861939,0.0485907385066868,-1102.46122261782,-1068.82792844792,2.37166848046979e-16,NA,1,6,0.95,0.3
251,0.0274167960483492,0.156309069752008,-387.740130632661,1.45777362156023,0.160009511526918,0.0141975350321207,-385.307454570081,1.45798344674939,0.00724191797508572,0.00605912676482624,0.0363646782985737,-1113.89511562491,-1086.0142893836,8.18119140345991e-14,NA,0,12,1,0.6
252,0.085526577284168,0.155178252459019,-368.213560064091,1.50537327730857,0.158473230312339,0.0110510988172059,-366.728706029489,1.44983786987929,0.00834766818828846,0.00662638867686082,0.0468447526146752,-1075.38779029247,-1036.90733107521,1.74374640568165e-18,NA,1,6,0.95,0.3
253,0.0142578032875616,0.201496207404679,-391.332534178708,1.40474969370069,0.207475842371584,0.000206656037118157,-388.327554784808,1.38706638767307,0.00825270091541402,0.00711936518879396,0.0419833972835583,-1092.19034120399,-1063.22204074112,2.70703172350209e-14,NA,0,16,1,0.8
254,0.0296540055679984,0.239440822484793,-395.897148556229,1.48621295973052,0.243919105333518,0.00185261176251635,-393.492717889863,1.3484933644223,0.00954037384265544,0.00775823292112117,0.0485922453491725,-1081.3447084804,-1046.37369248255,6.10731085049357e-17,NA,0,12,1,0.6
255,0.0262329410352053,0.235728031507542,-404.896349799824,1.43409084974119,0.240212084908184,2.35728031507542e-05,-402.418825785471,1.4340153124447,0.00860201578496556,0.00716966117751933,0.0481125886751268,-1074.13481025081,-1045.71577465071,4.732157908788e-14,NA,0,12,1,0.6
256,0.0194751911819175,0.189752373469861,-394.496161560768,1.55537975250084,0.195129423460094,0.00880256183455323,-391.764293810722,1.52147050417361,0.00810819444847276,0.00664513224177158,0.0443787346915677,-1091.50985648868,-1052.72767299908,1.28466957264242e-18,NA,0,14,1,0.7
257,0.0364698661109413,0.201768709541948,-396.909383494326,1.45950772684627,0.205721570443245,0.0158903877218932,-394.720641915875,1.38642216235847,0.00850849973751885,0.00717905662459089,0.0460286436606084,-1106.6884023615,-1077.08111369439,1.4138259838124e-14,NA,1,13,0.95,0.65
258,0.0681703924064772,0.176933719078287,-392.025775174694,1.55006225258612,0.18033866036229,0.0223381854798455,-390.362469352919,1.51596335651162,0.00770356778268867,0.00647506151675799,0.0419681470547313,-1075.20353559151,-1049.62110485619,8.49252889156448e-13,NA,0,7,1,0.35
259,0.0297240199830329,0.19688999641355,-393.193972273175,1.57781306126199,0.201469518992828,0.000956683757653146,-390.824551726095,1.48578838711048,0.00822783114362608,0.00691615104719568,0.0442713422062469,-1105.32561225852,-1071.89187872323,2.90387813468087e-16,NA,0,13,1,0.65
260,0.0503451439077149,0.150416232744665,-379.175963205523,1.4549811342189,0.15335630903127,0.0185202964368147,-377.24984690894,1.437394341379,0.00769276314549843,0.00626201803860875,0.0387714810128335,-1063.555186341,-1030.60738875577,4.75453065228602e-16,NA,1,10,0.95,0.5
261,0.0437599682875483,0.196576192257514,-376.84088610788,1.42712961381597,0.201595228472038,0.0032676296038716,-374.807612219401,1.42711180981303,0.00943904183550568,0.00743513258500717,0.046338440156144,-1079.31653860766,-1044.26107151136,5.60613582232683e-17,NA,0,12,1,0.6
262,0.0515358548271296,0.149131872358135,-371.421747783564,1.59522945033495,0.152395274746485,0.00225267669010778,-369.526316050727,1.54766728419107,0.00751213825175182,0.00602375161779718,0.039700455297149,-1060.07115650102,-1026.49839080541,2.52186276552221e-16,NA,0,8,1,0.4
263,0.0181991049380866,0.210775697591211,-391.53888778262,1.42095425447923,0.216937201719705,0.000501755203660958,-388.552113827608,1.37115870017886,0.00894346312764591,0.00764277266911441,0.0401919626321344,-1075.12543778447,-1054.65001848548,1.56107014763161e-10,NA,0,13,1,0.65
264,0.0920739003399337,0.184908457221892,-382.326832850301,1.55717188311388,0.188272543355416,0.0274893412195401,-380.903447124199,1.55711896180208,0.00892324802022957,0.00715716208137667,0.0483209551734413,-1075.68955067602,-1037.72449122458,2.93883126263963e-18,NA,0,8,1,0.4
265,0.0345409264053545,0.246343776310002,-412.109340464104,1.47437489987811,0.249916428044696,2.46343776310002e-05,-409.853773826266,1.47423443333364,0.00803136268495378,0.00647632784665138,0.0403898868514447,-1066.47403500162,-1036.32144638342,8.12334589269704e-15,NA,0,13,1,0.65
266,0.0264681582833109,0.223383873707809,-398.940289018835,1.52408644521643,0.228308924787403,0.000583466939026035,-396.477301939787,1.40986491759311,0.00826282827865256,0.00684432717503154,0.0439432612682265,-1098.19386412611,-1064.2704291338,1.76698857797284e-16,NA,0,14,1,0.7
267,0.0275060220800959,0.199013312818762,-376.381533051736,1.44398040215626,0.203588197577247,0.000478627430691562,-373.952144260626,1.37271020492082,0.00898270789680244,0.00720963039901246,0.047378352678542,-1064.138562599,-1029.14932376165,5.99550609126799e-17,NA,0,13,1,0.65
268,0.139928976956325,0.184839846128092,-387.505525362753,1.49103133596819,0.188334698567379,0.0365446097786537,-386.416049580014,1.49080205036864,0.00815603182991343,0.00705574999282988,0.0408875633120024,-1090.86738377296,-1068.33204345677,1.90049590265487e-11,NA,1,7,0.95,0.35
269,0.061917767648573,0.172601360131867,-373.098374883288,1.45728456307762,0.17696013638551,1.72601360131867e-05,-371.355336011334,1.36998769479381,0.00967510481095765,0.00800946690776432,0.0479377042603234,-1061.42946749737,-1035.36477471432,5.19614880261175e-13,NA,0,9,1,0.45
270,0.0152681970087035,0.193416706240603,-390.613690259863,1.47654737272022,0.198576507220705,1.93416706240603e-05,-387.671056621699,1.47659259042722,0.00829961075560496,0.0067065910549464,0.0432668768364325,-1083.301669431,-1047.93185051713,4.07619849000819e-17,NA,0,14,1,0.7
271,0.0711705510065002,0.199654580465859,-380.729350924561,1.50179777203022,0.203711783525473,0.000124814919743034,-379.10141402571,1.41929058991659,0.00917399916535373,0.00735231769790089,0.0502342890757326,-1080.95437953194,-1047.35178860736,2.44670184434079e-16,NA,0,7,1,0.35
272,0.0166947204567616,0.334494605309316,-439.398083361078,1.51382881100279,0.340227510626933,0.000388077461098866,-436.529797007369,1.51367865676246,0.00810291207947903,0.00678156734656517,0.0383160711800389,-1087.50655019205,-1063.57800794912,4.58447503966968e-12,272,1,16,0.95,0.8
273,0.048498856540092,0.176011217342537,-372.788260297427,1.49157245442223,0.180387849533059,0.0309254728557417,-370.826318573063,1.38894288483694,0.00917309495419415,0.00753215797215686,0.0513422221928628,-1093.53507110471,-1053.11604392341,2.44994356184726e-19,NA,0,10,1,0.5
274,0.00686051975855407,0.416736864540303,-474.439605480243,1.44144932529304,0.423718215254617,0.000399191249608462,-470.75232191679,1.35816732529955,0.00831912562224128,0.00674879141518254,0.0434981957144178,-1097.1073210624,-1067.24648112948,1.09266229266326e-14,NA,0,19,1,0.95
275,0.0327029088845162,0.191592137425957,-400.169164855634,1.49614455316161,0.195966087528502,1.91592137425957e-05,-397.884785581694,1.49593242744067,0.0079667476881383,0.00682385200168812,0.0420640123599826,-1093.76886292814,-1068.23578188453,8.93045580874845e-13,NA,0,13,1,0.65
276,0.0655594460152383,0.1997775089429,-380.488452949201,1.43612369324206,0.204715365812735,0.0157030543312454,-378.792499645486,1.39306658727919,0.0102644761248028,0.00846873603322775,0.0540593668019172,-1102.99617075047,-1071.72156107287,2.59868282753028e-15,NA,1,8,0.95,0.4
277,0.055777208664811,0.180606711771429,-380.855083163382,1.33311605183731,0.184734324576698,0.01466669357915,-379.023197738619,1.33315272848301,0.00881332584549225,0.007170587670014,0.0443761583913894,-1089.79379654,-1051.9844399497,3.44085053626038e-18,NA,0,9,1,0.45
278,0.0415125199032838,0.193862289946533,-380.741692628666,1.51006168305866,0.198065634738921,0.0194124099953435,-378.64956926307,1.4245758504867,0.00834191989132679,0.00693559383648557,0.0441359131067051,-1073.69493824163,-1043.30099613184,6.35679500386964e-15,NA,0,11,1,0.55
279,0.0520319170061843,0.184947752789512,-374.870343076281,1.46178991816808,0.190230928608349,0.0109056462563609,-372.981536456175,1.40157721994685,0.00891584676004385,0.00742890406180763,0.0462884977509958,-1091.70555032441,-1059.47137716506,9.80956844929843e-16,NA,0,10,1,0.5
280,0.0395080920976051,0.194843142736594,-399.538997601528,1.44835702221471,0.199052761578349,0.00548876990274645,-397.411599485013,1.39187721908188,0.00811663669764594,0.00686434616170588,0.0408068305300758,-1093.16683465274,-1070.90894539363,2.52315499330265e-11,NA,0,11,1,0.55
281,0.144240283715622,0.17186457184552,-371.114580923882,1.45907393952285,0.175368097227997,0.0191334770507567,-370.048290510705,1.45896278691605,0.00868764049509145,0.00748728960862879,0.0435953192698622,-1079.69203333863,-1059.2366506119,1.5934097938032e-10,NA,0,6,1,0.3
282,0.00176937076991386,0.428355759503642,-482.518574737497,1.6194695300547,0.437671797164961,0.00939572612767253,-477.631262741249,1.61847619101442,0.0078049938531878,0.00649957211685488,0.0416599638214848,-1095.31703942941,-1061.23336246616,1.50191834618912e-16,NA,0,19,1,0.95
283,0.0263624326888438,0.193014520197699,-383.079559719914,1.48079237715031,0.198241709502122,0.0186096933444206,-380.598892910845,1.41407196161535,0.00915356205677743,0.00730462586522001,0.051397503679583,-1074.02844006293,-1030.45415993749,1.00668274938512e-20,NA,0,14,1,0.7
284,0.112353904740666,0.143212147438072,-368.291423755709,1.57898836677309,0.146094406967279,0.0302171030409424,-367.030956508092,1.5477754338451,0.00756157370244044,0.00618560538396909,0.0375365232426583,-1067.15157163225,-1038.73974638035,4.76698686999741e-14,NA,1,1,0.95,0.05
285,0.0111447492143032,0.213139270158277,-399.641701469935,1.51963607433443,0.218936377966196,0.00115239793556988,-396.417331054228,1.51938487729756,0.00833864882716177,0.0066677273078507,0.0477620971224553,-1092.82912831386,-1056.02908387712,9.56603768012945e-18,NA,0,14,1,0.7
286,0.0544233204387034,0.147859474385109,-375.068236552186,1.53081273162344,0.151363676689415,0.0299075075167203,-373.217989281736,1.48878404247822,0.00762881054583129,0.00649303674115686,0.0376526477075013,-1067.62923403203,-1047.12354907671,1.51346191890568e-10,NA,0,9,1,0.45
287,0.0278789488154772,0.178757450743551,-375.541939714034,1.58242047158593,0.182234486367123,0.0117489722146935,-373.124121194498,1.58231714342948,0.0088675451237642,0.00692616982508024,0.0494286546374038,-1090.07342977439,-1045.78306915317,4.88022286529706e-21,NA,1,12,0.95,0.6
288,0.0643845061061633,0.149449482691219,-369.613575149949,1.57818908546392,0.153295706073079,0.0278601333459855,-367.891021979121,1.49551790004392,0.00869155451112493,0.00729379846359546,0.0450753386914485,-1113.24874028905,-1084.47183198429,3.28857181264345e-14,NA,0,7,1,0.35
289,0.0758883470888516,0.170331637013463,-372.054100870891,1.48472645118172,0.174314447114493,0.0153250436883191,-370.477936842476,1.48481816594453,0.00898056595380628,0.00722319223876777,0.0487564986521995,-1080.51545012987,-1042.75697301498,3.62282720649122e-18,NA,0,8,1,0.4
290,0.026711702017546,0.198802281804902,-385.550923134577,1.53512732303827,0.2040393336288,1.98802281804902e-05,-383.075727961085,1.4167105333426,0.00827039256775528,0.00713398405593851,0.0444127239591414,-1054.34719520883,-1035.39778500335,7.45102778386548e-10,NA,1,15,0.95,0.75
291,0.0287297354377133,0.275969330188429,-416.558715552408,1.63770529499566,0.282003618306308,0.0113132482393028,-414.166846848254,1.5692556965202,0.00884526301524164,0.00785793255486266,0.0462150045536364,-1111.68085864237,-1087.32845520192,2.97536284839241e-12,291,0,17,1,0.85
292,0.0163112066833427,0.245162334931736,-417.590293957507,1.45527714260892,0.252624817027427,0.00694309949167288,-414.633227610076,1.41932075656395,0.00795062350872488,0.00641802054476,0.0421061475357802,-1070.18627348888,-1037.39498968769,5.57295335806601e-16,NA,0,15,1,0.75
293,0.049874234888882,0.168889493586379,-369.54370202063,1.41246311991108,0.17302107829453,0.00210747425193153,-367.593193886097,1.40566350897346,0.00874995161561325,0.00686642736405505,0.0489619199244248,-1056.30930696535,-1020.76953425725,3.43108836793674e-17,NA,0,10,1,0.5
294,0.0576144896948072,0.174221858921085,-378.570988286437,1.48954896427476,0.178908976025632,0.0185152111039233,-376.768581990732,1.48955753312118,0.008693550608738,0.00697244223362037,0.0456202938800213,-1094.63673428104,-1061.7282116198,4.94784639524366e-16,NA,0,9,1,0.45
295,0.0412089859687114,0.177277859959504,-374.094374679506,1.477690603461,0.181025903544383,0.00064258681948702,-372.00987050063,1.47773287192079,0.00899973063263171,0.00756260787544934,0.0472844322450101,-1104.72919229212,-1079.73272690613,1.54300883786124e-12,NA,0,12,1,0.6
296,0.0344442423947486,0.184279151405218,-378.282106212935,1.43807319377452,0.188428100768862,0.0145246026681549,-376.012120932111,1.43797239343032,0.00874543420036658,0.00734327561863823,0.0433701822612314,-1087.20090965892,-1064.18081048253,1.15851311331424e-11,NA,0,13,1,0.65
297,0.089496342294251,0.201028612688565,-384.860502460237,1.4632801836291,0.205209383165114,0.0174590144550451,-383.411457048169,1.46296603788296,0.00855608201805045,0.00752659431564195,0.0452839597999489,-1089.61253969788,-1064.50364924093,1.37595384023076e-12,NA,1,8,0.95,0.4
298,0.0680913637236479,0.196784123932159,-381.565751382427,1.53433235405639,0.201846706569299,0.014880596059397,-379.901066899647,1.48417306088057,0.00926420276880948,0.00804551511237951,0.0463294335073265,-1065.13493353201,-1044.37889583628,1.17145098003329e-10,NA,0,8,1,0.4
299,0.0325960302420883,0.205831703538164,-377.60785363532,1.56077654342277,0.211564455067683,0.0234144717826683,-375.323193994603,1.52110175690739,0.00903453137244136,0.00783017290150318,0.044538452402336,-1094.86678003208,-1070.46445662575,2.82769071148298e-12,NA,0,12,1,0.6
300,0.0484983709487277,0.207046136817354,-379.517672063189,1.40987896349391,0.21192494795138,0.0278142318476448,-377.56723179459,1.40955083506161,0.00999999999999929,0.00810474112464659,0.0511235494364109,-1076.44094682783,-1041.27190551788,4.99637800212227e-17,NA,0,10,1,0.5
301,0.0640049095050426,0.148399847282632,-368.017348804666,1.48917123281711,0.152465635553978,0.0243307012684698,-366.290953320718,1.44718092720401,0.00862566648932405,0.00751471718393866,0.0474486699467502,-1106.58607166194,-1079.31483887168,1.52124770836881e-13,NA,0,9,1,0.45
302,0.0386198460243824,0.146547131709551,-375.026083102666,1.48668979595644,0.151235934453593,0.0144406125140718,-372.85520620122,1.48654705108037,0.00807954152876497,0.00691140011699301,0.0445333961544563,-1061.39291674963,-1038.53836312751,1.37183480755438e-11,NA,0,11,1,0.55
303,0.00774930333708978,0.346775517027639,-440.511781117224,1.4020540559058,0.353654010643388,0.000565379274249367,-436.934528779072,1.4014271877181,0.00934802854809515,0.00805304721439817,0.0483322315462645,-1099.54916129133,-1073.62367530598,5.98770263760013e-13,303,0,17,1,0.85
304,0.0896504818314859,0.176953654494469,-382.045508351081,1.50385234735705,0.180924072543481,0.0196054042377488,-380.596243231042,1.48826998366721,0.00890467959186222,0.00715705477646513,0.0487808804429374,-1095.7794426945,-1058.39416479365,5.28723951316617e-18,NA,1,7,0.95,0.35
305,0.0836997892163527,0.175712994910361,-371.385080910339,1.52660162893094,0.179451848047274,0.0129199322021583,-369.887281021981,1.46499183867428,0.0090248981019633,0.00740269526661557,0.0474884457518726,-1088.85955438713,-1053.17208734297,2.9540116485366e-17,NA,0,7,1,0.35
306,0.021873729915688,0.292189514389754,-427.966261708474,1.50032741484371,0.298073415389673,0.0134183897332626,-425.337824875677,1.45125027752983,0.00874776867968775,0.00728255668188062,0.0464063013050116,-1086.9890322312,-1056.12651314816,3.94926420697463e-15,306,0,15,1,0.75
307,0.109660758024561,0.197243574287264,-379.429635496521,1.52471875090203,0.201395078515997,0.0367480799227278,-378.141603659423,1.52473807204799,0.00989149922223542,0.00771123352358231,0.052963152110923,-1121.22858948293,-1078.63940197638,2.72627244003696e-20,NA,1,5,0.95,0.25
308,0.120359907310264,0.165094196962406,-375.638438597267,1.47210843249631,0.169334801080521,0.0208393602947426,-374.420622391536,1.47205034327915,0.00838626511230104,0.00685642924637693,0.0456682456764339,-1127.35637845637,-1087.88878856726,6.41816080175038e-19,NA,0,8,1,0.4
309,0.0311995869189882,0.177553946267816,-389.306787287984,1.4120924685874,0.181831867424631,0.00572575510430274,-386.981502892598,1.29142722610847,0.00812788495123671,0.00638962845044042,0.0451264408033108,-1074.56675102897,-1037.29645672497,5.94042882177597e-18,NA,0,13,1,0.65
310,0.0235756577788332,0.19834749052668,-381.738027358083,1.48048498749612,0.202475521173828,0.0144188432954298,-379.174198400798,1.48028920118161,0.00884297566717491,0.00699423000454155,0.0462911300587658,-1059.05416047215,-1022.73720293117,1.56073761462526e-17,NA,0,12,1,0.6
311,0.0335891826681358,0.184442769307759,-390.795786337325,1.50182540890728,0.188600848311147,0.0054180848200114,-388.53767217801,1.50186186571786,0.00759286233041802,0.00625285172522746,0.0414046242142624,-1072.17835792993,-1042.5757093974,1.420509411325e-14,NA,0,12,1,0.6
312,0.0253138898817472,0.204374155369405,-385.905132356778,1.4688746714806,0.20920646121628,0.000512818344168665,-383.401641015485,1.4687937121688,0.00893235158405368,0.00742189682030275,0.0453061046577308,-1113.20868926992,-1083.65423897919,1.49182927848053e-14,NA,0,14,1,0.7
313,0.0901966295040764,0.14715679596738,-379.553008383104,1.51238321228881,0.150765027622626,0.0276045976310824,-378.110975843736,1.51236079126476,0.00774811258933914,0.00621393593842146,0.0471691311820111,-1089.30736429537,-1049.76918971742,5.97554197731815e-19,NA,0,7,1,0.35
314,0.0871576088216598,0.151646251457897,-376.277109427773,1.62343616915151,0.154852683627781,0.0282358819330584,-374.813751311227,1.56090990641546,0.00792230817488644,0.00645320356379829,0.0425570261653168,-1068.90281361865,-1035.52538458751,3.07458783108569e-16,NA,0,6,1,0.3
315,0.0455896664345123,0.186421420325698,-372.510383513827,1.49377024555138,0.191808981559608,0.000854951481531919,-370.500227529152,1.27091452665249,0.00895492721650918,0.00748595315835146,0.0444188032743029,-1083.01405986154,-1053.96504698422,2.49376449743821e-14,NA,0,10,1,0.5
316,0.053549232776186,0.176551781217471,-376.359806079361,1.4566235058169,0.18033035349626,0.0103260463478089,-374.486649287374,1.45660083459893,0.00902890028146492,0.00739658912061152,0.0468307270172501,-1075.45867828881,-1045.65241359897,1.1549750345213e-14,NA,0,10,1,0.5
317,0.0225616257699282,0.219665721132147,-390.219285324057,1.41244493661305,0.224373665335448,0.000580544877021237,-387.618195593878,1.35119416132447,0.00948772391651095,0.00801022313444144,0.0514070430866676,-1123.74456631542,-1092.37670276512,2.36388462978181e-15,NA,0,15,1,0.75
318,0.0378720964266781,0.172235727843556,-383.883840768243,1.54876908124583,0.176778367064826,0.0100814237251647,-381.710299785976,1.52176452299025,0.00800960189277853,0.00689207257373689,0.0390915821045608,-1074.49695999586,-1052.27245854842,2.61069904703567e-11,NA,0,11,1,0.55
319,0.0755956340299936,0.183593280642644,-382.544076885956,1.53031968873199,0.187948138907978,0.0145275368010356,-380.964247665648,1.45122577313938,0.00810333966029836,0.00665432802735536,0.0421929205567594,-1054.95664876229,-1029.98665406833,1.58520765926267e-12,NA,0,8,1,0.4
320,0.0683133146581621,0.178722844786277,-382.399908316061,1.44422789039573,0.18251159264692,0.0106146507404726,-380.729496631442,1.33455968131073,0.00839066055734089,0.00665977316390211,0.0464872925840291,-1076.96969316024,-1043.63076754454,3.19707158083475e-16,NA,1,9,0.95,0.45
321,0.0773143487680543,0.157626561831513,-375.46728221304,1.54950911152716,0.162024226908179,0.0287878220580237,-373.906609942959,1.52093817236952,0.00843295502124585,0.00690117306839305,0.049171797796391,-1075.51246903022,-1037.83835307558,3.9460156934427e-18,NA,2,8,0.9,0.4
322,0.078829523120464,0.14631445989544,-368.376920640654,1.54689340213525,0.149629574132007,0.0134264458901742,-366.832448553586,1.54673271317146,0.00771495464135753,0.00624174153383108,0.040854246134481,-1111.28280372761,-1071.53145841078,4.81569050047977e-19,NA,0,6,1,0.3
323,0.0180638835401712,0.209513804049053,-408.414259020444,1.46146220916537,0.214769653691749,0.00619010821601499,-405.616540310446,1.46151499928524,0.00818511805605704,0.00680587656063251,0.0428974096342467,-1061.58862891333,-1032.48355280753,2.35560302756722e-14,NA,0,14,1,0.7
324,0.0487949263814472,0.170998251791889,-375.995810926997,1.41703686427811,0.174701396796425,0.00720055595018174,-374.052644578741,1.35160062398304,0.00903437723131395,0.00732379958356809,0.0500221949297748,-1081.77363489396,-1046.16621694916,3.20370042694412e-17,NA,0,10,1,0.5
325,0.100655759493779,0.152264759261777,-372.975136939277,1.53205853677444,0.156299957431276,0.0144608842004794,-371.623330439586,1.53190191843431,0.00874491280212468,0.00740470486110681,0.048653392434545,-1104.694676202,-1076.58583460614,6.48754323750825e-14,NA,1,5,0.95,0.25
326,0.021843287602148,0.191033648264296,-374.922019086066,1.49176060718486,0.19682659509933,0.000406064808546179,-372.291512325534,1.4474095210222,0.00955497481193847,0.00801657181477028,0.0474186595777583,-1075.57551917404,-1048.6949248437,2.26401208224248e-13,NA,0,14,1,0.7
327,0.0418714313748028,0.187526220395028,-377.263738381123,1.48429834038473,0.190759559078872,1.87526220395028e-05,-375.189734673837,1.45188852531182,0.00929996803299565,0.008080525333242,0.0407481560395299,-1110.81083717739,-1090.72682464993,2.33031370409195e-10,NA,0,12,1,0.6
328,0.0850328760021973,0.148372746520652,-378.26176162538,1.51985686753094,0.15152078444156,0.0207568742351772,-376.772835815631,1.48451437858094,0.00767262391243874,0.0061730707044277,0.039699231258726,-1085.3526626625,-1051.34375704353,1.62025331755888e-16,NA,0,3,1,0.15
329,0.0203361740481379,0.181156011421124,-379.716153828809,1.45121210169482,0.185278915505244,0.0163578478737629,-377.017413099041,1.42163887962394,0.00775937355077558,0.00631500370407999,0.0393783100760397,-1084.82727916564,-1047.08117500544,3.66851689258147e-18,NA,0,12,1,0.6
330,0.0321020778656022,0.171083371616596,-384.359473971389,1.53589879966344,0.175200580962845,0.00858474091843441,-382.005764777562,1.53586556627199,0.00789963553927633,0.00667281054889323,0.0382568073577149,-1076.81731054445,-1055.09954336295,4.38158749786699e-11,NA,0,13,1,0.65
331,0.0628787417902806,0.160387989969167,-374.236708519279,1.50916474972356,0.164189806614465,0.0368826746001486,-372.50390882395,1.5056314824023,0.00792823543784769,0.00662667653590047,0.043712009250172,-1085.50875966404,-1056.97551026599,4.21321923355987e-14,NA,0,8,1,0.4
332,0.0209762268172039,0.234088378289331,-398.492552531876,1.48911315119693,0.240698304563182,0.00681712618084499,-395.823312022863,1.48935960526355,0.00913438983582417,0.00783417150573893,0.0450098106672754,-1077.05522567248,-1053.38056882963,5.93989117513559e-12,NA,0,16,1,0.8
333,0.00423393968776033,0.446993416744233,-479.421350353674,1.46259059247568,0.456683301180132,4.46993416744233e-05,-475.310346740756,1.34193748678116,0.00851601860160875,0.00724985154356577,0.0424345381946095,-1084.5671487313,-1064.6399332951,2.73612788760954e-10,333,0,20,1,1
334,0.0717634385925929,0.182042019341367,-382.251373325537,1.55456755025509,0.186458269302828,0.0124069581563652,-380.629893505553,1.54212539802859,0.00815113649638376,0.00681703122187635,0.0415510730984668,-1106.35163806805,-1079.2912464646,1.88536505312286e-13,NA,1,8,0.95,0.4
335,0.00453181030623731,0.268802498343808,-425.213107462864,1.49604955613934,0.275797485860997,0.00309686238461293,-421.182516624167,1.40630181024428,0.00861221625731282,0.00650167918648476,0.0480452973638911,-1104.47318010836,-1059.43987970662,2.30276396257986e-21,NA,0,15,1,0.75
336,0.060652227435856,0.159756396798297,-375.723635303821,1.45156560000097,0.164216961928281,0.018526738611764,-373.963904604445,1.45151144103333,0.00856617277014046,0.00704518226383709,0.0458181542007482,-1098.28285118312,-1064.22568937938,1.54285841208274e-16,NA,0,8,1,0.4
337,0.0738461856554273,0.138180617162768,-375.723872100742,1.53194169475774,0.142277015709917,0.0119512410166577,-374.125307896652,1.47119546445444,0.00772782071202405,0.00617069359802636,0.0466052343016924,-1069.43450020398,-1024.84190096281,3.59528900505872e-21,NA,0,6,1,0.3
338,0.0319640484348871,0.193153241076982,-395.178361765442,1.55716621854164,0.197693601960527,0.0188743793029297,-392.785878621271,1.50062701824625,0.00809823755743402,0.00660851497102216,0.0427493241806493,-1071.81679369474,-1044.85102921385,2.07599499412268e-13,NA,0,11,1,0.55
339,0.0361143373898605,0.185839928742293,-392.643993330338,1.44940013352123,0.190471473414528,1.85839928742293e-05,-390.448120728723,1.33585791641286,0.00833705096072352,0.00702331199483868,0.0440576871819828,-1091.82902970561,-1061.98159919236,1.10765396131305e-14,NA,0,12,1,0.6
340,0.0756369041968284,0.168138577067746,-375.614769739566,1.48120597135811,0.172012127615757,0.0233409222776396,-374.011523456816,1.42724067303312,0.00903519990917669,0.00741381442666128,0.0490269812423805,-1107.46244780106,-1077.59325130469,1.08342254563161e-14,NA,0,7,1,0.35
341,0.118339989432217,0.149592170289745,-377.597552413657,1.48104236018922,0.154065636380267,0.0219066436539396,-376.373924598518,1.48095668940358,0.00801608873547411,0.00648772117693517,0.0454840266872616,-1073.1913586502,-1036.98477937423,1.74546226802985e-17,NA,0,8,1,0.4
342,0.111372494791349,0.164426473693649,-370.537344806952,1.4459491504123,0.16770706433019,0.0195230055921016,-369.269645038469,1.42552513485173,0.00917856764434049,0.0073801862292666,0.0482709823989526,-1105.05900101074,-1065.31728767145,4.86287444870373e-19,NA,0,8,1,0.4
343,0.0174379120284221,0.309012234713446,-430.532809058313,1.49723616980944,0.314328148181874,3.09012234713246e-05,-427.706574422935,1.49725987901281,0.00876292385007499,0.00763283994669727,0.0439514307937919,-1114.10512512111,-1088.92536334283,1.28007381997748e-12,343,0,15,1,0.75
344,0.0158783322056648,0.191113526197457,-388.950304359166,1.5327132721976,0.195312642615011,0.000325234896361238,-386.041822678603,1.45438325690606,0.00785168516688067,0.00662092665173225,0.0409597573376199,-1077.88998146831,-1050.21074530755,1.00436039926635e-13,NA,0,16,1,0.8
345,0.082041821220575,0.150644673191663,-372.562228384373,1.46943668512707,0.154639960883454,0.0243541732322378,-371.050227221823,1.42679219906406,0.0075990631167565,0.00646055226478774,0.0379359654688483,-1078.66644192517,-1054.76829207451,4.72883706923441e-12,NA,0,7,1,0.35
346,0.00112539098567222,0.524225656711349,-501.597115139118,1.45273856614952,0.533945332583134,5.24225656711349e-05,-496.290985200802,1.41171864213818,0.0080636277261994,0.00689199345214414,0.0404939626591315,-1076.91136046341,-1052.27019390596,2.21649714354137e-12,346,0,20,1,1
347,0.0673737930138659,0.162005394156172,-375.593179615784,1.47902530587771,0.16575525266398,0.0235233439239804,-373.918026322025,1.4137586171024,0.0078917509042303,0.00669616487947864,0.0409782793541681,-1095.38901475565,-1071.0680941782,3.07243830786675e-12,NA,0,8,1,0.4
348,0.0378761624522495,0.173827195553714,-372.23245503676,1.55135475560172,0.178473115506705,0.0215267437400831,-370.073925976914,1.49974860053752,0.00826790468625179,0.00680603744320646,0.0416299598409004,-1074.39066496904,-1047.5881272321,2.45125318390151e-13,NA,0,11,1,0.55
349,0.049400850747788,0.200097209813407,-375.02359343009,1.51565643706743,0.205780720497776,0.0247345800012211,-373.087529135162,1.46554066056665,0.00888416702593482,0.00755474726338198,0.0435115526570076,-1073.12834390946,-1048.1864867405,1.63133071883495e-12,NA,1,10,0.95,0.5
350,0.053552992331526,0.161153054000611,-373.69480349539,1.45863584684844,0.165730912127326,0.0201985891692673,-371.814096871377,1.45888399077971,0.00864204650127623,0.00656571333178706,0.0488824728518212,-1069.13211875754,-1021.08734898243,1.09803424872021e-22,NA,0,10,1,0.5
351,0.0343277379227274,0.168853437999292,-375.736625936812,1.50227514279346,0.172859899398141,0.0175397945515343,-373.486448753668,1.46571275423267,0.00897629586257509,0.00729116841563881,0.0469774567795934,-1083.23351228162,-1047.43021961329,2.62678535154817e-17,NA,2,14,0.9,0.7
352,0.0484642663842847,0.232844754338456,-405.586502553312,1.49077281950525,0.236986300787334,0.0103231040744073,-403.63958165255,1.49089521912329,0.00882568971458355,0.00721273492721427,0.0450155363506577,-1105.547600235,-1075.30528243807,7.41550291151438e-15,NA,0,11,1,0.55
353,0.0668851267858449,0.145334942905791,-373.845060379074,1.55536209027193,0.149016788721617,0.0126519429928276,-372.165796999564,1.45035115933268,0.00749668301335667,0.00636296750441091,0.0383459211734708,-1064.82802701184,-1042.42549080391,2.17658113363979e-11,NA,0,9,1,0.45
354,0.0640558060516681,0.17299838495604,-378.287210250371,1.47538856414372,0.17703522451823,0.0230361218957683,-376.560144593994,1.44264427386899,0.00832150584105771,0.00675378674911543,0.0442180213952258,-1079.70594570459,-1045.48674482068,1.30903386254974e-16,NA,0,7,1,0.35
355,0.0273847775192829,0.18300485125318,-376.476352698917,1.52357822180742,0.18677053065443,0.00897313729136499,-374.04091374245,1.47891845573807,0.00862698419703566,0.00710152325677821,0.0467721529105046,-1077.81070958432,-1046.18917754887,1.8270988585395e-15,NA,0,12,1,0.6
356,0.041853351459776,0.202002617587017,-393.368431221617,1.44370286731205,0.20702164483449,0.00682835960075395,-391.292888259891,1.40359730060156,0.00835676542983119,0.0069231113381459,0.0431865204925276,-1083.27421992814,-1054.39160867267,2.95345560309879e-14,NA,0,11,1,0.55
357,0.0527904968348428,0.158754192796022,-377.856994654611,1.44967620809361,0.163271860680669,0.006895663163751,-375.975831542743,1.44019741321902,0.00824063264909608,0.00679770527884805,0.04490529133196,-1097.15643814245,-1062.40603877717,7.63835744851596e-17,NA,0,10,1,0.5
358,0.0353750416351285,0.173594381330281,-382.064557273685,1.5338548990245,0.178529589345986,0.0180097359094726,-379.841846094775,1.4790896827073,0.00818697278739471,0.00642413338988933,0.0443487383336449,-1085.39494090535,-1039.94202050893,1.50674238981004e-21,NA,0,14,1,0.7
359,0.0682078946100446,0.160213709566927,-373.376711846797,1.55998925063936,0.163740462200529,0.0194990904111067,-371.698842200953,1.44039130588676,0.00775383489605168,0.00646947523704039,0.0399446955027563,-1069.04094313155,-1043.77618919733,1.17386500444966e-12,NA,1,9,0.95,0.45
360,0.037086313044402,0.168602469943948,-375.000472774126,1.51785423437649,0.172682867901048,0.00323048692677449,-372.826244347643,1.49035525010778,0.00836257239962852,0.00722529810250169,0.0398757699974897,-1084.9551285454,-1061.18210234736,5.3726841242987e-12,NA,0,14,1,0.7
361,0.0660864233909875,0.168813145508306,-382.79007684684,1.48760181976194,0.17352070989672,0.0284010951174911,-381.100609033529,1.48763484807969,0.0085604467102438,0.00701112772968427,0.0495234767961814,-1091.1856487893,-1053.6211747021,4.40953446699476e-18,NA,1,8,0.95,0.4
362,0.0632821640474354,0.164965809840414,-372.926710327112,1.44459878861607,0.168940247278128,0.0132670356708212,-371.198046637023,1.39235344501108,0.00856199739750241,0.00708728817547585,0.0456718806328475,-1107.37838898247,-1073.17729910699,1.33330102434762e-16,NA,2,8,0.9,0.4
363,0.0977172692130925,0.158486355769114,-376.589175438318,1.46349971272408,0.162077894612679,0.0293379964812346,-375.217923234466,1.460223107973,0.00856249088173378,0.00687587945015436,0.0468629021241922,-1089.79708290379,-1052.37555000841,5.09657529349196e-18,NA,1,8,0.95,0.4
364,0.0300197579899299,0.21050415079007,-384.615017529642,1.45169990372089,0.216392157030593,0.00292171694959777,-382.247200054616,1.45176092073585,0.00880996578323247,0.00709407042107064,0.0467935404709211,-1074.71178300446,-1040.86440645414,1.90870795449376e-16,NA,0,12,1,0.6
365,0.0654111664167224,0.170900929958852,-386.558136614548,1.45587473761652,0.17587998446355,0.0264467046096131,-384.860643428662,1.43801594069348,0.0081241139069954,0.00652294376625137,0.0441296864892453,-1078.4106354065,-1040.33856635414,2.63696815523755e-18,NA,0,8,1,0.4
366,0.0992840239309115,0.193009785193453,-377.346466702811,1.453200024378,0.197773235839776,0.0238209410175374,-375.986811367574,1.45322641507402,0.00901596675309706,0.00715891591678812,0.0456318888055912,-1086.74611973351,-1059.10201187969,1.04090765015597e-13,NA,0,4,1,0.2
367,0.0381941840261077,0.189983384640185,-374.878994022785,1.42305930035285,0.193442791233881,1.89983384640185e-05,-372.730190505661,1.32642190155264,0.00931888638307365,0.00847023564307062,0.041910008159463,-1091.69717728585,-1070.56140424289,7.94399731793656e-11,NA,0,11,1,0.55
368,0.0612241022194046,0.17815081652233,-378.544578709553,1.55560810827078,0.182472034195335,0.00457126535020341,-376.78614205797,1.47446928629787,0.00804000118651084,0.00668562702433037,0.0404187791149055,-1057.41299263698,-1029.17028675834,5.66168629085013e-14,NA,0,8,1,0.4
369,0.13624254371609,0.146817187065906,-377.696822237891,1.46907320781099,0.151014182283923,0.0279628303679295,-376.586855013727,1.43157289701817,0.00801476066971334,0.00685170266882654,0.0441095667407842,-1104.08265583475,-1073.63345482309,6.0097602681866e-15,NA,0,5,1,0.25
370,0.0924007251356183,0.176030836451151,-386.234917023686,1.52903417872424,0.179628114882696,0.0135089694230479,-384.803917742362,1.52901450617885,0.0082817114233584,0.00724488615555748,0.0395979138177618,-1082.65660175018,-1058.50218915111,3.64109842202327e-12,NA,0,8,1,0.4
371,0.0513765968337599,0.161198994812692,-379.494618753116,1.59027580882242,0.164347019168848,0.000371523076481837,-377.596610020601,1.56021406768137,0.0079108614978791,0.00663126623169233,0.0399872843055343,-1086.36819578396,-1054.04040552396,8.92032993553167e-16,NA,1,9,0.95,0.45
372,0.0987664121609017,0.162455219372349,-376.891507184105,1.5117093005445,0.165460554167442,0.0263042957228811,-375.527588051967,1.50053561119483,0.0080908522784557,0.00668295935903915,0.0410029910916842,-1061.77483264433,-1034.40724483068,1.3791559361805e-13,NA,0,9,1,0.45
373,0.156046194775559,0.167708209156421,-368.492123694569,1.4954091837719,0.17110334911527,0.028927449263441,-367.483109675,1.48870078483359,0.00867904892749921,0.00686571846844367,0.0463387048115817,-1075.76181827471,-1035.82096298104,3.97509116713311e-19,NA,1,7,0.95,0.35
374,0.0649186486103682,0.172378782629975,-373.895849880541,1.43122268974197,0.176874600278708,0.0354464196991508,-372.186811084502,1.43113376794033,0.00925538419353358,0.00742003549501661,0.0517166159182157,-1088.51073105435,-1047.00037643232,8.11982411067792e-20,NA,0,7,1,0.35
375,0.0133214634691971,0.256739163916315,-416.871133316355,1.52580979851625,0.263220932248466,0.000504873173327152,-413.80483741918,1.50482754556148,0.00898482504100987,0.00745526488127869,0.0464524451438979,-1069.64674948689,-1047.52032674401,2.88584605416492e-11,375,0,14,1,0.7
376,0.0524173459764578,0.179247419911791,-371.662905915148,1.54347932890272,0.184066981480301,0.0292066815962283,-369.777312658884,1.49306301817579,0.00903161168575302,0.00730342768365808,0.045439377056525,-1065.03955575661,-1033.33987511711,1.68772730879323e-15,NA,0,10,1,0.5
377,0.0682215393906175,0.151012995715325,-372.45277942284,1.42949665372995,0.154331750542577,0.011483170764322,-370.790062438741,1.3765888278219,0.00860436298460311,0.00653854256026205,0.0499768665561275,-1135.68851424749,-1090.26303080476,1.549113015524e-21,NA,0,7,1,0.35
378,0.0506093100028299,0.187437829904258,-369.790359232003,1.48213776620216,0.193484882698194,0.0169456330408787,-367.827226192948,1.48212245154172,0.00974455095196593,0.00807190871176364,0.0533858342135191,-1105.03238790496,-1062.6693347187,3.42695539155151e-20,NA,0,10,1,0.5
379,0.0124058367475721,0.324150588431603,-424.836029352652,1.45534257143606,0.331582629648672,3.24150588431603e-05,-421.709681926034,1.45535050119697,0.010130032620507,0.00818853493136792,0.053982092534838,-1079.14273730461,-1044.08027031077,5.56648956712507e-17,NA,0,16,1,0.8
380,0.0478366454828606,0.148600613414233,-372.528455114008,1.59961288249964,0.152927867238411,0.0147770258572022,-370.568660206166,1.59964243153049,0.0077833665711495,0.00632322395808814,0.0433418512594075,-1082.91591123567,-1051.31235316998,1.86074935690481e-15,NA,1,10,0.95,0.5
381,0.067816010882657,0.158185092853251,-376.057121892515,1.508300071233,0.161862854949177,0.0161049057411516,-374.389022402522,1.50824636361041,0.00847921975100999,0.00662094168990513,0.0467683538579041,-1081.81118937602,-1041.06584563171,1.76089363831891e-19,NA,0,7,1,0.35
382,0.0500401881735073,0.178658911238889,-383.878543792265,1.43865159966845,0.181958192462624,1.78658911238889e-05,-381.958429538503,1.3670221080357,0.00795620857976048,0.00639836901876805,0.0377040269469797,-1067.30926938923,-1038.58511372978,3.46978972589863e-14,NA,0,10,1,0.5
383,0.0364533963748575,0.167745224417114,-381.936305077742,1.40748077496435,0.171971099688165,0.00263477629069952,-379.746280432845,1.39387657134474,0.00875430260894315,0.00705946582857676,0.0465927036063777,-1080.08417577331,-1041.07815256106,1.02414067246328e-18,NA,0,12,1,0.6
384,0.0686511245129579,0.161149516190204,-374.117648433143,1.43072416348474,0.165275457127767,0.0365130615567247,-372.457468144866,1.37797004253156,0.00908783910677376,0.00726535727106488,0.050655842654386,-1085.49418859175,-1048.3930303057,7.05075103425359e-18,NA,0,8,1,0.4
385,0.113539107747592,0.148900169357445,-372.66763809883,1.5275847245652,0.152513305731752,0.0262945029883445,-371.409946113466,1.50122046634894,0.00799412494973422,0.00648146583996797,0.0432472159478782,-1066.62111256378,-1034.04076194067,6.90325534409143e-16,NA,1,7,0.95,0.35
386,0.0390254779021536,0.205963877246973,-373.143844398182,1.41746574559993,0.210418969269292,0.000968099414502702,-371.002176395041,1.3011855164705,0.00971455834081489,0.00781828602498934,0.0534134083079756,-1085.83228424426,-1050.93953974085,6.61175021522361e-17,NA,1,12,0.95,0.6
387,0.0812506046006731,0.177641568993025,-375.997650901865,1.42600623097229,0.181736041745081,0.000882742000502432,-374.477606282238,1.43565194747332,0.00941636387589841,0.00778428558689737,0.0509957605234767,-1068.1864584067,-1037.8891437998,7.01250749125307e-15,NA,1,9,0.95,0.45
388,0.0236283707694064,0.229365867267984,-391.059499158987,1.53291992558261,0.234248800067851,0.0260818565738561,-388.488645855081,1.50011452002975,0.00926375034091452,0.00734291530926752,0.0510293634940356,-1063.88310452234,-1026.49322217239,5.26263472015947e-18,NA,0,12,1,0.6
389,0.0658054106752185,0.182627245619803,-378.09162088878,1.44650016517891,0.187413924469539,0.00763014776235258,-376.399217839977,1.40193167503705,0.00853381690649595,0.0071500691556763,0.0453892688724145,-1083.02662049677,-1053.51708387679,1.56151009089755e-14,NA,0,9,1,0.45
390,0.0924296375882227,0.158017695062624,-375.244357308862,1.58876361853897,0.161286846578238,0.0172437392707214,-373.827450884686,1.52416172669581,0.00748121468854312,0.00611495571335922,0.036988109706125,-1057.3560422144,-1027.95724852949,1.74755421853613e-14,NA,0,8,1,0.4
391,0.0808411432577189,0.155501764375851,-373.585596513458,1.48734111901462,0.159305851190333,0.0232895532544441,-372.061244226637,1.47181170504218,0.00836666357083413,0.00689007365523204,0.046393625354918,-1071.37651503137,-1035.78101894423,3.24265167929483e-17,NA,1,6,0.95,0.3
392,0.0379032902952817,0.184258359151015,-386.360182123754,1.47954192246924,0.188397146461166,0.0091922016679853,-384.204585515518,1.31750221638839,0.00839716448985735,0.00705219151948816,0.0447813430891223,-1113.39755159394,-1078.18194129582,4.76596586066478e-17,NA,0,11,1,0.55
393,0.0645285487316188,0.180563977068122,-376.365139043438,1.5095166835466,0.185161479372619,0.0134547781251137,-374.65477347655,1.46393907710856,0.00926006166289556,0.00750240081667155,0.0472512289785105,-1083.13791131355,-1053.97893292366,2.2299934879061e-14,NA,0,8,1,0.4
394,0.0665374249092563,0.156301305686,-377.908747212561,1.39029800761695,0.160404763177191,0.0218497269545258,-376.186021234617,1.3620990731215,0.00800681276687828,0.00656838829324089,0.0415928165719987,-1074.00303064898,-1045.83776591989,6.12568726862647e-14,NA,1,10,0.95,0.5
395,0.0285430873076091,0.150429603207076,-375.069102038637,1.48431636529206,0.153781420980715,0.00420874672701384,-372.671261823643,1.48428247291432,0.00764403673963699,0.00623786991546909,0.038561042577496,-1075.93726554574,-1044.90176319914,3.31293706904938e-15,NA,1,12,0.95,0.6
396,0.0654867846403125,0.163479931331351,-374.530177689142,1.57097516190212,0.166882479190233,0.00100023526999002,-372.830216782056,1.54795004746831,0.00813617109147194,0.00671927255552842,0.0434342204552809,-1071.90056266723,-1042.19184352765,1.27533939985927e-14,NA,1,8,0.95,0.4
397,0.0436451328045014,0.19637066006885,-390.293768348178,1.52912420389613,0.201539920226696,0.0172675564257744,-388.251595268559,1.52877181641329,0.00877587836097419,0.00720128141488322,0.0469024939769116,-1075.77783546486,-1048.74559116976,1.94016196697791e-13,NA,0,11,1,0.55
398,0.0410158504028814,0.178661155602256,-387.773388083927,1.51009339928144,0.182721331824261,0.00869875469652331,-385.684371201547,1.40995659920648,0.00777117920244235,0.00619688736432526,0.041957855432486,-1077.72344502911,-1036.74982714188,1.39768653919004e-19,NA,0,12,1,0.6
399,0.0545130993123257,0.185840590716579,-379.581740623841,1.46081998993437,0.188898762529532,0.00445360856308285,-377.732123465954,1.46066436266779,0.00866700032074319,0.0071257418096601,0.0396063846500673,-1065.8935488577,-1037.30398996312,3.97873364767229e-14,NA,0,8,1,0.4
400,0.00611250615527876,0.552328653813367,-495.846962465921,1.50670330276847,0.558783684030125,5.52328653813367e-05,-492.087244274149,1.42735648736745,0.00838704988320993,0.0070364884226578,0.0460287955631887,-1082.35124117872,-1055.13025796139,1.6010689090693e-13,NA,0,19,1,0.95
