File,DiscreteTrait,ContinuousTrait,HigherRate,LowerRate,FractionOfSims,FractionSignificantPval,numSpeciesInSubset,removedFamily,num_Significant_Pval,median_Pval,Move to top,Nsims
2024-04-25HackettOscine Brownie100sims HighConfidence_Coop logSong.rep.final jackedNone.csv,HighConfidence_Coop,Song.rep.final,Non-Cooperative,Cooperative,1,0.54,209,None,54,0.044000849,1,100
2024-04-25HackettOscine Brownie100sims HighConfidence_Coop logSong.rep.final jackedCardinalidae.csv,HighConfidence_Coop,Song.rep.final,Non-Cooperative,Cooperative,1,0.58,202,Cardinalidae,58,0.037281154,,100
2024-04-25HackettOscine Brownie100sims HighConfidence_Coop logSong.rep.final jackedCerthiidae.csv,HighConfidence_Coop,Song.rep.final,Non-Cooperative,Cooperative,1,0.53,207,Certhiidae,53,0.037790217,,100
2024-04-25HackettOscine Brownie100sims HighConfidence_Coop logSong.rep.final jackedCorvidae.csv,HighConfidence_Coop,Song.rep.final,Non-Cooperative,Cooperative,1,0.56,207,Corvidae,56,0.043147478,,100
2024-04-25HackettOscine Brownie100sims HighConfidence_Coop logSong.rep.final jackedEmberizidae.csv,HighConfidence_Coop,Song.rep.final,Non-Cooperative,Cooperative,1,0.52,162,Emberizidae,52,0.041202946,,100
2024-04-25HackettOscine Brownie100sims HighConfidence_Coop logSong.rep.final jackedEstrildidae.csv,HighConfidence_Coop,Song.rep.final,Non-Cooperative,Cooperative,1,0.59,206,Estrildidae,59,0.038491275,,100
2024-04-25HackettOscine Brownie100sims HighConfidence_Coop logSong.rep.final jackedFringillidae.csv,HighConfidence_Coop,Song.rep.final,Non-Cooperative,Cooperative,1,0.45,203,Fringillidae,45,0.053427493,,100
2024-04-25HackettOscine Brownie100sims HighConfidence_Coop logSong.rep.final jackedHirundinidae.csv,HighConfidence_Coop,Song.rep.final,Non-Cooperative,Cooperative,1,0.84,206,Hirundinidae,84,0.015733274,,100
2024-04-25HackettOscine Brownie100sims HighConfidence_Coop logSong.rep.final jackedIcteridae.csv,HighConfidence_Coop,Song.rep.final,Non-Cooperative,Cooperative,1,0.56,193,Icteridae,56,0.039803103,,100
2024-04-25HackettOscine Brownie100sims HighConfidence_Coop logSong.rep.final jackedMimidae.csv,HighConfidence_Coop,Song.rep.final,Non-Cooperative,Cooperative,0.99,0.52,205,Mimidae,52,0.045296508,,100
2024-04-25HackettOscine Brownie100sims HighConfidence_Coop logSong.rep.final jackedMotacillidae.csv,HighConfidence_Coop,Song.rep.final,Non-Cooperative,Cooperative,1,0.5,206,Motacillidae,50,0.04792314,,100
2024-04-25HackettOscine Brownie100sims HighConfidence_Coop logSong.rep.final jackedMuscicapidae.csv,HighConfidence_Coop,Song.rep.final,Non-Cooperative,Cooperative,0.98,0.66,203,Muscicapidae,66,0.03290746,,100
2024-04-25HackettOscine Brownie100sims HighConfidence_Coop logSong.rep.final jackedParidae.csv,HighConfidence_Coop,Song.rep.final,Non-Cooperative,Cooperative,1,0.63,197,Paridae,63,0.027160114,,100
2024-04-25HackettOscine Brownie100sims HighConfidence_Coop logSong.rep.final jackedParulidae.csv,HighConfidence_Coop,Song.rep.final,Non-Cooperative,Cooperative,1,0.7,182,Parulidae,70,0.028493679,,100
2024-04-25HackettOscine Brownie100sims HighConfidence_Coop logSong.rep.final jackedReguliidae.csv,HighConfidence_Coop,Song.rep.final,Non-Cooperative,Cooperative,1,0.59,207,Reguliidae,59,0.03710559,,100
2024-04-26HackettOscine Brownie100sims HighConfidence_Coop logSong.rep.final jackedSylviidae.csv,HighConfidence_Coop,Song.rep.final,Non-Cooperative,Cooperative,1,0.44,193,Sylviidae,44,0.071339767,,100
2024-04-26HackettOscine Brownie100sims HighConfidence_Coop logSong.rep.final jackedTroglodytidae.csv,HighConfidence_Coop,Song.rep.final,Non-Cooperative,Cooperative,1,0.52,196,Troglodytidae,52,0.045922427,,100
2024-04-26HackettOscine Brownie100sims HighConfidence_Coop logSong.rep.final jackedTurdidae.csv,HighConfidence_Coop,Song.rep.final,Non-Cooperative,Cooperative,0.99,0.59,195,Turdidae,59,0.039713498,,100
2024-04-26HackettOscine Brownie100sims HighConfidence_Coop logSong.rep.final jackedViduidae.csv,HighConfidence_Coop,Song.rep.final,Non-Cooperative,Cooperative,1,0.5,207,Viduidae,50,0.049135753,,100
2024-04-26HackettOscine Brownie100sims HighConfidence_Coop logSong.rep.final jackedVireonidae.csv,HighConfidence_Coop,Song.rep.final,Non-Cooperative,Cooperative,1,0.43,198,Vireonidae,43,0.061169307,,100
2024-04-26HackettOscine Brownie100sims HighConfidence_Coop logSyllable.rep.final jackedNone.csv,HighConfidence_Coop,Syllable.rep.final,Non-Cooperative,Cooperative,0.98,0.13,118,None,13,0.294092773,1,100
2024-04-26HackettOscine Brownie100sims HighConfidence_Coop logSyllable.rep.final jackedAlaudidae.csv,HighConfidence_Coop,Syllable.rep.final,Non-Cooperative,Cooperative,0.98,0.16,116,Alaudidae,16,0.243851543,,100
2024-04-26HackettOscine Brownie100sims HighConfidence_Coop logSyllable.rep.final jackedCardinalidae.csv,HighConfidence_Coop,Syllable.rep.final,Non-Cooperative,Cooperative,0.99,0.14,115,Cardinalidae,14,0.244208171,,100
2024-04-26HackettOscine Brownie100sims HighConfidence_Coop logSyllable.rep.final jackedEmberizidae.csv,HighConfidence_Coop,Syllable.rep.final,Non-Cooperative,Cooperative,0.99,0.14,97,Emberizidae,14,0.370775953,,100
2024-04-26HackettOscine Brownie100sims HighConfidence_Coop logSyllable.rep.final jackedEstrildidae.csv,HighConfidence_Coop,Syllable.rep.final,Non-Cooperative,Cooperative,1,0.19,115,Estrildidae,19,0.21041618,,100
2024-04-26HackettOscine Brownie100sims HighConfidence_Coop logSyllable.rep.final jackedFringillidae.csv,HighConfidence_Coop,Syllable.rep.final,Non-Cooperative,Cooperative,0.98,0.16,110,Fringillidae,16,0.230293067,,100
2024-04-26HackettOscine Brownie100sims HighConfidence_Coop logSyllable.rep.final jackedHirundinidae.csv,HighConfidence_Coop,Syllable.rep.final,Non-Cooperative,Cooperative,0.98,0.13,114,Hirundinidae,13,0.283435682,,100
2024-04-26HackettOscine Brownie100sims HighConfidence_Coop logSyllable.rep.final jackedIcteridae.csv,HighConfidence_Coop,Syllable.rep.final,Non-Cooperative,Cooperative,0.99,0.19,106,Icteridae,19,0.213700348,,100
2024-04-26HackettOscine Brownie100sims HighConfidence_Coop logSyllable.rep.final jackedMimidae.csv,HighConfidence_Coop,Syllable.rep.final,Non-Cooperative,Cooperative,0.97,0.27,114,Mimidae,27,0.140369708,,100
2024-04-26HackettOscine Brownie100sims HighConfidence_Coop logSyllable.rep.final jackedMotacillidae.csv,HighConfidence_Coop,Syllable.rep.final,Non-Cooperative,Cooperative,0.99,0.23,114,Motacillidae,23,0.195419367,,100
2024-04-26HackettOscine Brownie100sims HighConfidence_Coop logSyllable.rep.final jackedMuscicapidae.csv,HighConfidence_Coop,Syllable.rep.final,Non-Cooperative,Cooperative,0.97,0.16,112,Muscicapidae,16,0.238092047,,100
2024-04-26HackettOscine Brownie100sims HighConfidence_Coop logSyllable.rep.final jackedParidae.csv,HighConfidence_Coop,Syllable.rep.final,Non-Cooperative,Cooperative,0.98,0.19,113,Paridae,19,0.210741681,,100
2024-04-26HackettOscine Brownie100sims HighConfidence_Coop logSyllable.rep.final jackedParulidae.csv,HighConfidence_Coop,Syllable.rep.final,Non-Cooperative,Cooperative,0.97,0.22,110,Parulidae,22,0.187893874,,100
2024-04-26HackettOscine Brownie100sims HighConfidence_Coop logSyllable.rep.final jackedReguliidae.csv,HighConfidence_Coop,Syllable.rep.final,Non-Cooperative,Cooperative,0.98,0.14,116,Reguliidae,14,0.282039551,,100
2024-04-26HackettOscine Brownie100sims HighConfidence_Coop logSyllable.rep.final jackedSturnidae.csv,HighConfidence_Coop,Syllable.rep.final,Non-Cooperative,Cooperative,0.98,0.15,116,Sturnidae,15,0.365128444,,100
2024-04-26HackettOscine Brownie100sims HighConfidence_Coop logSyllable.rep.final jackedSylviidae.csv,HighConfidence_Coop,Syllable.rep.final,Non-Cooperative,Cooperative,0.98,0.15,100,Sylviidae,15,0.214727948,,100
2024-04-26HackettOscine Brownie100sims HighConfidence_Coop logSyllable.rep.final jackedTroglodytidae.csv,HighConfidence_Coop,Syllable.rep.final,Non-Cooperative,Cooperative,0.98,0.09,116,Troglodytidae,9,0.309016535,,100
2024-04-26HackettOscine Brownie100sims HighConfidence_Coop logSyllable.rep.final jackedTurdidae.csv,HighConfidence_Coop,Syllable.rep.final,Non-Cooperative,Cooperative,0.99,0.18,111,Turdidae,18,0.195827097,,100