"","treenum","column1","column2","coopQ01","coopQ10","FSQAbsPres","FSQPresAbs","Nspecies","propFSabsent","propFSpresent","propNoncoop","propCoop","ObsProp0Absent","ObsProp0Present","ObsProp1Absent","ObsProp1Present","totaltime"
"temprow","1","MeanCoopTie2Noncoop","Female_song_score","0.0138308850326657","0.0485126026993092","0.0680803386891222","0.0364220847554693","997","0.312323548978356","0.687676451021644","0.888107656016379","0.111892343983621","0.287914227529735","0.600193428486644","0.024409321448621","0.0874830225350001","8435.52578892806"
"temprow.1","2","MeanCoopTie2Noncoop","Female_song_score","0.0138308850326657","0.0485126026993092","0.0680803386891222","0.0364220847554693","997","0.316669674373738","0.683330325626262","0.884866466440639","0.11513353355936","0.294288297990877","0.590578168449762","0.0223813763828608","0.0927521571764996","8435.52578892806"
"temprow.2","3","MeanCoopTie2Noncoop","Female_song_score","0.0138308850326657","0.0485126026993092","0.0680803386891222","0.0364220847554693","997","0.324110566869502","0.675889433130498","0.88348579605484","0.11651420394516","0.295521556640601","0.58796423941424","0.028589010228901","0.0879251937162587","8435.52578892806"
"temprow.3","4","MeanCoopTie2Noncoop","Female_song_score","0.0138308850326657","0.0485126026993092","0.0680803386891222","0.0364220847554693","997","0.325591866518913","0.674408133481087","0.883487670652389","0.116512329347611","0.294365932367341","0.589121738285048","0.0312259341515721","0.0852863951960387","8435.52578892806"
"temprow.4","5","MeanCoopTie2Noncoop","Female_song_score","0.0138308850326657","0.0485126026993092","0.0680803386891222","0.0364220847554693","997","0.3176143934198","0.6823856065802","0.861925648550864","0.138074351449136","0.283129489655025","0.57879615889584","0.0344849037647749","0.103589447684361","8435.52578892806"
"temprow.5","6","MeanCoopTie2Noncoop","Female_song_score","0.0138308850326657","0.0485126026993092","0.0680803386891222","0.0364220847554693","997","0.365460825192462","0.634539174807538","0.869949675991005","0.130050324008995","0.331699643509911","0.538250032481094","0.0337611816825505","0.0962891423264445","8435.52578892806"
"temprow.6","7","MeanCoopTie2Noncoop","Female_song_score","0.0138308850326657","0.0485126026993092","0.0680803386891222","0.0364220847554693","997","0.304618444601174","0.695381555398826","0.861632371874181","0.138367628125819","0.275553802037452","0.586078569836729","0.0290646425637222","0.109302985562097","8435.52578892806"
"temprow.7","8","MeanCoopTie2Noncoop","Female_song_score","0.0138308850326657","0.0485126026993092","0.0680803386891222","0.0364220847554693","997","0.305484603470228","0.694515396529772","0.881038265195989","0.11896173480401","0.273617902265969","0.607420362930021","0.031866701204259","0.0870950335997513","8435.52578892806"
"temprow.8","9","MeanCoopTie2Noncoop","Female_song_score","0.0138308850326657","0.0485126026993092","0.0680803386891222","0.0364220847554693","997","0.325112704810653","0.674887295189347","0.873377023179145","0.126622976820855","0.291788302514998","0.581588720664147","0.0333244022956546","0.0932985745252004","8435.52578892806"
"temprow.9","10","MeanCoopTie2Noncoop","Female_song_score","0.0138308850326657","0.0485126026993092","0.0680803386891222","0.0364220847554693","997","0.333601358833531","0.666398641166469","0.886461754608729","0.113538245391271","0.30230706509583","0.584154689512899","0.0312942937377012","0.0822439516535698","8435.52578892806"
