"","treenum","column1","column2","coopQ01","coopQ10","FSQAbsPres","FSQPresAbs","Nspecies","propFSabsent","propFSpresent","propNoncoop","propCoop","ObsProp0Absent","ObsProp0Present","ObsProp1Absent","ObsProp1Present","totaltime","chiStat","chiPval","chiStatSim","chiPvalSim"
"temprow","1","MeanCoopTie2Noncoop","FemaleSong","0.0138308850285423","0.0485126027039575","0.0680803386958859","0.0364220847561714","315","0.260164264181609","0.739835735818391","0.905069715578392","0.0949302844216079","0.228543800412502","0.67652591516589","0.0316204637691061","0.0633098206525018","3570.65874121","10.0063286913476","0.00156003198994989","10.4221971685479","0.00349825087456272"
"temprow.1","2","MeanCoopTie2Noncoop","FemaleSong","0.0138308850285423","0.0485126027039575","0.0680803386958859","0.0364220847561714","315","0.283932823597801","0.716067176402199","0.868652983910403","0.131347016089597","0.262753173117505","0.605899810792899","0.0211796504802964","0.1101673656093","3570.65874121","38.821968946493","4.6427317777645e-10","39.5095353860488","0.000499750124937531"
"temprow.2","3","MeanCoopTie2Noncoop","FemaleSong","0.0138308850285423","0.0485126027039575","0.0680803386958859","0.0364220847561714","315","0.285721786969962","0.714278213030038","0.875510980459409","0.124489019540591","0.248807578563167","0.626703401896241","0.0369142084067949","0.0875748111337965","3570.65874121","0.242762914517824","0.622217675442969","0.301172613181061","0.625187406296852"
"temprow.3","4","MeanCoopTie2Noncoop","FemaleSong","0.0138308850285423","0.0485126027039575","0.0680803386958859","0.0364220847561714","315","0.276357663702186","0.723642336297814","0.865512530924981","0.134487469075019","0.23302886410045","0.632483666824531","0.0433287996017356","0.0911586694732829","3570.65874121","5.71533846438702","0.0168173220951287","5.98058889207979","0.0214892553723138"
"temprow.4","5","MeanCoopTie2Noncoop","FemaleSong","0.0138308850285423","0.0485126027039575","0.0680803386958859","0.0364220847561714","315","0.219352190175506","0.780647809824494","0.89953487930884","0.10046512069116","0.195356913711126","0.704177965597713","0.0239952764643794","0.076469844226781","3570.65874121","0.807182082153639","0.368954682609065","0.93248439462107","0.335332333833083"
"temprow.5","6","MeanCoopTie2Noncoop","FemaleSong","0.0138308850285423","0.0485126027039575","0.0680803386958859","0.0364220847561714","315","0.233150082923725","0.766849917076275","0.862641478178045","0.137358521821955","0.199650961740064","0.662990516437981","0.0334991211836612","0.103859400638294","3570.65874121","0.325514357753076","0.568312411639718","0.394371316856843","0.562218890554723"
"temprow.6","7","MeanCoopTie2Noncoop","FemaleSong","0.0138308850285423","0.0485126027039575","0.0680803386958859","0.0364220847561714","315","0.280061502377122","0.719938497622878","0.916042583373057","0.0839574166269429","0.264209316560016","0.651833266813041","0.0158521858171063","0.0681052308098367","3570.65874121","12.7056039383501","0.000364561429383276","13.1889650269518","0.000999500249875062"
"temprow.7","8","MeanCoopTie2Noncoop","FemaleSong","0.0138308850285423","0.0485126027039575","0.0680803386958859","0.0364220847561714","315","0.282086921990392","0.717913078009608","0.820227802699016","0.179772197300984","0.238194582597536","0.58203322010148","0.0438923393928553","0.135879857908128","3570.65874121","5.27386518958711","0.0216478943410811","5.49854854492773","0.0249875062468766"
"temprow.8","9","MeanCoopTie2Noncoop","FemaleSong","0.0138308850285423","0.0485126027039575","0.0680803386958859","0.0364220847561714","315","0.239785702108126","0.760214297891874","0.888593994321416","0.111406005678584","0.206946681764155","0.681647312557262","0.0328390203439709","0.0785669853346127","3570.65874121","6.90509086558007","0.00859506579528242","7.23628871835908","0.0079960019990005"
"temprow.9","10","MeanCoopTie2Noncoop","FemaleSong","0.0138308850285423","0.0485126027039575","0.0680803386958859","0.0364220847561714","315","0.236905060688852","0.763094939311148","0.892880989807964","0.107119010192036","0.213811944380379","0.679069045427585","0.0230931163084729","0.0840258938835628","3570.65874121","1.017094496865","0.31320919542925","1.14961461834506","0.316841579210395"
"temprow.10","11","MeanCoopTie2Noncoop","FemaleSong","0.0138308850285423","0.0485126027039575","0.0680803386958859","0.0364220847561714","315","0.250978675339354","0.749021324660646","0.877842700521101","0.122157299478899","0.218169222355082","0.659673478166019","0.032809452984272","0.0893478464946264","3570.65874121","0.695187071361048","0.404405649259038","0.796955259390446","0.370314842578711"
"temprow.11","12","MeanCoopTie2Noncoop","FemaleSong","0.0138308850285423","0.0485126027039575","0.0680803386958859","0.0364220847561714","315","0.231563216632606","0.768436783367394","0.885075763825747","0.114924236174253","0.199699182443169","0.685376581382578","0.031864034189437","0.0830602019848157","3570.65874121","5.18417371630971","0.0227935081832072","5.47105521843199","0.0219890054972514"
"temprow.12","13","MeanCoopTie2Noncoop","FemaleSong","0.0138308850285423","0.0485126027039575","0.0680803386958859","0.0364220847561714","315","0.257297951972009","0.742702048027991","0.804313320081305","0.195686679918695","0.191794747660675","0.61251857242063","0.065503204311334","0.130183475607361","3570.65874121","26.7509128686866","2.31442369001208e-07","27.2522146342109","0.000499750124937531"
"temprow.13","14","MeanCoopTie2Noncoop","FemaleSong","0.0138308850285423","0.0485126027039575","0.0680803386958859","0.0364220847561714","315","0.289352983131528","0.710647016868472","0.879896044031799","0.120103955968201","0.264410638689382","0.615485405342417","0.0249423444421467","0.0951616115260542","3570.65874121","15.4254383004307","8.5825152714813e-05","15.8744964813183","0.000499750124937531"
"temprow.14","15","MeanCoopTie2Noncoop","FemaleSong","0.0138308850285423","0.0485126027039575","0.0680803386958859","0.0364220847561714","315","0.274480710245436","0.725519289754564","0.838066290188636","0.161933709811364","0.234113704143339","0.603952586045296","0.0403670061020971","0.121566703709267","3570.65874121","2.0675135017221","0.150466663858436","2.21650648165345","0.131434282858571"
"temprow.15","16","MeanCoopTie2Noncoop","FemaleSong","0.0138308850285423","0.0485126027039575","0.0680803386958859","0.0364220847561714","315","0.270532247849126","0.729467752150874","0.897449136598254","0.102550863401746","0.247437426226281","0.650011710371973","0.0230948216228448","0.0794560417789015","3570.65874121","4.20379369007109","0.0403336520385257","4.46230906883158","0.0269865067466267"
"temprow.16","17","MeanCoopTie2Noncoop","FemaleSong","0.0138308850285423","0.0485126027039575","0.0680803386958859","0.0364220847561714","315","0.289679277268","0.710320722732","0.900253284392442","0.0997467156075585","0.256719825538441","0.643533458854","0.032959451729559","0.0667872638779994","3570.65874121","3.10787347593692","0.0779146268411664","3.32871121998109","0.0689655172413793"
"temprow.17","18","MeanCoopTie2Noncoop","FemaleSong","0.0138308850285423","0.0485126027039575","0.0680803386958859","0.0364220847561714","315","0.274668578171138","0.725331421828862","0.886711712521699","0.113288287478301","0.24579416414382","0.640917548377879","0.028874414027318","0.0844138734509834","3570.65874121","0.791013423619415","0.373793864288404","0.899771076108021","0.359320339830085"
"temprow.18","19","MeanCoopTie2Noncoop","FemaleSong","0.0138308850285423","0.0485126027039575","0.0680803386958859","0.0364220847561714","315","0.272354553018555","0.727645446981446","0.830617841410766","0.169382158589234","0.220167844062128","0.610449997348638","0.0521867089564264","0.117195449632807","3570.65874121","4.45633687864359","0.0347719885997517","4.67055795038111","0.0294852573713143"
"temprow.19","20","MeanCoopTie2Noncoop","FemaleSong","0.0138308850285423","0.0485126027039575","0.0680803386958859","0.0364220847561714","315","0.245338415330775","0.754661584669225","0.915804945585657","0.0841950544143435","0.224780529198951","0.691024416386706","0.020557886131824","0.0636371682825194","3570.65874121","0.000252934201175411","0.987311054483917","0.00739580992078895","0.951024487756122"
"temprow.20","21","MeanCoopTie2Noncoop","FemaleSong","0.0138308850285423","0.0485126027039575","0.0680803386958859","0.0364220847561714","315","0.274316034694902","0.725683965305098","0.827408809419348","0.172591190580652","0.237397637690689","0.590011171728659","0.0369183970042132","0.135672793576439","3570.65874121","13.1622135066528","0.000285651250374904","13.5247851039971","0.000999500249875062"
"temprow.21","22","MeanCoopTie2Noncoop","FemaleSong","0.0138308850285423","0.0485126027039575","0.0680803386958859","0.0364220847561714","315","0.276118334894454","0.723881665105546","0.825722686917821","0.174277313082179","0.238387046699492","0.587335640218329","0.0377312881949616","0.136546024887217","3570.65874121","12.9730472695476","0.00031600727333757","13.3307252997839","0.000499750124937531"
"temprow.22","23","MeanCoopTie2Noncoop","FemaleSong","0.0138308850285423","0.0485126027039575","0.0680803386958859","0.0364220847561714","315","0.185586826438762","0.814413173561238","0.890178273540211","0.109821726459789","0.164682279330711","0.7254959942095","0.020904547108051","0.088917179351738","3570.65874121","0.0547651108455653","0.814969865905247","0.0917173482673135","0.782108945527236"
"temprow.23","24","MeanCoopTie2Noncoop","FemaleSong","0.0138308850285423","0.0485126027039575","0.0680803386958859","0.0364220847561714","315","0.300034591800429","0.699965408199571","0.904638967286485","0.0953610327135154","0.276877411992225","0.627761555294259","0.0231571798082036","0.0722038529053118","3570.65874121","5.47755031807203","0.019262234971061","5.77217754309456","0.0174912543728136"
"temprow.24","25","MeanCoopTie2Noncoop","FemaleSong","0.0138308850285423","0.0485126027039575","0.0680803386958859","0.0364220847561714","315","0.289966385921818","0.710033614078182","0.86279948421718","0.13720051578282","0.248432784294936","0.614366699922244","0.0415336016268819","0.0956669141559378","3570.65874121","0.345227255987631","0.556827379305847","0.411086899758129","0.558220889555222"
"temprow.25","26","MeanCoopTie2Noncoop","FemaleSong","0.0138308850285423","0.0485126027039575","0.0680803386958859","0.0364220847561714","315","0.248181003413634","0.751818996586366","0.902030746973494","0.0979692530265065","0.222428451197329","0.679602295776165","0.0257525522163051","0.0722167008102013","3570.65874121","0.368976697417411","0.543562584713267","0.452374371344496","0.519740129935032"
"temprow.26","27","MeanCoopTie2Noncoop","FemaleSong","0.0138308850285423","0.0485126027039575","0.0680803386958859","0.0364220847561714","315","0.243252416633423","0.756747583366577","0.88332441538909","0.11667558461091","0.196580503938649","0.686743911450441","0.0466719126947742","0.070003671916136","3570.65874121","62.3455994246237","2.88174653070094e-15","63.308104007755","0.000499750124937531"
"temprow.27","28","MeanCoopTie2Noncoop","FemaleSong","0.0138308850285423","0.0485126027039575","0.0680803386958859","0.0364220847561714","315","0.299345933513064","0.700654066486936","0.875373939925963","0.124626060074037","0.26257169946206","0.612802240463903","0.0367742340510043","0.0878518260230332","3570.65874121","0.0359307087299425","0.849658657309714","0.0599611174848158","0.823088455772114"
"temprow.28","29","MeanCoopTie2Noncoop","FemaleSong","0.0138308850285423","0.0485126027039575","0.0680803386958859","0.0364220847561714","315","0.222767335052775","0.777232664947225","0.887697392191972","0.112302607808028","0.183030847227207","0.704666544964765","0.0397364878255678","0.0725661199824599","3570.65874121","44.0458748101496","3.20769180394694e-11","44.8951060078405","0.000499750124937531"
"temprow.29","30","MeanCoopTie2Noncoop","FemaleSong","0.0138308850285423","0.0485126027039575","0.0680803386958859","0.0364220847561714","315","0.23239668469858","0.76760331530142","0.875790756496949","0.124209243503051","0.197058385053172","0.678732371443778","0.035338299645408","0.0888709438576426","3570.65874121","7.33509345164137","0.00676211637438081","7.66421050777705","0.00549725137431284"
"temprow.30","31","MeanCoopTie2Noncoop","FemaleSong","0.0138308850285423","0.0485126027039575","0.0680803386958859","0.0364220847561714","315","0.296806905144454","0.703193094855546","0.886876179842637","0.113123820157363","0.259633579895184","0.627242599947453","0.0371733252492699","0.0759504949080926","3570.65874121","2.11562649220566","0.145802377242955","2.28716449755612","0.135932033983008"
"temprow.31","32","MeanCoopTie2Noncoop","FemaleSong","0.0138308850285423","0.0485126027039575","0.0680803386958859","0.0364220847561714","315","0.223615509064708","0.776384490935292","0.850333774915582","0.149666225084418","0.184578608518319","0.665755166397264","0.0390369005463892","0.110629324538029","3570.65874121","4.64553557924349","0.031134420384394","4.8914805245972","0.0254872563718141"
"temprow.32","33","MeanCoopTie2Noncoop","FemaleSong","0.0138308850285423","0.0485126027039575","0.0680803386958859","0.0364220847561714","315","0.282951396086726","0.717048603913274","0.87895855449841","0.12104144550159","0.2571381273735","0.62182042712491","0.0258132687132262","0.0952281767883635","3570.65874121","11.464629524763","0.000709333704462462","11.8536490920543","0.00149925037481259"
"temprow.33","34","MeanCoopTie2Noncoop","FemaleSong","0.0138308850285423","0.0485126027039575","0.0680803386958859","0.0364220847561714","315","0.268205926774709","0.731794073225291","0.917405170360978","0.0825948296390224","0.235774684291119","0.681630486069859","0.0324312424835895","0.0501635871554329","3570.65874121","24.8850994563017","6.08509466888334e-07","25.5742195766959","0.000499750124937531"
"temprow.34","35","MeanCoopTie2Noncoop","FemaleSong","0.0138308850285423","0.0485126027039575","0.0680803386958859","0.0364220847561714","315","0.303619954230121","0.696380045769879","0.867276090003298","0.132723909996702","0.258524472125954","0.608751617877344","0.045095482104167","0.0876284278925351","3570.65874121","3.17619101131473","0.0747187187925383","3.37024030365931","0.0569715142428786"
"temprow.35","36","MeanCoopTie2Noncoop","FemaleSong","0.0138308850285423","0.0485126027039575","0.0680803386958859","0.0364220847561714","315","0.253815941937323","0.746184058062677","0.889230799397161","0.110769200602839","0.208311809604295","0.680918989792865","0.0455041323330271","0.0652650682698124","3570.65874121","56.403098517955","5.90372642284092e-14","57.3276285537126","0.000499750124937531"
"temprow.36","37","MeanCoopTie2Noncoop","FemaleSong","0.0138308850285423","0.0485126027039575","0.0680803386958859","0.0364220847561714","315","0.247258491818017","0.752741508181983","0.814124149244694","0.185875850755306","0.207347391616016","0.606776757628678","0.0399111002020006","0.145964750553305","3570.65874121","4.2536732134725","0.0391655309342652","4.4617780721274","0.0359820089955022"
"temprow.37","38","MeanCoopTie2Noncoop","FemaleSong","0.0138308850285423","0.0485126027039575","0.0680803386958859","0.0364220847561714","315","0.325008000091062","0.674991999908938","0.869196839606959","0.130803160393041","0.281828768684705","0.587368070922254","0.0431792314063565","0.0876239289866848","3570.65874121","0.0346994018500464","0.85222695141881","0.0572485658837331","0.838580709645177"
"temprow.38","39","MeanCoopTie2Noncoop","FemaleSong","0.0138308850285423","0.0485126027039575","0.0680803386958859","0.0364220847561714","315","0.268893827207162","0.731106172792838","0.877615920126218","0.122384079873782","0.225681567459336","0.651934352666882","0.0432122597478255","0.0791718201259567","3570.65874121","17.2109850167128","3.34496572970577e-05","17.6921147465405","0.000499750124937531"
"temprow.39","40","MeanCoopTie2Noncoop","FemaleSong","0.0138308850285423","0.0485126027039575","0.0680803386958859","0.0364220847561714","315","0.309032623557121","0.690967376442879","0.86921332203672","0.13078667796328","0.266160203153","0.60305311888372","0.0428724204041211","0.0879142575591589","3570.65874121","0.778522770888608","0.377593310020731","0.876187392637904","0.35632183908046"
"temprow.40","41","MeanCoopTie2Noncoop","FemaleSong","0.0138308850285423","0.0485126027039575","0.0680803386958859","0.0364220847561714","315","0.284083623850249","0.715916376149751","0.870109102608998","0.129890897391002","0.251633868652655","0.618475233956342","0.0324497551975941","0.0974411421934083","3570.65874121","2.84834164265585","0.0914682427491588","3.03765534335416","0.087456271864068"
"temprow.41","42","MeanCoopTie2Noncoop","FemaleSong","0.0138308850285423","0.0485126027039575","0.0680803386958859","0.0364220847561714","315","0.242954544673016","0.757045455326984","0.872207167116958","0.127792832883042","0.18718597098849","0.685021196128468","0.0557685736845266","0.0720242591985152","3570.65874121","105.298213963399","1.05070818984387e-24","106.501514128142","0.000499750124937531"
"temprow.42","43","MeanCoopTie2Noncoop","FemaleSong","0.0138308850285423","0.0485126027039575","0.0680803386958859","0.0364220847561714","315","0.225916464586388","0.774083535413612","0.869241971808239","0.130758028191761","0.195521015192797","0.673720956615442","0.030395449393591","0.10036257879817","3570.65874121","0.123731528547153","0.72502206401748","0.16899703412623","0.725137431284358"
"temprow.43","44","MeanCoopTie2Noncoop","FemaleSong","0.0138308850285423","0.0485126027039575","0.0680803386958859","0.0364220847561714","315","0.237904093052032","0.762095906947968","0.897190497067021","0.102809502932979","0.209303367975017","0.687887129092004","0.0286007250770149","0.0742087778559644","3570.65874121","3.38889040289008","0.0656371064411181","3.63136677636007","0.0689655172413793"
"temprow.44","45","MeanCoopTie2Noncoop","FemaleSong","0.0138308850285423","0.0485126027039575","0.0680803386958859","0.0364220847561714","315","0.31147164409322","0.68852835590678","0.898711682201391","0.101288317798609","0.266260953852286","0.632450728349105","0.0452106902409338","0.0560776275576748","3570.65874121","33.1819011730862","8.39280832424676e-09","33.8760054385583","0.000499750124937531"
"temprow.45","46","MeanCoopTie2Noncoop","FemaleSong","0.0138308850285423","0.0485126027039575","0.0680803386958859","0.0364220847561714","315","0.307850975635666","0.692149024364334","0.905985258363342","0.094014741636658","0.278316271760223","0.627668986603119","0.0295347038754437","0.0644800377612144","3570.65874121","0.0291253294322654","0.864489978996016","0.0542102623989017","0.846576711644178"
"temprow.46","47","MeanCoopTie2Noncoop","FemaleSong","0.0138308850285423","0.0485126027039575","0.0680803386958859","0.0364220847561714","315","0.250894157572307","0.749105842427693","0.859109739257063","0.140890260742937","0.187640622989127","0.671469116267937","0.0632535345831803","0.0776367261597562","3570.65874121","121.379351490451","3.15623434086366e-28","122.604875191985","0.000499750124937531"
"temprow.47","48","MeanCoopTie2Noncoop","FemaleSong","0.0138308850285423","0.0485126027039575","0.0680803386958859","0.0364220847561714","315","0.280678617777712","0.719321382222288","0.809709250571557","0.190290749428443","0.219825121323555","0.589884129248002","0.0608534964541573","0.129437252974286","3570.65874121","6.05358018948492","0.0138781296283512","6.28934898846946","0.0174912543728136"
"temprow.48","49","MeanCoopTie2Noncoop","FemaleSong","0.0138308850285423","0.0485126027039575","0.0680803386958859","0.0364220847561714","315","0.314270155687679","0.685729844312321","0.815142245965022","0.184857754034978","0.241321868671851","0.573820377293172","0.072948287015828","0.111909467019149","3570.65874121","23.4406227436383","1.28829155078721e-06","23.892440448244","0.000499750124937531"
"temprow.49","50","MeanCoopTie2Noncoop","FemaleSong","0.0138308850285423","0.0485126027039575","0.0680803386958859","0.0364220847561714","315","0.266846688009435","0.733153311990565","0.898038514913614","0.101961485086386","0.248647753738566","0.649390761175048","0.0181989342708691","0.0837625508155173","3570.65874121","15.6537542655999","7.60614376995515e-05","16.1523866488812","0.000499750124937531"
"temprow.50","51","MeanCoopTie2Noncoop","FemaleSong","0.0138308850285423","0.0485126027039575","0.0680803386958859","0.0364220847561714","315","0.314568029674129","0.685431970325871","0.871328824742296","0.128671175257704","0.276136793619086","0.595192031123209","0.0384312360550427","0.0902399392026614","3570.65874121","0.549763904854988","0.458414178520562","0.63250393573107","0.454772613693153"
"temprow.51","52","MeanCoopTie2Noncoop","FemaleSong","0.0138308850285423","0.0485126027039575","0.0680803386958859","0.0364220847561714","315","0.249492802040587","0.750507197959413","0.792803267079025","0.207196732920974","0.199688380142014","0.593114886937012","0.0498044218985729","0.157392311022402","3570.65874121","0.342884744163701","0.558168807025886","0.401028973489535","0.515742128935532"
"temprow.52","53","MeanCoopTie2Noncoop","FemaleSong","0.0138308850285423","0.0485126027039575","0.0680803386958859","0.0364220847561714","315","0.260346287754601","0.739653712245399","0.863290418003799","0.136709581996201","0.234983275655489","0.62830714234831","0.0253630120991118","0.111346569897089","3570.65874121","15.8116211167884","6.99714240928825e-05","16.25573517534","0.000999500249875062"
"temprow.53","54","MeanCoopTie2Noncoop","FemaleSong","0.0138308850285423","0.0485126027039575","0.0680803386958859","0.0364220847561714","315","0.308046617743118","0.691953382256882","0.872123492050774","0.127876507949226","0.258722937258249","0.613400554792525","0.0493236804848692","0.0785528274643571","3570.65874121","14.4431981363972","0.000144450590919594","14.8588587848831","0.000499750124937531"
"temprow.54","55","MeanCoopTie2Noncoop","FemaleSong","0.0138308850285423","0.0485126027039575","0.0680803386958859","0.0364220847561714","315","0.205488847874646","0.794511152125354","0.886718575026479","0.113281424973521","0.165154365368535","0.721564209657944","0.0403344825061107","0.0729469424674102","3570.65874121","62.4182366168002","2.77739399160787e-15","63.4552958689241","0.000499750124937531"
"temprow.55","56","MeanCoopTie2Noncoop","FemaleSong","0.0138308850285423","0.0485126027039575","0.0680803386958859","0.0364220847561714","315","0.292965734912006","0.707034265087994","0.794503622075853","0.205496377924147","0.2179444725555","0.576559149520353","0.0750212623565063","0.130475115567641","3570.65874121","22.8215074409807","1.77765203427096e-06","23.2582704580846","0.000499750124937531"
"temprow.56","57","MeanCoopTie2Noncoop","FemaleSong","0.0138308850285423","0.0485126027039575","0.0680803386958859","0.0364220847561714","315","0.290344065086071","0.709655934913929","0.854079875698009","0.145920124301991","0.237820755552072","0.616259120145936","0.0525233095339992","0.0933968147679921","3570.65874121","14.2592981758728","0.000159271998649631","14.6563424639764","0.000499750124937531"
"temprow.57","58","MeanCoopTie2Noncoop","FemaleSong","0.0138308850285423","0.0485126027039575","0.0680803386958859","0.0364220847561714","315","0.263050907985548","0.736949092014452","0.8727269392061","0.1272730607939","0.203515724705359","0.669211214500741","0.0595351832801889","0.0677378775137111","3570.65874121","111.769539754897","4.01355138707495e-26","112.977678472588","0.000499750124937531"
"temprow.58","59","MeanCoopTie2Noncoop","FemaleSong","0.0138308850285423","0.0485126027039575","0.0680803386958859","0.0364220847561714","315","0.257467300145039","0.742532699854962","0.883065876803355","0.116934123196645","0.224528276394739","0.658537600408617","0.0329390237502997","0.0839950994463448","3570.65874121","1.36343457808223","0.242943125044004","1.50595650708876","0.233383308345827"
"temprow.59","60","MeanCoopTie2Noncoop","FemaleSong","0.0138308850285423","0.0485126027039575","0.0680803386958859","0.0364220847561714","315","0.290498706970562","0.709501293029438","0.837373069292664","0.162626930707337","0.222658709226801","0.614714360065862","0.0678399977437607","0.0947869329635759","3570.65874121","53.2623705190407","2.91843812156348e-13","53.9942512134676","0.000499750124937531"
"temprow.60","61","MeanCoopTie2Noncoop","FemaleSong","0.0138308850285423","0.0485126027039575","0.0680803386958859","0.0364220847561714","315","0.267835321251643","0.732164678748358","0.824857695553586","0.175142304446414","0.214840762417175","0.610016933136411","0.0529945588344678","0.122147745611946","3570.65874121","4.41774200788002","0.0355670724679453","4.62925915160512","0.0384807596201899"
"temprow.61","62","MeanCoopTie2Noncoop","FemaleSong","0.0138308850285423","0.0485126027039575","0.0680803386958859","0.0364220847561714","315","0.265600947450079","0.734399052549921","0.892714733596898","0.107285266403102","0.235290092590046","0.657424641006852","0.0303108548600324","0.0769744115430696","3570.65874121","0.503743337707037","0.477859933705598","0.594407664623315","0.469765117441279"
"temprow.62","63","MeanCoopTie2Noncoop","FemaleSong","0.0138308850285423","0.0485126027039575","0.0680803386958859","0.0364220847561714","315","0.243834568048492","0.756165431951508","0.864034031579064","0.135965968420936","0.222350963596766","0.641683067982298","0.0214836044517257","0.11448236396921","3570.65874121","21.752485252398","3.10187783316439e-06","22.2857465623797","0.000499750124937531"
"temprow.63","64","MeanCoopTie2Noncoop","FemaleSong","0.0138308850285423","0.0485126027039575","0.0680803386958859","0.0364220847561714","315","0.341446054224216","0.658553945775784","0.853794449245241","0.14620555075476","0.292288761917278","0.561505687327962","0.0491572923069374","0.0970482584478222","3570.65874121","0.0451139568103124","0.831794624362276","0.0688020456045362","0.802598700649675"
"temprow.64","65","MeanCoopTie2Noncoop","FemaleSong","0.0138308850285423","0.0485126027039575","0.0680803386958859","0.0364220847561714","315","0.240187785323957","0.759812214676043","0.851319122284195","0.148680877715805","0.210491539959095","0.6408275823251","0.0296962453648619","0.118984632350943","3570.65874121","5.38665150361585","0.0202913729034687","5.64518165870521","0.015992003998001"
"temprow.65","66","MeanCoopTie2Noncoop","FemaleSong","0.0138308850285423","0.0485126027039575","0.0680803386958859","0.0364220847561714","315","0.28190157121931","0.71809842878069","0.830222581758264","0.169777418241736","0.2286258322486","0.601596749509664","0.0532757389707097","0.116501679271026","3570.65874121","3.44652102796008","0.0633850546506187","3.63295141674334","0.0594702648675662"
"temprow.66","67","MeanCoopTie2Noncoop","FemaleSong","0.0138308850285423","0.0485126027039575","0.0680803386958859","0.0364220847561714","315","0.310967316443499","0.689032683556501","0.807111151653997","0.192888848346003","0.243870752446983","0.563240399207014","0.0670965639965158","0.125792284349487","3570.65874121","5.3032628254007","0.0212855159324588","5.5163084254904","0.0179910044977511"
"temprow.67","68","MeanCoopTie2Noncoop","FemaleSong","0.0138308850285423","0.0485126027039575","0.0680803386958859","0.0364220847561714","315","0.273075856660403","0.726924143339598","0.877478415457279","0.122521584542721","0.242885284873676","0.634593130583603","0.0301905717867264","0.0923310127559943","3570.65874121","1.61197996676197","0.204213703006657","1.76063363256656","0.200899550224888"
"temprow.68","69","MeanCoopTie2Noncoop","FemaleSong","0.0138308850285423","0.0485126027039575","0.0680803386958859","0.0364220847561714","315","0.29003416048987","0.70996583951013","0.870242434764915","0.129757565235085","0.255912440838535","0.614329993926379","0.0341217196513347","0.0956358455837507","3570.65874121","1.6843675823358","0.194345112992474","1.82984337847179","0.190904547726137"
"temprow.69","70","MeanCoopTie2Noncoop","FemaleSong","0.0138308850285423","0.0485126027039575","0.0680803386958859","0.0364220847561714","315","0.286105802715417","0.713894197284583","0.832387737304324","0.167612262695676","0.224203543574867","0.608184193729457","0.0619022591405499","0.105710003555126","3570.65874121","23.9512846940406","9.88043392430671e-07","24.4390209414795","0.000499750124937531"
"temprow.70","71","MeanCoopTie2Noncoop","FemaleSong","0.0138308850285423","0.0485126027039575","0.0680803386958859","0.0364220847561714","315","0.220014033378013","0.779985966621987","0.824398500788537","0.175601499211463","0.154701024953031","0.669697475835506","0.0653130084249815","0.110288490786482","3570.65874121","100.997816165311","9.20849139880342e-24","102.067924678584","0.000499750124937531"
"temprow.71","72","MeanCoopTie2Noncoop","FemaleSong","0.0138308850285423","0.0485126027039575","0.0680803386958859","0.0364220847561714","315","0.315645188669517","0.684354811330483","0.897975328535682","0.102024671464318","0.271131476874729","0.626843851660953","0.0445137117947875","0.0575109596695308","3570.65874121","26.9072930559727","2.13451904948933e-07","27.5281118438702","0.000499750124937531"
"temprow.72","73","MeanCoopTie2Noncoop","FemaleSong","0.0138308850285423","0.0485126027039575","0.0680803386958859","0.0364220847561714","315","0.248789346475173","0.751210653524827","0.890063563395119","0.109936436604881","0.218692726941033","0.671370836454086","0.0300966195341391","0.0798398170707416","3570.65874121","1.24053801472251","0.265367390460744","1.38229955168041","0.254372813593203"
"temprow.73","74","MeanCoopTie2Noncoop","FemaleSong","0.0138308850285423","0.0485126027039575","0.0680803386958859","0.0364220847561714","315","0.233297362970627","0.766702637029373","0.854726570705713","0.145273429294287","0.180253554676139","0.674473016029575","0.0530438082944882","0.0922296209997985","3570.65874121","57.7420429086478","2.98846518399656e-14","58.5989499671191","0.000499750124937531"
"temprow.74","75","MeanCoopTie2Noncoop","FemaleSong","0.0138308850285423","0.0485126027039575","0.0680803386958859","0.0364220847561714","315","0.334589047607749","0.665410952392251","0.889758850221607","0.110241149778394","0.297754198614282","0.592004651607325","0.0368348489934677","0.0734063007849258","3570.65874121","1.84522788451825e-29","0.999999999999997","0.000295162136326285","1"
"temprow.75","76","MeanCoopTie2Noncoop","FemaleSong","0.0138308850285423","0.0485126027039575","0.0680803386958859","0.0364220847561714","315","0.239738687281884","0.760261312718116","0.885672305591022","0.114327694408978","0.218955000839598","0.666717304751423","0.0207836864422852","0.0935440079666932","3570.65874121","8.24370197202262","0.00408936422042266","8.60128689369335","0.00249875062468766"
"temprow.76","77","MeanCoopTie2Noncoop","FemaleSong","0.0138308850285423","0.0485126027039575","0.0680803386958859","0.0364220847561714","315","0.316629991116095","0.683370008883905","0.882334877155871","0.117665122844129","0.295773820362929","0.586561056792942","0.0208561707531656","0.0968089520909629","3570.65874121","42.6004743036414","6.71431022329046e-11","43.3325388074859","0.000499750124937531"
"temprow.77","78","MeanCoopTie2Noncoop","FemaleSong","0.0138308850285423","0.0485126027039575","0.0680803386958859","0.0364220847561714","315","0.283304829982967","0.716695170017033","0.880632158455595","0.119367841544405","0.23308451908732","0.647547639368275","0.050220310895647","0.0691475306487582","3570.65874121","43.9585018669834","3.35412254421718e-11","44.7215280372939","0.000499750124937531"
"temprow.78","79","MeanCoopTie2Noncoop","FemaleSong","0.0138308850285423","0.0485126027039575","0.0680803386958859","0.0364220847561714","315","0.262111147152577","0.737888852847423","0.869537610566299","0.130462389433701","0.222855178596694","0.646682431969605","0.0392559685558831","0.0912064208778176","3570.65874121","3.84386373233604","0.0499283411408624","4.06852479351727","0.0529735132433783"
"temprow.79","80","MeanCoopTie2Noncoop","FemaleSong","0.0138308850285423","0.0485126027039575","0.0680803386958859","0.0364220847561714","315","0.241585265620804","0.758414734379196","0.821610103143348","0.178389896856652","0.183483200581483","0.638126902561865","0.0581020650393206","0.120287831817331","3570.65874121","29.0171929549693","7.1738767161557e-08","29.5700445249367","0.000499750124937531"
"temprow.80","81","MeanCoopTie2Noncoop","FemaleSong","0.0138308850285423","0.0485126027039575","0.0680803386958859","0.0364220847561714","315","0.251514209957616","0.748485790042385","0.819001095164717","0.180998904835283","0.191431180602327","0.62756991456239","0.0600830293552884","0.120915875479995","3570.65874121","26.7490515653755","2.3166540791936e-07","27.2693151937603","0.000499750124937531"
"temprow.81","82","MeanCoopTie2Noncoop","FemaleSong","0.0138308850285423","0.0485126027039575","0.0680803386958859","0.0364220847561714","315","0.291494264432182","0.708505735567818","0.877058029962543","0.122941970037457","0.267043382232248","0.610014647730296","0.0244508821999345","0.098491087837522","3570.65874121","20.6009569100148","5.65678325791644e-06","21.113079508574","0.000499750124937531"
"temprow.82","83","MeanCoopTie2Noncoop","FemaleSong","0.0138308850285423","0.0485126027039575","0.0680803386958859","0.0364220847561714","315","0.310287288118966","0.689712711881034","0.908057080692848","0.0919429193071522","0.285924839224714","0.622132241468134","0.0243624488942516","0.0675804704129006","3570.65874121","3.20721468009633","0.0733141892017698","3.43542551315491","0.0779610194902549"
"temprow.83","84","MeanCoopTie2Noncoop","FemaleSong","0.0138308850285423","0.0485126027039575","0.0680803386958859","0.0364220847561714","315","0.225782524252598","0.774217475747402","0.884556561140251","0.115443438859749","0.188385718563344","0.696170842576907","0.0373968056892534","0.0780466331704953","3570.65874121","25.2916144641431","4.92846719516594e-07","25.9247755105771","0.000499750124937531"
"temprow.84","85","MeanCoopTie2Noncoop","FemaleSong","0.0138308850285423","0.0485126027039575","0.0680803386958859","0.0364220847561714","315","0.258827305851498","0.741172694148502","0.901128952091598","0.0988710479084017","0.245865120332269","0.655263831759329","0.0129621855192285","0.0859088623891732","3570.65874121","32.9531600502877","9.4406171048437e-09","33.6921774418119","0.000499750124937531"
"temprow.85","86","MeanCoopTie2Noncoop","FemaleSong","0.0138308850285423","0.0485126027039575","0.0680803386958859","0.0364220847561714","315","0.244284390594785","0.755715609405215","0.848593652380423","0.151406347619577","0.209896194761098","0.638697457619325","0.0343881958336871","0.11701815178589","3570.65874121","0.874288226601232","0.349770875419793","0.978824770309823","0.292353823088456"
"temprow.86","87","MeanCoopTie2Noncoop","FemaleSong","0.0138308850285423","0.0485126027039575","0.0680803386958859","0.0364220847561714","315","0.217291547905331","0.782708452094669","0.846548972300964","0.153451027699036","0.172133295402225","0.674415676898739","0.0451582525031065","0.108292775195929","3570.65874121","21.7394862656833","3.12296654469954e-06","22.267556799581","0.000499750124937531"
"temprow.87","88","MeanCoopTie2Noncoop","FemaleSong","0.0138308850285423","0.0485126027039575","0.0680803386958859","0.0364220847561714","315","0.250476976097893","0.749523023902107","0.891685212256112","0.108314787743888","0.215426944215696","0.676258268040416","0.0350500318821969","0.0732647558616912","3570.65874121","11.775383662873","0.000600191410524059","12.205663917479","0.000999500249875062"
"temprow.88","89","MeanCoopTie2Noncoop","FemaleSong","0.0138308850285423","0.0485126027039575","0.0680803386958859","0.0364220847561714","315","0.238643817856928","0.761356182143072","0.869230503401438","0.130769496598562","0.210363912442471","0.658866590958967","0.0282799054144573","0.102489591184105","3570.65874121","1.3346994088091","0.247970905699859","1.47262381856449","0.252373813093453"
"temprow.89","90","MeanCoopTie2Noncoop","FemaleSong","0.0138308850285423","0.0485126027039575","0.0680803386958859","0.0364220847561714","315","0.294638656381405","0.705361343618595","0.891816416074448","0.108183583925552","0.267133536172891","0.624682879901557","0.0275051202085137","0.0806784637170382","3570.65874121","3.23522604620311","0.0720703569800785","3.45137109164577","0.0679660169915042"
"temprow.90","91","MeanCoopTie2Noncoop","FemaleSong","0.0138308850285423","0.0485126027039575","0.0680803386958859","0.0364220847561714","315","0.286717468007937","0.713282531992063","0.824268854893118","0.175731145106882","0.227210333032705","0.597058521860413","0.0595071349752316","0.11622401013165","3570.65874121","9.58787632453032","0.00195866359333022","9.89146113563732","0.00149925037481259"
"temprow.91","92","MeanCoopTie2Noncoop","FemaleSong","0.0138308850285423","0.0485126027039575","0.0680803386958859","0.0364220847561714","315","0.276842684879518","0.723157315120482","0.886602051832099","0.113397948167901","0.247348372430425","0.639253679401674","0.0294943124490929","0.0839036357188085","3570.65874121","0.597524504916751","0.439524101390225","0.692191841324548","0.415792103948026"
"temprow.92","93","MeanCoopTie2Noncoop","FemaleSong","0.0138308850285423","0.0485126027039575","0.0680803386958859","0.0364220847561714","315","0.269385427152225","0.730614572847775","0.860988865048302","0.139011134951699","0.231756179781044","0.629232685267257","0.0376292473711807","0.101381887580518","3570.65874121","1.1384344168328e-29","0.999999999999997","0.00173048610956459","1"
"temprow.93","94","MeanCoopTie2Noncoop","FemaleSong","0.0138308850285423","0.0485126027039575","0.0680803386958859","0.0364220847561714","315","0.278472854581515","0.721527145418485","0.853243538497396","0.146756461502605","0.238894559582557","0.614348978914838","0.0395782949989573","0.107178166503647","3570.65874121","0.211386174808535","0.645683097208187","0.262684177550368","0.64167916041979"
"temprow.94","95","MeanCoopTie2Noncoop","FemaleSong","0.0138308850285423","0.0485126027039575","0.0680803386958859","0.0364220847561714","315","0.343409198184437","0.656590801815563","0.88132851786492","0.11867148213508","0.311775987201801","0.569552530663119","0.0316332109826364","0.0870382711524437","3570.65874121","12.2073804764046","0.000476008247199361","12.5910176116247","0.000999500249875062"
"temprow.95","96","MeanCoopTie2Noncoop","FemaleSong","0.0138308850285423","0.0485126027039575","0.0680803386958859","0.0364220847561714","315","0.283528853976388","0.716471146023612","0.846427325945649","0.153572674054351","0.233573703331014","0.612853622614636","0.0499551506453741","0.103617523408976","3570.65874121","5.21019683826388","0.0224547923468318","5.448003601515","0.0209895052473763"
"temprow.96","97","MeanCoopTie2Noncoop","FemaleSong","0.0138308850285423","0.0485126027039575","0.0680803386958859","0.0364220847561714","315","0.28226515371239","0.71773484628761","0.856497012490946","0.143502987509054","0.255130689354437","0.601366323136509","0.0271344643579526","0.116368523151101","3570.65874121","25.1447395973417","5.3184531160589e-07","25.6790768106508","0.000499750124937531"
"temprow.97","98","MeanCoopTie2Noncoop","FemaleSong","0.0138308850285423","0.0485126027039575","0.0680803386958859","0.0364220847561714","315","0.243733830998316","0.756266169001684","0.870243610023806","0.129756389976194","0.198322633821179","0.671920976202628","0.0454111971771378","0.0843451927990558","3570.65874121","31.8924281555961","1.62951123507175e-08","32.5510993589953","0.000499750124937531"
"temprow.98","99","MeanCoopTie2Noncoop","FemaleSong","0.0138308850285423","0.0485126027039575","0.0680803386958859","0.0364220847561714","315","0.233620035236079","0.766379964763921","0.869417775665675","0.130582224334325","0.202850644637397","0.666567131028278","0.0307693905986817","0.0998128337356431","3570.65874121","0.00557843929724586","0.940462199497986","0.0177940307114976","0.91304347826087"
"temprow.99","100","MeanCoopTie2Noncoop","FemaleSong","0.0138308850285423","0.0485126027039575","0.0680803386958859","0.0364220847561714","315","0.226447911970937","0.773552088029063","0.870194642199421","0.129805357800579","0.20138954852199","0.668805093677431","0.025058363448947","0.104746994351632","3570.65874121","3.31376124242081","0.0687020798657096","3.53401703916366","0.0684657671164418"
