"trait1","trait2","Nspecies","nsims_real","nsims_dummy","pval","coopQ01","coopQ10","FSQAbsPres","FSQPresAbs","Nspecies","propFSabsent_MedianReal","propFSpresent_MedianReal","propNoncoop_MedianReal","propCoop_MedianReal","ObsProp0Absent_MedianReal","ObsProp0Present_MedianReal","ObsProp1Absent_MedianReal","ObsProp1Present_MedianReal","propFSabsent_MedianDummy","propFSpresent_MedianDummy","propNoncoop_MedianDummy","propCoop_MedianDummy","ObsProp0Absent_MedianDummy","ObsProp0Present_MedianDummy","ObsProp1Absent_MedianDummy","ObsProp1Present_MedianDummy","ObsProp0Absent_DummyVsRealPval","ObsProp0Present_DummyVsRealPval","ObsProp1Absent_DummyVsRealPval","ObsProp1Present_DummyVsRealPval","ObsProp0Absent_FractionDummyLessThanMedianReal","ObsProp0Present_FractionDummyLessThanMedianReal","ObsProp1Absent_FractionDummyLessThanMedianReal","ObsProp1Present_FractionDummyLessThanMedianReal","tempfam"
"HighConfidence_Coop","FemaleSong_Agg01",1020,50,200,0.005,0.0114597338144645,0.0288769371651427,0.0682836973469316,0.0403341772092041,1020,0.320770846452121,0.67922915354788,0.899929176510061,0.100070823489939,0.301757640205825,0.601828429130463,0.0202706769987649,0.0789101578318304,0.33882405941038,0.66117594058962,0.936498024978608,0.0635019750213923,0.31547516354261,0.619821053418808,0.0223076102912905,0.0409215479951721,2.20763089559564e-08,1.10649265379207e-10,0.518928328838738,7.26785676246262e-35,0.325,0.255,0.37,1,"Acanthizidae"
"HighConfidence_Coop","FemaleSong_Agg01",992,50,200,0.025,0.0126705704565781,0.0313687335852047,0.084073881819404,0.041530777714957,992,0.306173680635844,0.693826319364156,0.890607638134505,0.109392361865495,0.281852315732184,0.608123974196002,0.0242498516547293,0.0850654949832338,0.317111449918432,0.682888550081568,0.928377724541049,0.0716222754589508,0.293364728758572,0.634683061190554,0.0232091858915144,0.0476356922222965,0.000398156961387564,2.12207567964714e-20,0.694040886268364,5.60155251302338e-34,0.315,0.175,0.59,1,"Alaudidae"
"HighConfidence_Coop","FemaleSong_Agg01",1025,50,200,0,0.0121460078835475,0.0313532525883688,0.0678058076765781,0.0386918029494541,1025,0.318879752089397,0.681120247910603,0.89254677919348,0.10745322080652,0.299814591482323,0.595174613926776,0.0215461337784624,0.0851579625301992,0.33604601907994,0.66395398092006,0.932658252452238,0.0673417475477616,0.311242121959494,0.617646555871945,0.0237352459809962,0.0430777238513345,1.20890193763519e-06,3.28784970665867e-13,0.5013574637833,1.68400602953705e-35,0.32,0.23,0.295,1,"Campephagidae"
"HighConfidence_Coop","FemaleSong_Agg01",1028,50,200,0,0.0118642019625382,0.0289020089087537,0.0709325882866048,0.0388945417931759,1028,0.324027412008358,0.675972587991642,0.894008137786984,0.105991862213016,0.300634027559499,0.592072727024776,0.0218247203343171,0.0830526627536657,0.340413939611294,0.659586060388706,0.936031871183407,0.0639681288165933,0.318288039091299,0.616322213539731,0.0217019333201398,0.0420511005474098,7.76413230299718e-10,1.61169283690994e-13,0.905963967178073,8.25304087438117e-40,0.235,0.185,0.51,1,"Cardinalidae"
"HighConfidence_Coop","FemaleSong_Agg01",1038,50,200,0.015,0.0121294463007773,0.0301935908421805,0.0707046409909457,0.0392477763177627,1038,0.314578769018822,0.685421230981178,0.894844551047994,0.105155448952006,0.290718977961537,0.605614823562273,0.0228021151015183,0.0829310656947687,0.338160963267611,0.661839036732389,0.93271448164938,0.0672855183506191,0.31410320413935,0.616011037817213,0.0227230150015236,0.043588584583862,1.39559867421691e-10,5.51761205419287e-09,0.731519497043104,2.10868774525568e-34,0.22,0.315,0.51,1,"Certhiidae"
"HighConfidence_Coop","FemaleSong_Agg01",1038,50,200,0,0.0121427776909735,0.0305398488155623,0.0692150180526958,0.0390281754892079,1038,0.308638282355652,0.691361717644349,0.89450524962789,0.105494750372111,0.28778298930801,0.605317977288109,0.0235734768626817,0.0828821770351945,0.335188391096823,0.664811608903177,0.93368707787066,0.06631292212934,0.311334148618067,0.62084118702423,0.0226983629306989,0.0427974659847788,8.36494318321622e-11,1.06714065498214e-07,0.997233300601951,1.08361276720045e-30,0.255,0.3,0.565,1,"Cinclosomatidae"
"HighConfidence_Coop","FemaleSong_Agg01",974,50,200,0,0.01102889886184,0.027202466372947,0.0680686899348286,0.037943040227552,974,0.315118567852032,0.684881432147968,0.891161947321072,0.108838052678928,0.290702066397656,0.604561554636968,0.0228334976964722,0.0845597415556857,0.30979320000243,0.69020679999757,0.934941299991074,0.0650587000089251,0.288181922079183,0.645689629476374,0.0215037384006014,0.0433674420580064,0.736897144767838,1.42950478176543e-41,0.764494868861766,9.28902860986508e-42,0.54,0.07,0.6,1,"Cisticolidae"
"HighConfidence_Coop","FemaleSong_Agg01",1036,50,200,0.01,0.0120198094723898,0.0312517643162567,0.0686987837521842,0.0396109999861295,1036,0.316763568261893,0.683236431738107,0.89505487452693,0.10494512547307,0.294137157411132,0.601175338790833,0.0237205869192657,0.0801265248336047,0.336286185935634,0.663713814064366,0.934601931236761,0.0653980687632384,0.312976856194119,0.620903497584514,0.0229603388791058,0.0428261058755793,1.02923871764823e-12,8.2163410606079e-07,0.959693061183882,1.10878434266343e-31,0.22,0.265,0.56,1,"Climacteridae"
"HighConfidence_Coop","FemaleSong_Agg01",1036,50,200,0.005,0.0118027563498253,0.0318922352286535,0.0678813762481555,0.0396349389376602,1036,0.316991320399956,0.683008679600043,0.897138468097395,0.102861531902605,0.296318951029853,0.602774216867954,0.0227942752408932,0.0811631309238946,0.339662384461487,0.660337615538513,0.934790223688595,0.0652097763114055,0.315964002326619,0.617601827147882,0.0228149150856727,0.0428198533594571,4.05277187438325e-12,1.09518834627883e-07,0.923348171747244,3.00253372750926e-33,0.28,0.3,0.49,1,"Colluricinclidae"
"HighConfidence_Coop","FemaleSong_Agg01",1027,50,200,0.015,0.0119549387417039,0.0297488466766043,0.0681931937270668,0.0395237956759371,1027,0.321309048828447,0.678690951171553,0.891678510033673,0.108321489966327,0.29677816872861,0.599016775200284,0.0234277242926729,0.0846994049548395,0.340909949213756,0.659090050786244,0.932949940704231,0.0670500592957694,0.314956999356015,0.616110798265561,0.0230991080927622,0.0433364280793442,1.43571693912288e-09,6.84026947897717e-09,0.943842047250954,3.42578647937159e-31,0.29,0.325,0.54,1,"Corvidae"
"HighConfidence_Coop","FemaleSong_Agg01",1033,50,200,0.005,0.0112895788550714,0.0181416083377263,0.0693008227716464,0.039913575432985,1033,0.321371588202926,0.678628411797074,0.903405625752395,0.0965943742476046,0.29763627411171,0.602620179878203,0.021387770255095,0.0755197036940048,0.338153300206381,0.661846699793619,0.941173405705086,0.0588265942949142,0.317954582986134,0.622425271402459,0.0199608159436256,0.0387779885740707,3.45644280417938e-10,7.35479999151374e-09,0.711709476400208,3.47119246747025e-30,0.245,0.26,0.635,1,"Cracticidae"
"HighConfidence_Coop","FemaleSong_Agg01",1038,50,200,0.02,0.0121485851672279,0.0300844661559344,0.0683022122143091,0.0394699185842741,1038,0.310525783329204,0.689474216670795,0.897043467106158,0.102956532893842,0.288946204517874,0.605484118204533,0.0227799570925792,0.0823037588936587,0.330648224453914,0.669351775546086,0.933771182132439,0.0662288178675609,0.307097450465823,0.626615302385203,0.0238050406973839,0.0428173044101939,5.75720148186093e-10,1.56913533424022e-08,0.667373787005023,6.96735916437849e-33,0.225,0.275,0.415,1,"Dasyornithidae"
"HighConfidence_Coop","FemaleSong_Agg01",1029,50,200,0,0.0119918035779269,0.0293837336678383,0.0695922627493664,0.0401345835049969,1029,0.31955832062529,0.68044167937471,0.894320287757261,0.105679712242739,0.294086583232471,0.596004370401511,0.022627175014619,0.0827506278353182,0.336939739022616,0.663060260977384,0.934264177373721,0.0657358226262793,0.313375894375384,0.620352369084674,0.0231527797429418,0.0421241473912256,3.76943100351725e-10,3.22849852873618e-14,0.86871371622661,8.99776295148751e-42,0.215,0.175,0.44,1,"Dicruridae"
"HighConfidence_Coop","FemaleSong_Agg01",979,50,200,0.02,0.012167886819428,0.0299322584526284,0.0638338592972452,0.0350377447513078,979,0.297531378150808,0.702468621849192,0.887151428471027,0.112848571528973,0.273862445259887,0.611674420704706,0.0234788223881606,0.0876558956224004,0.317629044708977,0.682370955291024,0.930942268193632,0.0690577318063678,0.295653045032939,0.63688468293549,0.0223587176054287,0.0460538979270736,2.02962524228606e-06,1.64668599773338e-14,0.76451266358293,2.47716738600796e-32,0.275,0.22,0.585,1,"Emberizidae"
"HighConfidence_Coop","FemaleSong_Agg01",1017,50,200,0,0.012434951305005,0.0312661170457572,0.0675368382940121,0.0389774222781071,1017,0.309224417956489,0.690775582043511,0.889236048320438,0.110763951679561,0.286328227858315,0.605380576812872,0.0239478558461919,0.0842508495339111,0.335123963366152,0.664876036633848,0.931143890171614,0.0688561098283854,0.310763765794611,0.620068529461409,0.0238560812502306,0.0447842574324777,7.62402409918136e-16,8.17098928625112e-07,0.90805547626675,3.90327712537298e-37,0.195,0.315,0.505,1,"Estrildidae"
"HighConfidence_Coop","FemaleSong_Agg01",1036,50,200,0.005,0.0121953870666221,0.0304805224403731,0.0695613214517213,0.0396075670235187,1036,0.31886185446601,0.68113814553399,0.892685983733144,0.107314016266855,0.294451835173281,0.596047798542479,0.0225247422927449,0.0834615607664661,0.334821708924642,0.665178291075358,0.932000465803675,0.067999534196325,0.30871783913618,0.619235974667804,0.0237065068725858,0.0441094989387606,1.04450704630182e-08,3.60575198587018e-12,0.948464962119554,3.39747507300336e-35,0.265,0.205,0.435,1,"Eupetidae"
"HighConfidence_Coop","FemaleSong_Agg01",1004,50,200,0,0.0124316162851617,0.0303245057782182,0.0638648873202969,0.0376391058272319,1004,0.313861011198375,0.686138988801625,0.892432053621736,0.107567946378263,0.291747034728043,0.600031630686728,0.0206930001693254,0.0869421009482086,0.327825074055995,0.672174925944005,0.93002672612432,0.0699732738756808,0.30262911733169,0.625971068627873,0.0239108548005708,0.0460202731277999,2.09454310549308e-05,2.10345922447069e-13,0.322666433067323,2.1436451660777e-34,0.315,0.205,0.22,1,"Fringillidae"
"HighConfidence_Coop","FemaleSong_Agg01",1036,50,200,0.01,0.0119315902100818,0.0285033497195047,0.0685635934542913,0.0397538204774137,1036,0.317561298045721,0.682438701954279,0.895751474530827,0.104248525469173,0.293906724738704,0.598894311261895,0.0225439219187656,0.0807689424502028,0.34073873298182,0.659261267018179,0.933573638781722,0.066426361218278,0.317995191113426,0.617397077994426,0.0226906482493067,0.0433292582958522,4.88233542738832e-13,7.30506982719999e-09,0.974765127465126,2.00734663985476e-36,0.225,0.275,0.495,1,"Hirundinidae"
"HighConfidence_Coop","FemaleSong_Agg01",979,50,200,0.035,0.0118989207498067,0.0289714014039429,0.069862439818324,0.0397688422063898,979,0.325480715804994,0.674519284195006,0.890957652480189,0.109042347519811,0.300664603351912,0.587921246645974,0.0244392749810022,0.0844560352684358,0.345871506804582,0.654128493195419,0.929321978631237,0.0706780213687626,0.319586302696326,0.611778200795887,0.0246164165349581,0.044093936665085,3.40723639234356e-09,1.51226372455872e-09,0.845896548270681,2.83145628343662e-32,0.25,0.25,0.495,1,"Icteridae"
"HighConfidence_Coop","FemaleSong_Agg01",1031,50,200,0.01,0.0119906829190875,0.0300411698905254,0.065875595398016,0.0383567956814016,1031,0.31235259408879,0.687647405911211,0.892729818135973,0.107270181864028,0.288438979944936,0.60411255100294,0.0223529772341731,0.0845472278374737,0.33034999239027,0.66965000760973,0.932961984994384,0.0670380150056157,0.306895637960782,0.625753148967716,0.0229378287987154,0.043002113486739,3.94656757934319e-09,1.9277028074625e-13,0.862394992335728,1.33250663365546e-38,0.24,0.22,0.455,1,"Laniidae"
"HighConfidence_Coop","FemaleSong_Agg01",1003,50,200,0.005,0.0127393938563742,0.0357349447822184,0.0697938840206693,0.0419253620467375,1003,0.327758491291998,0.672241508708002,0.890248543614236,0.109751456385764,0.302172247142613,0.586785176712856,0.0259561388847157,0.0839102164858033,0.345970748158695,0.654029251841304,0.930447773546716,0.0695522264532836,0.319839594200625,0.608007949454819,0.0256050588800806,0.0440210675430383,5.97165537335319e-09,1.00691731910623e-14,0.935846133008805,5.47844864957685e-39,0.215,0.165,0.545,1,"Malaconotidae"
"HighConfidence_Coop","FemaleSong_Agg01",1027,50,200,0.01,0.0137759410845839,0.0658342105177682,0.0690111829438828,0.0399454320529138,1027,0.317748788544457,0.682251211455543,0.899588404642204,0.100411595357796,0.293434152418413,0.599100023896236,0.0245686325754437,0.0776538449314083,0.33443637257834,0.66556362742166,0.926182999952536,0.073817000047464,0.310090115472946,0.614819194015088,0.0260916365004849,0.0480280290214588,5.28099542564469e-08,0.000497359700335647,0.447498868072009,1.83961394151307e-21,0.225,0.315,0.385,0.995,"Maluridae"
"HighConfidence_Coop","FemaleSong_Agg01",1003,50,200,0,0.0116819936614321,0.032177368805238,0.0708331917636317,0.0393072763809301,1003,0.316688146121148,0.683311853878852,0.889020297083831,0.110979702916169,0.293393945930561,0.595967179047243,0.0231492516997722,0.0847644296852647,0.338156893660853,0.661843106339147,0.933870442868041,0.0661295571319589,0.315583463264417,0.616930036345426,0.0232226086326126,0.042655066071603,1.48123625602145e-12,6.05806116152319e-13,0.72286383787377,2.46781484558311e-41,0.23,0.235,0.49,1,"Meliphagidae"
"HighConfidence_Coop","FemaleSong_Agg01",1037,50,200,0.01,0.012039448562371,0.030840113154024,0.0683111221475343,0.0395490955594681,1037,0.318823455816339,0.68117654418366,0.895356217451327,0.104643782548673,0.294786136347838,0.598011439614821,0.0232106834088892,0.0808815398432104,0.334695183912871,0.665304816087129,0.933856834658384,0.066143165341616,0.311295949900269,0.62342773415879,0.0228293182593372,0.0428089673175778,2.38973589542885e-06,2.47167806289654e-14,0.991949546691591,2.26972897818684e-33,0.285,0.19,0.535,1,"Mimidae"
"HighConfidence_Coop","FemaleSong_Agg01",1026,50,200,0.005,0.0120339053414287,0.0300693583708505,0.0672212743373963,0.0383917144144775,1026,0.310072787262548,0.689927212737452,0.892015053149146,0.107984946850854,0.289145387349128,0.604008440182389,0.0213137965574206,0.0877893567292774,0.336953053353585,0.663046946646415,0.932329221112558,0.0676707788874416,0.313024766496185,0.618341860776874,0.0236270947697539,0.0438233063639092,7.21769243697797e-13,7.70336603895087e-10,0.5248349785617,2.21118576663845e-41,0.2,0.29,0.325,1,"Monarchidae"
"HighConfidence_Coop","FemaleSong_Agg01",1033,50,200,0.015,0.0121681166974387,0.0304176980753741,0.0684065776131304,0.0391149116994616,1033,0.309978258672569,0.690021741327431,0.893251813123623,0.106748186876377,0.28541239778742,0.602476573937663,0.0226521307680274,0.084106969484438,0.329585458685481,0.670414541314519,0.932944791118196,0.0670552088818041,0.30852303683964,0.624509301243958,0.0233075944377288,0.0437563791853278,2.11800631885714e-09,7.2446874295465e-13,0.961837724397801,1.4242204302852e-37,0.21,0.21,0.44,1,"Motacillidae"
"HighConfidence_Coop","FemaleSong_Agg01",974,50,200,0,0.0119257411068397,0.0281666182920289,0.0697310666965743,0.0387058455845228,974,0.329750622538183,0.670249377461816,0.892722875578087,0.107277124421913,0.305175945274963,0.58495656685198,0.0237445939172462,0.0855105933349674,0.353621440151141,0.64637855984886,0.933470001036364,0.0665299989636361,0.330976695050243,0.60021666526922,0.0235504308202556,0.0429388330701465,1.59815917113195e-15,4.15760262264365e-06,0.763858195600192,6.10857561013852e-36,0.21,0.305,0.52,1,"Muscicapidae"
"HighConfidence_Coop","FemaleSong_Agg01",1024,50,200,0,0.0120988674713714,0.03010544567917,0.0679542289282108,0.0378515589731496,1024,0.308023548226979,0.691976451773022,0.890016726848367,0.109983273151633,0.282909102753089,0.606217631799231,0.0227985120294349,0.0864749158454698,0.333571099607273,0.666428900392727,0.93293096463212,0.0670690353678795,0.309841530899223,0.621149425720011,0.0235729922396936,0.0435436723161192,2.99699182933912e-15,3.30961152509761e-11,0.984772130540383,1.92485985034485e-44,0.12,0.275,0.445,1,"Nectariniidae"
"HighConfidence_Coop","FemaleSong_Agg01",1041,50,200,0,0.0120744238025883,0.0302385568776459,0.0690341373183259,0.0392199219028153,1041,0.315860206890523,0.684139793109477,0.895442972532194,0.104557027467806,0.292541916004742,0.601348820463507,0.022651338043723,0.0821023672980661,0.332710105732814,0.667289894267186,0.933075665471378,0.0669243345286221,0.308996886231025,0.623288240285832,0.0231882856443432,0.0430369995215901,7.56884253877165e-08,2.31711590248767e-11,0.72078743720532,1.40536738240247e-33,0.28,0.26,0.47,1,"None"
"HighConfidence_Coop","FemaleSong_Agg01",1033,50,200,0.005,0.0121951417787852,0.030231499941163,0.0692338894528694,0.0395609898803733,1033,0.319951289612893,0.680048710387107,0.892517914356685,0.107482085643315,0.297261125079302,0.592900328530512,0.0233856324156919,0.0843573562724534,0.335425190420273,0.664574809579727,0.932571185394053,0.0674288146059471,0.310761090406299,0.62135126108059,0.0237654029135651,0.0433105254186763,2.01411584553156e-06,4.14231804592835e-17,0.882968599656973,3.31430508131679e-38,0.29,0.175,0.475,1,"Oriolidae"
"HighConfidence_Coop","FemaleSong_Agg01",1038,50,200,0.02,0.012117697656598,0.0290823997794187,0.0681426008303826,0.0394229080052284,1038,0.311420739682685,0.688579260317315,0.893583934249335,0.106416065750665,0.289060922061039,0.605275156132718,0.0229594912365279,0.0823011128318691,0.337405938729039,0.662594061270962,0.934002742599977,0.0659972574000236,0.312919162471092,0.621189901356104,0.0229938810729758,0.0423401004495706,6.7695698769632e-14,4.60230650916474e-05,0.969103329575753,7.29724823883341e-30,0.24,0.29,0.49,1,"Orthonychidae"
"HighConfidence_Coop","FemaleSong_Agg01",1036,50,200,0,0.0121416945267568,0.0304409326935303,0.0692897800062754,0.0396234798450851,1036,0.314385944868745,0.685614055131255,0.893052899380679,0.106947100619322,0.291718774211621,0.601791246317227,0.0224154599937866,0.0846764289862824,0.33394157652335,0.666058423476649,0.931913049246972,0.0680869507530275,0.310234548405657,0.620237054447403,0.023619045573486,0.0446011013362975,2.75962172849690e-09,1.52479919471138e-12,0.639435064530663,6.4563078949252e-39,0.25,0.3,0.395,1,"Pachycephalidae"
"HighConfidence_Coop","FemaleSong_Agg01",1016,50,200,0.005,0.0124533575252987,0.0307370102834302,0.079137959880543,0.0400427093111992,1016,0.313533941063068,0.686466058936931,0.888264258604596,0.111735741395404,0.28936736962338,0.597041716588774,0.0243622465170382,0.0864099041804714,0.326666664347684,0.673333335652317,0.930473153464281,0.0695268465357186,0.303309085239873,0.626449569979016,0.0226239650091765,0.0458701911684097,1.06578851092174e-06,2.48471051506074e-16,0.705636873478165,3.60643549848034e-35,0.335,0.17,0.605,1,"Paradisaeidae"
"HighConfidence_Coop","FemaleSong_Agg01",1038,50,200,0,0.0119129771411973,0.0291856106875695,0.0687598531297602,0.0395108395078086,1038,0.31658417183855,0.68341582816145,0.892746660805817,0.107253339194183,0.292405308138553,0.599495827949152,0.0223085546991526,0.0828030056793805,0.335465377418547,0.664534622581453,0.933252858036902,0.0667471419630986,0.312496347242673,0.622259264635402,0.0234617516036173,0.0430484624954057,1.43469778289238e-06,1.81973146040743e-13,0.861342903492554,2.37367414364669e-33,0.28,0.205,0.42,1,"Pardalotidae"
"HighConfidence_Coop","FemaleSong_Agg01",1034,50,200,0.015,0.0122067650638269,0.0301505839146736,0.0689354864757635,0.0399251887009948,1034,0.318223510346271,0.68177648965373,0.893969653965261,0.106030346034739,0.295311418241862,0.597791315934652,0.0240633207204842,0.0830026391464146,0.339050207891718,0.660949792108281,0.934082058346949,0.0659179416530508,0.3140480231133,0.617396376541635,0.02350472330186,0.0423708308415798,2.5045598945451e-12,4.36412178411301e-09,0.842622831397908,6.59512947950031e-35,0.225,0.275,0.54,1,"Paridae"
"HighConfidence_Coop","FemaleSong_Agg01",1023,50,200,0.005,0.0123143912034665,0.0306652175555228,0.069316181966129,0.0385961553360035,1023,0.312173000336146,0.687826999663855,0.892208210062506,0.107791789937495,0.288973789458031,0.602123301023386,0.023172790882633,0.0856213571001302,0.337563452709239,0.662436547290761,0.931815420810724,0.0681845791892762,0.312813951374286,0.617111243571728,0.0240482051560233,0.0444559865583553,4.81292214810854e-14,2.64080548307071e-10,0.682108809959137,4.72880257953758e-43,0.19,0.31,0.44,1,"Parulidae"
"HighConfidence_Coop","FemaleSong_Agg01",1031,50,200,0,0.0117095542909791,0.0255158351010738,0.0698521982561345,0.0392996472043132,1031,0.316458637158709,0.683541362841291,0.898613690798205,0.101386309201795,0.293833377784051,0.602324007646327,0.0209297195023399,0.0793631818785973,0.328586574926987,0.671413425073013,0.935936084793743,0.0640639152062578,0.306301970258566,0.629277273317654,0.0219447950458115,0.0420437708680278,2.51773966930021e-06,1.18515522361978e-15,0.836169125634769,3.48340794108258e-36,0.325,0.16,0.45,1,"Passeridae"
"HighConfidence_Coop","FemaleSong_Agg01",1031,50,200,0,0.0121510050409929,0.030343613183784,0.0688350717991941,0.0387458411811013,1031,0.31720208015225,0.68279791984775,0.894281582106686,0.105718417893314,0.294925933037912,0.600353757818789,0.0223767797218453,0.0829177687779132,0.334736640439779,0.665263359560221,0.932532143748199,0.0674678562518009,0.309387365761571,0.622067051499856,0.0224898369991463,0.043563826138604,1.84398235253539e-09,7.45846268049839e-12,0.745429731129273,2.20823776814162e-37,0.345,0.2,0.48,1,"Petroicidae"
"HighConfidence_Coop","FemaleSong_Agg01",1035,50,200,0.02,0.011563065670677,0.0244496475351184,0.0685756576215985,0.0394717384125177,1035,0.31442588967227,0.68557411032773,0.902009761129554,0.0979902388704458,0.294849005001073,0.608331431496433,0.0220642803599213,0.0768492716874092,0.333689376263037,0.666310623736963,0.937739094028275,0.0622609059717241,0.312079777453093,0.624236638173328,0.0216243223225837,0.0401067558718125,9.7822052262453e-09,1.98986423585845e-10,0.936323646519616,1.98211915450938e-32,0.25,0.255,0.535,1,"Platysteiridae"
"HighConfidence_Coop","FemaleSong_Agg01",1019,50,200,0,0.0117887880892231,0.0262035608269604,0.0687010322309785,0.0373670975688961,1019,0.313409870710735,0.686590129289265,0.896381532834258,0.103618467165742,0.29485854035657,0.602401382383916,0.0199291549795622,0.0830300538011831,0.331962697656413,0.668037302343587,0.935222139442133,0.0647778605578666,0.310252662272721,0.624203730649467,0.0217374942023757,0.0422655062890101,8.95296887793442e-09,1.40792087438104e-08,0.646222586504352,5.61839752824902e-31,0.285,0.24,0.315,1,"Ploceidae"
"HighConfidence_Coop","FemaleSong_Agg01",1038,50,200,0.005,0.01202405546277,0.0317016991861514,0.0686674093080444,0.0389750797668812,1038,0.312096876458798,0.687903123541202,0.894144538533637,0.105855461466363,0.291693574525128,0.602665572485779,0.0221693101583586,0.0824474613724761,0.33640236542025,0.66359763457975,0.934056760384204,0.065943239615796,0.314143948561646,0.62002111641332,0.0229415587911869,0.0422479500125405,8.44456470884965e-15,4.12313965571507e-08,0.632068301580045,3.26864248663114e-40,0.19,0.275,0.435,1,"Prunellidae"
"HighConfidence_Coop","FemaleSong_Agg01",1031,50,200,0.005,0.0122858061825243,0.0286007402426031,0.0746705336217157,0.0393203506934855,1031,0.312124821939761,0.687875178060239,0.890631442666886,0.109368557333114,0.286850969422091,0.600785699932,0.0239133413500349,0.0848490123894688,0.338030737814922,0.661969262185078,0.932856724879329,0.0671432751206704,0.315551429436081,0.617826852409233,0.0226024100754648,0.0430314531812243,3.75266502370881e-17,6.62378796288027e-06,0.812639747865992,3.72265525700898e-35,0.175,0.275,0.615,1,"Ptilonorhynchidae"
"HighConfidence_Coop","FemaleSong_Agg01",1033,50,200,0,0.011967538497727,0.0295368973327549,0.0679898881966531,0.0388213401479443,1033,0.31600965057441,0.683990349425589,0.89040478685397,0.10959521314603,0.29564103323157,0.594580272084537,0.021973332358206,0.0873882203153685,0.335872650748826,0.664127349251174,0.933366136345918,0.0666338636540824,0.313473707497629,0.619085071254676,0.0227664522865155,0.0432783321022455,1.13931458929665e-09,2.13352175410447e-14,0.839703512926963,2.51838326214892e-41,0.255,0.19,0.415,1,"Pycnonotidae"
"HighConfidence_Coop","FemaleSong_Agg01",1038,50,200,0.01,0.0121141867294338,0.028704693179763,0.0699078534538864,0.0390572791614594,1038,0.311129103485755,0.688870896514245,0.891609721840964,0.108390278159035,0.289332610983986,0.604486515054136,0.0220883577285928,0.0841920237038807,0.334967783521173,0.665032216478828,0.934152600878323,0.0658473991216773,0.310586359576827,0.619982827045042,0.022247822345636,0.0436972664685188,3.45341556253814e-17,1.49093213488492e-09,0.903840996493543,5.5732771324258e-45,0.17,0.25,0.455,1,"Reguliidae"
"HighConfidence_Coop","FemaleSong_Agg01",1033,50,200,0,0.0117814568546203,0.0286280323716665,0.0687242918362883,0.0390845649403433,1033,0.323639747962344,0.676360252037657,0.894914254265923,0.105085745734077,0.301470693861067,0.593245824554743,0.0218400287841755,0.082530125838821,0.332814999137533,0.667185000862467,0.934327620174677,0.0656723798253235,0.308128213559226,0.623876782781603,0.0231543032646697,0.0419982128110013,0.000507938489265728,4.33802006951999e-22,0.516149701525336,5.96354696240588e-41,0.37,0.115,0.4,1,"Sittidae"
"HighConfidence_Coop","FemaleSong_Agg01",1021,50,200,0,0.0122122818323328,0.0342054753333692,0.0674623943294003,0.038283003812007,1021,0.317092774220039,0.682907225779962,0.895251182617298,0.104748817382703,0.295282038212583,0.595637311818054,0.0208084443296927,0.0842889703781302,0.33541673994438,0.664583260055619,0.931303079368276,0.0686969206317238,0.311503179976529,0.620955650455184,0.0238985035761353,0.0449002000078354,3.34753039252511e-07,8.45774081160221e-14,0.478201557695415,7.60636930957065e-38,0.315,0.21,0.285,1,"Sturnidae"
"HighConfidence_Coop","FemaleSong_Agg01",1009,50,200,0,0.0125532685933425,0.0301782297268437,0.0706590476306018,0.0401360417539065,1009,0.328036055799533,0.671963944200467,0.888276492203156,0.111723507796845,0.304052492117699,0.583982179896944,0.0256164495031857,0.0865931629590588,0.347425152540823,0.652574847459177,0.930448991337093,0.0695510086629069,0.323006384600657,0.606539585833907,0.0257500783643664,0.0437692193800222,6.21934474477018e-10,1.95891226412859e-12,0.820673533072124,9.31548152962357e-39,0.235,0.23,0.495,1,"Sylviidae"
"HighConfidence_Coop","FemaleSong_Agg01",1011,50,200,0.005,0.0122489377041452,0.0301243691363117,0.0686173851064341,0.0367299170047591,1011,0.314040040092412,0.685959959907588,0.892193991439794,0.107806008560206,0.291505484121464,0.599246728502419,0.0236536879384593,0.084766551721691,0.335939963263619,0.664060036736382,0.93274320701065,0.06725679298935,0.313025377604346,0.616707868764493,0.0226519355190964,0.0447860353918324,1.12571023881515e-09,1.40669640899038e-09,0.864761872150286,1.69746139706626e-31,0.245,0.215,0.585,1,"Thraupidae"
"HighConfidence_Coop","FemaleSong_Agg01",993,50,200,0.01,0.0111549881239678,0.0278517358648202,0.0712886440621725,0.0408771546200315,993,0.323676081086636,0.676323918913364,0.892578713548561,0.107421286451439,0.298852543173366,0.59302885355189,0.0252644986070106,0.082334619343981,0.356699273515765,0.643300726484235,0.937731103105911,0.0622688968940888,0.334974260061852,0.604933844338162,0.0221520557818915,0.0394153428391791,6.720150754882e-27,3.12911220812901e-05,0.417466447641621,5.26371534051596e-43,0.1,0.35,0.74,1,"Timaliidae"
