species,English_name_Dale,AnAge_longevity,USGS_longevity,WS_longevity,Max_longevity,log_Longevity,numLongevitySources,diffLongevity,longevity_source
Acridotheres_cristatellus,Crested Myna,0,0,11.2,11.2,2.415913778,1,0,WS
Acridotheres_tristis,Common Myna,0,0,4,4,1.386294361,1,0,WS
Acrocephalus_arundinaceus,Great Reed-warbler,10.1,0,10,10.1,2.312535424,2,0.1,AnAge
Acrocephalus_dumetorum,Blyth's Reed-warbler,7.8,0,7.75,7.8,2.054123734,2,0.05,AnAge
Acrocephalus_familiaris,Millerbird,0,4.166666667,5,5,1.609437912,2,0.833333333,WS
Acrocephalus_melanopogon,Moustached Warbler,11.2,0,9.8,11.2,2.415913778,2,1.4,AnAge
Acrocephalus_palustris,Marsh Warbler,9.8,0,9.083,9.8,2.282382386,2,0.717,AnAge
Acrocephalus_schoenobaenus,Sedge Warbler,11.8,0,10.083,11.8,2.468099531,2,1.717,AnAge
Acrocephalus_scirpaceus,Eurasian Reed-warbler,14,0,12,14,2.63905733,2,2,AnAge
Acrocephalus_sechellensis,Seychelles Warbler,17,0,0,17,2.833213344,1,0,AnAge
Acrocephalus_stentoreus,Clamorous Reed-warbler,10.6,0,10.583,10.6,2.360854001,2,0.017,AnAge
Aegithalos_caudatus,Long-tailed Tit,11.1,0,0,11.1,2.406945108,1,0,AnAge
Agelaius_phoeniceus,Red-winged Blackbird,0,14.41666667,15.8,15.8,2.76000994,2,1.383333333,WS
Agelaius_tricolor,Tricoloured Blackbird,13.2,10.16666667,12,13.2,2.58021683,3,3.033333333,AnAge
Agelaius_xanthomus,Yellow-shouldered Blackbird,12.6,12.58333333,0,12.6,2.533696814,2,0.016666667,AnAge
Ailuroedus_crassirostris,Green Catbird,0,0,4,4,1.386294361,1,0,WS
Aimophila_aestivalis,Bachman's Sparrow,3.9,3.916666667,3,3.916666667,1.365240952,3,0.916666667,USGS
Aimophila_carpalis,Rufous-winged Sparrow,0,6,0,6,1.791759469,1,0,USGS
Aimophila_quinquestriata,Five-striped Sparrow,0,0,4,4,1.386294361,1,0,WS
Aimophila_ruficeps,Rufous-crowned Sparrow,5.1,4.166666667,3.2,5.1,1.62924054,3,1.9,AnAge
Alauda_arvensis,Eurasian Skylark,10.1,0,0,10.1,2.312535424,1,0,AnAge
Ammodramus_bairdii,Baird's Sparrow,0,4.583333333,0,4.583333333,1.522426535,1,0,USGS
Ammodramus_caudacutus,Saltmarsh Sparrow,10,5.166666667,10,10,2.302585093,3,4.833333333,tie
Ammodramus_henslowii,Henslow's Sparrow,6.5,6.5,2,6.5,1.871802177,3,4.5,tie
Ammodramus_leconteii,Le Conte's Sparrow,4.1,4.083333333,0,4.1,1.410986974,2,0.016666667,AnAge
Ammodramus_maritimus,Seaside Sparrow,9,8.25,9,9,2.197224577,3,0.75,tie
Ammodramus_nelsoni,Nelson's Sparrow,7.1,7.083333333,0,7.1,1.960094784,2,0.016666667,AnAge
Ammodramus_savannarum,Grasshopper Sparrow,9.1,3.083333333,3.1,9.1,2.208274414,3,6.016666667,AnAge
Amphispiza_belli,Sage Sparrow,9.1,9.083333333,0,9.1,2.208274414,2,0.016666667,AnAge
Amphispiza_bilineata,Black-throated Sparrow,6,4.583333333,6,6,1.791759469,3,1.416666667,tie
Anthus_cervinus,Red-throated Pipit,4.5,0,4.5,4.5,1.504077397,2,0,tie
Anthus_petrosus,Rock Pipit,10.9,0,10.9,10.9,2.388762789,2,0,tie
Anthus_pratensis,Meadow Pipit,8.8,0,7.67,8.8,2.174751721,2,1.13,AnAge
Anthus_rubescens,American Pipit,5.1,4.083333333,5.1,5.1,1.62924054,3,1.016666667,tie
Anthus_spinoletta,Water Pipit,8.8,0,8.834,8.834,2.178607913,2,0.034,WS
Anthus_trivialis,Tree Pipit,8.8,0,8.167,8.8,2.174751721,2,0.633,AnAge
Aphelocoma_californica,Western Scrub-jay,15.8,11.91666667,15.75,15.8,2.76000994,3,3.883333333,AnAge
Aphelocoma_coerulescens,Florida Scrub-jay,15,12.25,15.8,15.8,2.76000994,3,3.55,WS
Aphelocoma_insularis,Island Scrub-jay,15.3,0,16,16,2.772588722,2,0.7,WS
Aphelocoma_ultramarina,Mexican Jay,0,6.75,19,19,2.944438979,2,12.25,WS
Arremonops_rufivirgatus,Olive Sparrow,8.2,6.916666667,0,8.2,2.104134154,2,1.283333333,AnAge
Auriparus_flaviceps,Verdin,5.6,0,5.6,5.6,1.722766598,2,0,tie
Baeolophus_atricristatus,Black-crested Titmouse,0,5.083333333,0,5.083333333,1.625967214,1,0,USGS
Baeolophus_bicolor,Tufted Titmouse,13.3,12.41666667,13.3,13.3,2.587764035,3,0.883333333,tie
Baeolophus_inornatus,Oak Titmouse,9,8.416666667,8,9,2.197224577,3,1,AnAge
Baeolophus_ridgwayi,Juniper Titmouse,0,4.166666667,0,4.166666667,1.427116356,1,0,USGS
Baeolophus_wollweberi,Bridled Titmouse,6.6,6.583333333,6.6,6.6,1.887069649,3,0.016666667,tie
Bombycilla_cedrorum,Cedar Waxwing,8.2,7,7,8.2,2.104134154,3,1.2,tie
Bombycilla_garrulus,Bohemian Waxwing,13.5,5.833333333,5.8,13.5,2.602689685,3,7.7,AnAge
Calamospiza_melanocorys,Lark Bunting,4.8,4,4,4.8,1.568615918,3,0.8,tie
Calcarius_lapponicus,Lapland Longspur,6,5,5,6,1.791759469,3,1,tie
Calcarius_ornatus,Chestnut-collared Longspur,0,0,4,4,1.386294361,1,0,WS
Calcarius_pictus,Smith's Longspur,5,0,5,5,1.609437912,2,0,tie
Camptostoma_imberbe,Northern Beardless-tyrannulet,5.8,0,4.8,5.8,1.757857918,2,1,AnAge
Campylorhynchus_brunneicapillus,Cactus Wren,7.3,6.333333333,6.3,7.3,1.987874348,3,1,AnAge
Cardellina_rubrifrons,Red-faced Warbler,3,0,3,3,1.098612289,2,0,tie
Cardinalis_cardinalis,Northern Cardinal,0,15.75,15.8,15.8,2.76000994,2,0.05,WS
Cardinalis_sinuatus,Pyrrhuloxia,0,5.75,5.8,5.8,1.757857918,2,0.05,WS
Carduelis_cannabina,Eurasian Linnet,9.4,0,9.417,9.417,2.242516567,2,0.017,WS
Carduelis_carduelis,European Goldfinch,0,0,11.75,11.75,2.463853241,1,0,WS
Carduelis_chloris,European Greenfinch,13.6,0,13,13.6,2.610069793,2,0.6,AnAge
Carduelis_citrinella,Alpine Citril Finch,0,0,5.67,5.67,1.735189118,1,0,WS
Carduelis_flammea,Common Redpoll,12.2,5.75,10.67,12.2,2.501435952,3,6.45,AnAge
Carduelis_flavirostris,Twite,6.1,0,6.083,6.1,1.808288771,2,0.017,AnAge
Carduelis_hornemanni,Hoary Redpoll,6.8,6.75,4.583,6.8,1.916922612,3,2.217,AnAge
Carduelis_pinus,Pine Siskin,0,9.166666667,9.4,9.4,2.240709689,2,0.233333333,WS
Carduelis_psaltria,Lesser Goldfinch,5.7,5.666666667,5.7,5.7,1.740466175,3,0.033333333,tie
Carduelis_spinus,Eurasian Siskin,13.5,0,13.5,13.5,2.602689685,2,0,tie
Carduelis_tristis,American Goldfinch,0,7.75,11,11,2.397895273,2,3.25,WS
Carpodacus_cassinii,Cassin's Finch,7,7,7,7,1.945910149,3,0,tie
Carpodacus_erythrinus,Common Rosefinch,9,0,9,9,2.197224577,2,0,tie
Carpodacus_mexicanus,House Finch,11.6,10.91666667,11.6,11.6,2.451005098,3,0.683333333,tie
Carpodacus_purpureus,Purple Finch,14,10.75,11.8,14,2.63905733,3,3.25,AnAge
Catharus_bicknelli,Bicknell's Thrush,11.9,11.91666667,8,11.91666667,2.47793798,3,3.916666667,USGS
Catharus_fuscescens,Veery,10.1,8.916666667,10.1,10.1,2.312535424,3,1.183333333,tie
Catharus_guttatus,Hermit Thrush,10.8,9.666666667,8.7,10.8,2.379546134,3,2.1,AnAge
Catharus_minimus,Grey-cheeked Thrush,7.3,6.916666667,7.34,7.34,1.993338843,3,0.423333333,WS
Catharus_ustulatus,Swainson's Thrush,0,10.08333333,11,11,2.397895273,2,0.916666667,WS
Catherpes_mexicanus,Canyon Wren,0,4.833333333,0,4.833333333,1.575536361,1,0,USGS
Certhia_americana,American Treecreeper,0,4.416666667,4.6,4.6,1.526056303,2,0.183333333,WS
Certhia_familiaris,Eurasian Treecreeper,8.2,0,0,8.2,2.104134154,1,0,AnAge
Cettia_cetti,Cetti's Warbler,9.3,0,0,9.3,2.2300144,1,0,AnAge
Chamaea_fasciata,Wrentit,12.6,11.91666667,12.6,12.6,2.533696814,3,0.683333333,tie
Chasiempis_sandwichensis,Elepaio,17.8,11.66666667,0,17.8,2.879198457,2,6.133333333,AnAge
Chondestes_grammacus,Lark Sparrow,7.8,9.916666667,7.8,9.916666667,2.294216843,3,2.116666667,tie
Cinclus_cinclus,White-throated Dipper,10.6,0,0,10.6,2.360854001,1,0,AnAge
Cinclus_mexicanus,American Dipper,8.1,5.083333333,5.1,8.1,2.091864062,3,3.016666667,AnAge
Coccothraustes_coccothraustes,Hawfinch,12.6,0,0,12.6,2.533696814,1,0,AnAge
Coccothraustes_vespertinus,Evening Grosbeak,0,16.25,15.3,16.25,2.788092909,2,0.95,USGS
Coereba_flaveola,Bananaquit,8.6,6.916666667,0,8.6,2.151762203,2,1.683333333,AnAge
Contopus_cooperi,Olive-sided Flycatcher,11.1,0,7.1,11.1,2.406945108,2,4,AnAge
Contopus_pertinax,Greater Pewee,0,0,7,7,1.945910149,1,0,WS
Contopus_sordidulus,Western Wood-pewee,8.1,0,6.1,8.1,2.091864062,2,2,AnAge
Contopus_virens,Eastern Wood-pewee,8.2,0,7.1,8.2,2.104134154,2,1.1,AnAge
Copsychus_malabaricus,White-rumped Shama,7,0,0,7,1.945910149,1,0,AnAge
Corvus_brachyrhynchos,American Crow,0,13.75,14.6,14.6,2.681021529,2,0.85,WS
Corvus_caurinus,North-western Crow,16.7,0,16.75,16.75,2.818398258,2,0.05,WS
Corvus_corax,Common Raven,0,10.83333333,20.417,20.417,3.016367887,2,9.583666667,WS
Corvus_corone,Carrion Crow,19.2,0,17.083,19.2,2.954910279,2,2.117,AnAge
Corvus_coronoides,Australian Raven,0,0,12.5,12.5,2.525728644,1,0,WS
Corvus_cryptoleucus,Chihuahuan Raven,21.8,12.5,20.5,21.8,3.08190997,3,9.3,AnAge
Corvus_frugilegus,Rook,22.9,0,19.917,22.9,3.131136911,2,2.983,AnAge
Corvus_hawaiiensis,Hawaiian Crow,25,0,0,25,3.218875825,1,0,AnAge
Corvus_monedula,Eurasian Jackdaw,20.3,0,14.5,20.3,3.010620886,2,5.8,AnAge
Corvus_ossifragus,Fish Crow,14.5,13.75,14.5,14.5,2.674148649,3,0.75,tie
Cyanocitta_cristata,Blue Jay,0,14.5,18.3,18.3,2.90690106,2,3.8,WS
Cyanocitta_stelleri,Steller's Jay,16.1,11,16.1,16.1,2.778819272,3,5.1,tie
Cyanocompsa_parellina,Blue Bunting,10.8,10.83333333,0,10.83333333,2.382627801,2,0.033333333,USGS
Cyanocorax_yncas,Green Jay,0,10,10.7,10.7,2.370243741,2,0.7,WS
Delichon_urbicum,Northern House-martin,15,0,0,15,2.708050201,1,0,AnAge
Dendroica_adelaidae,Adelaide's Warbler,10.6,10.58333333,0,10.6,2.360854001,2,0.016666667,AnAge
Dendroica_caerulescens,Black-throated Blue Warbler,10,9.666666667,9.7,10,2.302585093,3,0.333333333,AnAge
Dendroica_castanea,Bay-breasted Warbler,4.9,3.416666667,3.4,4.9,1.589235205,3,1.5,AnAge
Dendroica_cerulea,Cerulean Warbler,6,0,0,6,1.791759469,1,0,AnAge
Dendroica_chrysoparia,Golden-cheeked Warbler,11,4,8,11,2.397895273,3,7,AnAge
Dendroica_coronata,Yellow-rumped Warbler,10,10,7,10,2.302585093,3,3,tie
Dendroica_discolor,Prairie Warbler,10.3,9,10.34,10.34,2.336019869,3,1.34,WS
Dendroica_dominica,Yellow-throated Warbler,6.1,5.083333333,5.1,6.1,1.808288771,3,1.016666667,AnAge
Dendroica_fusca,Blackburnian Warbler,8.2,3.083333333,8.2,8.2,2.104134154,3,5.116666667,tie
Dendroica_kirtlandii,Kirtland's Warbler,9,9,9,9,2.197224577,3,0,tie
Dendroica_magnolia,Magnolia Warbler,8,2.5,6.917,8,2.079441542,3,5.5,AnAge
Dendroica_occidentalis,Hermit Warbler,9.1,9.083333333,0,9.1,2.208274414,2,0.016666667,AnAge
Dendroica_palmarum,Palm Warbler,6.6,0,5.834,6.6,1.887069649,2,0.766,AnAge
Dendroica_pensylvanica,Chestnut-sided Warbler,6.9,7.25,6.917,7.25,1.981001469,3,0.35,USGS
Dendroica_petechia,Yellow Warbler,11,8.916666667,8.917,11,2.397895273,3,2.083333333,AnAge
Dendroica_pinus,Pine Warbler,0,6,6.8,6.8,1.916922612,2,0.8,WS
Dendroica_striata,Blackpoll Warbler,8.1,3.416666667,5,8.1,2.091864062,3,4.683333333,AnAge
Dendroica_tigrina,Cape May Warbler,0,4.25,4.34,4.34,1.467874348,2,0.09,WS
Dendroica_townsendi,Townsend's Warbler,10.7,3.583333333,3.6,10.7,2.370243741,3,7.116666667,AnAge
Dendroica_virens,Black-throated Green Warbler,0,4.916666667,5.917,5.917,1.777829564,2,1.000333333,WS
Dolichonyx_oryzivorus,Bobolink,9,5,9,9,2.197224577,3,4,tie
Dumetella_carolinensis,Grey Catbird,17.9,9.916666667,10.9,17.9,2.884800713,3,7.983333333,AnAge
Elaenia_martinica,Caribbean Elaenia,13.6,0,0,13.6,2.610069793,1,0,AnAge
Emberiza_aureola,Yellow-breasted Bunting,7,0,7,7,1.945910149,2,0,tie
Emberiza_cirlus,Cirl Bunting,6.1,0,6.083,6.1,1.808288771,2,0.017,AnAge
Emberiza_citrinella,Yellowhammer,13.2,0,13,13.2,2.58021683,2,0.2,AnAge
Emberiza_hortulana,Ortolan Bunting,6.8,0,5.834,6.8,1.916922612,2,0.966,AnAge
Emberiza_melanocephala,Black-headed Bunting,11,0,11,11,2.397895273,2,0,tie
Emberiza_schoeniclus,Reed Bunting,12.2,0,11.25,12.2,2.501435952,2,0.95,AnAge
Empidonax_alnorum,Alder Flycatcher,9.1,0,3.167,9.1,2.208274414,2,5.933,AnAge
Empidonax_difficilis,Pacific-slope Flycatcher,6.9,0,6,6.9,1.931521412,2,0.9,AnAge
Empidonax_flaviventris,Yellow-bellied Flycatcher,0,0,4,4,1.386294361,1,0,WS
Empidonax_fulvifrons,Buff-breasted Flycatcher,0,0,2,2,0.693147181,1,0,WS
Empidonax_hammondii,Hammond's Flycatcher,7,0,0,7,1.945910149,1,0,AnAge
Empidonax_minimus,Least Flycatcher,8,0,8,8,2.079441542,2,0,tie
Empidonax_oberholseri,American Dusky Flycatcher,9,0,9,9,2.197224577,2,0,tie
Empidonax_traillii,Willow Flycatcher,11,0,7,11,2.397895273,2,4,AnAge
Empidonax_virescens,Acadian Flycatcher,12.1,0,10.917,12.1,2.493205453,2,1.183,AnAge
Eremophila_alpestris,Horned Lark,8,7.083333333,8,8,2.079441542,3,0.916666667,tie
Erithacus_rubecula,European Robin,19.3,0,0,19.3,2.960105096,1,0,AnAge
Erythropygia_galactotes,Rufous-tailed Scrub-robin,7,0,0,7,1.945910149,1,0,AnAge
Euphagus_carolinus,Rusty Blackbird,8.8,8.583333333,8.8,8.8,2.174751721,3,0.216666667,tie
Euphagus_cyanocephalus,Brewer's Blackbird,12.5,10.25,12.5,12.5,2.525728644,3,2.25,tie
Ficedula_albicollis,Collared Flycatcher,9.8,0,0,9.8,2.282382386,1,0,AnAge
Ficedula_hypoleuca,European Pied Flycatcher,15,0,0,15,2.708050201,1,0,AnAge
Fringilla_montifringilla,Brambling,14.8,0,0,14.8,2.694627181,1,0,AnAge
Galerida_cristata,Crested Lark,11.6,0,0,11.6,2.451005098,1,0,AnAge
Garrulus_glandarius,Eurasian Jay,17.9,0,16.75,17.9,2.884800713,2,1.15,AnAge
Geothlypis_trichas,Common Yellowthroat,11.5,6.916666667,9.9,11.5,2.442347035,3,4.583333333,AnAge
Gymnorhinus_cyanocephalus,Pinyon Jay,14.6,6.833333333,11,14.6,2.681021529,3,7.766666667,AnAge
Helmitheros_vermivorum,Worm-eating Warbler,8.1,7.083333333,7.1,8.1,2.091864062,3,1.016666667,AnAge
Hemignathus_munroi,Akiapolaau,13,0,0,13,2.564949357,1,0,AnAge
Hemignathus_parvus,Anianiau,9.5,4.25,0,9.5,2.251291799,2,5.25,AnAge
Hemignathus_virens,Common Amakihi,12,5,7.7,12,2.48490665,3,7,AnAge
Himatione_sanguinea,Apapane,0,6.416666667,6.4,6.416666667,1.858898772,2,0.016666667,USGS
Hippolais_icterina,Icterine Warbler,10.8,0,0,10.8,2.379546134,1,0,AnAge
Hippolais_pallida,Eastern Olivaceous Warbler,7.9,0,0,7.9,2.066862759,1,0,AnAge
Hippolais_polyglotta,Melodious Warbler,8.9,0,0,8.9,2.186051277,1,0,AnAge
Hirundo_daurica,Red-rumped Swallow,9,0,9,9,2.197224577,2,0,tie
Hirundo_rustica,Barn Swallow,0,8,15.92,15.92,2.76757618,2,7.92,WS
Hylocichla_mustelina,Wood Thrush,10.2,8.916666667,8.9,10.2,2.32238772,3,1.3,AnAge
Icteria_virens,Yellow-breasted Chat,8.9,8.916666667,8.9,8.916666667,2.187922185,3,0.016666667,tie
Icterus_bullockii,Bullock's Oriole,8.9,6.083333333,8,8.9,2.186051277,3,2.816666667,AnAge
Icterus_cucullatus,Hooded Oriole,6,6,6,6,1.791759469,3,0,tie
Icterus_galbula,Baltimore Oriole,0,11.58333333,11.6,11.6,2.451005098,2,0.016666667,WS
Icterus_leucopteryx,Jamaican Oriole,12.2,12.16666667,0,12.2,2.501435952,2,0.033333333,AnAge
Icterus_parisorum,Scott's Oriole,6.4,6.416666667,6.417,6.417,1.858950719,3,0.017,WS
Icterus_pectoralis,Spot-breasted Oriole,11.6,0,11.6,11.6,2.451005098,2,0,tie
Icterus_spurius,Orchard Oriole,0,11,9.6,11,2.397895273,2,1.4,USGS
Junco_hyemalis,Dark-eyed Junco,11.3,10.75,10.8,11.3,2.424802726,3,0.55,AnAge
Junco_phaeonotus,Yellow-eyed Junco,6.6,6.583333333,6.6,6.6,1.887069649,3,0.016666667,tie
Lanius_collurio,Red-backed Shrike,10.1,0,7.75,10.1,2.312535424,2,2.35,AnAge
Lanius_excubitor,Great Grey Shrike,0,0,6.5,6.5,1.871802177,1,0,WS
Lanius_ludovicianus,Loggerhead Shrike,12.5,0,12.5,12.5,2.525728644,2,0,tie
Lanius_nubicus,Masked Shrike,0,0,4.34,4.34,1.467874348,1,0,WS
Lanius_senator,Woodchat Shrike,5.7,0,5.67,5.7,1.740466175,2,0.03,AnAge
Leucosticte_atrata,Black Rosy-finch,8.6,5.666666667,6.6,8.6,2.151762203,3,2.933333333,AnAge
Leucosticte_australis,Brown-capped Rosy-finch,5.9,5.916666667,0,5.916666667,1.777773227,2,0.016666667,USGS
Leucosticte_tephrocotis,Gray-crowned Rosy-finch,6.6,6.583333333,6.5183,6.6,1.887069649,3,0.0817,AnAge
Limnothlypis_swainsonii,Swainson's Warbler,9.9,5.916666667,7.8,9.9,2.292534757,3,3.983333333,AnAge
Locustella_fluviatilis,Eurasian River Warbler,6.9,0,0,6.9,1.931521412,1,0,AnAge
Locustella_luscinioides,Savi's Warbler,9.8,0,0,9.8,2.282382386,1,0,AnAge
Locustella_naevia,Common Grasshopper-warbler,5.9,0,0,5.9,1.774952351,1,0,AnAge
Loxia_curvirostra,Red Crossbill,16.1,6.083333333,4.2,16.1,2.778819272,3,11.9,AnAge
Loxigilla_portoricensis,Puerto Rican Bullfinch,15.6,15.58333333,0,15.6,2.747270914,2,0.016666667,AnAge
Loxioides_bailleui,Palila,13,0,0,13,2.564949357,1,0,AnAge
Loxops_coccineus,Akepa,10,0,0,10,2.302585093,1,0,AnAge
Lullula_arborea,Wood Lark,6,0,0,6,1.791759469,1,0,AnAge
Luscinia_luscinia,Thrush Nightingale,8.9,0,0,8.9,2.186051277,1,0,AnAge
Luscinia_megarhynchos,Common Nightingale,10.9,0,0,10.9,2.388762789,1,0,AnAge
Luscinia_svecica,Bluethroat,11.4,0,0,11.4,2.433613355,1,0,AnAge
Malurus_cyaneus,Superb Fairywren,10.4,0,0,10.4,2.341805806,1,0,AnAge
Margarops_fuscatus,Pearly-eyed Thrasher,10.6,10.58333333,0,10.6,2.360854001,2,0.016666667,AnAge
Melamprosops_phaeosoma,Poo-uli,9.2,9.25,0,9.25,2.224623552,2,0.05,USGS
Melospiza_georgiana,Swamp Sparrow,7.8,5.333333333,4.8,7.8,2.054123734,3,3,AnAge
Melospiza_lincolnii,Lincoln's Sparrow,7.6,7.583333333,7.6,7.6,2.028148247,3,0.016666667,tie
Melospiza_melodia,Song Sparrow,11.3,11.33333333,11.3,11.33333333,2.427748236,3,0.033333333,tie
Miliaria_calandra,Corn Bunting,10.6,0,0,10.6,2.360854001,1,0,AnAge
Mimus_polyglottos,Northern Mockingbird,20,9.666666667,20,20,2.995732274,3,10.33333333,tie
Mniotilta_varia,Black-and-white Warbler,12.2,11.25,11.3,12.2,2.501435952,3,0.95,AnAge
Molothrus_aeneus,Bronzed Cowbird,0,3.583333333,3.6,3.6,1.280933845,2,0.016666667,WS
Molothrus_ater,Brown-headed Cowbird,16.9,15.83333333,16.9,16.9,2.827313622,3,1.066666667,tie
Molothrus_bonariensis,Shiny Cowbird,0,0,5,5,1.609437912,1,0,WS
Motacilla_alba,White Wagtail,13.7,0,12.25,13.7,2.617395833,2,1.45,AnAge
Motacilla_cinerea,Grey Wagtail,8,0,0,8,2.079441542,1,0,AnAge
Motacilla_flava,Yellow Wagtail,8.8,0,8.834,8.834,2.178607913,2,0.034,WS
Myiarchus_antillarum,Puerto Rican Flycatcher,13.6,0,0,13.6,2.610069793,1,0,AnAge
Myiarchus_cinerascens,Ash-throated Flycatcher,11.9,0,9,11.9,2.4765384,2,2.9,AnAge
Myiarchus_crinitus,Great Crested Flycatcher,14.9,0,13.9,14.9,2.701361213,2,1,AnAge
Myiarchus_tyrannulus,Brown-crested Flycatcher,11,0,9.9,11,2.397895273,2,1.1,AnAge
Myioborus_pictus,Painted Redstart,6.6,6.583333333,6.6,6.6,1.887069649,3,0.016666667,tie
Nesospingus_speculiferus,Puerto Rican Tanager,4,4,0,4,1.386294361,2,0,tie
Nucifraga_caryocatactes,Spotted Nutcracker,16.2,0,0,16.2,2.785011242,1,0,AnAge
Nucifraga_columbiana,Clark's Nutcracker,17.4,17.41666667,17.4,17.41666667,2.857427602,3,0.016666667,tie
Oporornis_agilis,Connecticut Warbler,0,4.25,4.34,4.34,1.467874348,2,0.09,WS
Oporornis_formosus,Kentucky Warbler,6.9,6.916666667,7,7,1.945910149,3,0.1,WS
Oporornis_philadelphia,Mourning Warbler,7.9,5.916666667,7.9,7.9,2.066862759,3,1.983333333,tie
Oporornis_tolmiei,MacGillivray's Warbler,9,4.083333333,4.1,9,2.197224577,3,4.916666667,AnAge
Oreomystis_mana,Hawaii Creeper,0,8.75,0,8.75,2.1690537,1,0,USGS
Oriolus_oriolus,Eurasian Golden Oriole,14.8,0,0,14.8,2.694627181,1,0,AnAge
Palmeria_dolei,Akohekohe,9.2,0,0,9.2,2.219203484,1,0,AnAge
Panurus_biarmicus,Bearded Parrotbill,7.1,0,0,7.1,1.960094784,1,0,AnAge
Parula_americana,Northern Parula,7,4.916666667,4.9,7,1.945910149,3,2.1,AnAge
Parus_ater,Coal Tit,9.5,0,9.5,9.5,2.251291799,2,0,tie
Parus_atricapillus,Black-capped Chickadee,12.4,7.083333333,12.4,12.4,2.517696473,3,5.316666667,tie
Parus_caeruleus,Blue Tit,14.6,0,14.583,14.6,2.681021529,2,0.017,AnAge
Parus_carolinensis,Carolina Chickadee,10.9,10.66666667,10.9,10.9,2.388762789,3,0.233333333,tie
Parus_cinctus,Siberian Tit,9,0,7,9,2.197224577,2,2,AnAge
Parus_cristatus,Crested Tit,11.6,0,11.583,11.6,2.451005098,2,0.017,AnAge
Parus_gambeli,Mountain Chickadee,10.1,10.08333333,10.1,10.1,2.312535424,3,0.016666667,tie
Parus_hudsonicus,Boreal Chickadee,7,4.666666667,4.7,7,1.945910149,3,2.333333333,AnAge
Parus_major,Great Tit,15.4,0,15.417,15.417,2.735470797,2,0.017,WS
Parus_montanus,Willow Tit,11.3,0,0,11.3,2.424802726,1,0,AnAge
Parus_palustris,Marsh Tit,11.9,0,0,11.9,2.4765384,1,0,AnAge
Parus_rufescens,Chestnut-backed Chickadee,9.5,7.75,7.8,9.5,2.251291799,3,1.75,AnAge
Parus_sclateri,Mexican Chickadee,10.1,0,5,10.1,2.312535424,2,5.1,AnAge
Passer_domesticus,House Sparrow,0,13.33333333,19.67,19.67,2.979094632,2,6.336666667,WS
Passer_hispaniolensis,Spanish Sparrow,11.2,0,11.25,11.25,2.420368129,2,0.05,WS
Passer_moabiticus,Dead Sea Sparrow,0,0,7.25,7.25,1.981001469,1,0,WS
Passer_montanus,Eurasian Tree Sparrow,13.1,4,13.083,13.1,2.57261223,3,9.1,AnAge
Passerculus_sandwichensis,Savannah Sparrow,0,6.833333333,6.1,6.833333333,1.921812597,2,0.733333333,USGS
Passerella_iliaca,Fox Sparrow,10.3,9.666666667,9.7,10.3,2.332143895,3,0.633333333,AnAge
Passerina_amoena,Lazuli Bunting,9.9,4.916666667,8.9,9.9,2.292534757,3,4.983333333,AnAge
Passerina_caerulea,Blue Grosbeak,10.2,5.916666667,5.917,10.2,2.32238772,3,4.283333333,AnAge
Passerina_ciris,Painted Bunting,0,8.916666667,12,12,2.48490665,2,3.083333333,WS
Passerina_cyanea,Indigo Bunting,11,8,11,11,2.397895273,3,3,tie
Perisoreus_canadensis,Grey Jay,19.2,12.16666667,19.2,19.2,2.954910279,3,7.033333333,tie
Perisoreus_infaustus,Siberian Jay,17.9,0,0,17.9,2.884800713,1,0,AnAge
Petrochelidon_fulva,Cave Swallow,12.2,4.75,9.3,12.2,2.501435952,3,7.45,AnAge
Petrochelidon_pyrrhonota,Cliff Swallow,11.8,9,11,11.8,2.468099531,3,2.8,AnAge
Petronia_petronia,Rock Sparrow,7,0,0,7,1.945910149,1,0,AnAge
Pheucticus_ludovicianus,Rose-breasted Grosbeak,0,10.91666667,7.3,10.91666667,2.390290673,2,3.616666667,USGS
Pheucticus_melanocephalus,Black-headed Grosbeak,0,8.083333333,9.1,9.1,2.208274414,2,1.016666667,WS
Phoenicurus_ochruros,Black Redstart,10.2,0,0,10.2,2.32238772,1,0,AnAge
Phoenicurus_phoenicurus,Common Redstart,10.2,0,0,10.2,2.32238772,1,0,AnAge
Phylloscopus_borealis,Arctic Warbler,0,3.083333333,3.1,3.1,1.131402111,2,0.016666667,WS
Phylloscopus_collybita,Common Chiffchaff,8,0,0,8,2.079441542,1,0,AnAge
Phylloscopus_sibilatrix,Wood Warbler,10.2,0,0,10.2,2.32238772,1,0,AnAge
Phylloscopus_trochilus,Willow Warbler,11.8,0,0,11.8,2.468099531,1,0,AnAge
Pica_hudsonia,Black-billed Magpie,0,5,0,5,1.609437912,1,0,USGS
Pica_nuttalli,Yellow-billed Magpie,0,9.916666667,10,10,2.302585093,2,0.083333333,WS
Pica_pica,Black-billed Magpie,21.7,5,5.9,21.7,3.077312261,3,16.7,AnAge
Pinicola_enucleator,Pine Grosbeak,9.8,9.75,9.7,9.8,2.282382386,3,0.1,AnAge
Pipilo_aberti,Abert's Towhee,8.6,8.583333333,8.6,8.6,2.151762203,3,0.016666667,tie
Pipilo_chlorurus,Green-tailed Towhee,7.7,7.666666667,7.7,7.7,2.041220329,3,0.033333333,tie
Pipilo_crissalis,California Towhee,12.8,10.08333333,12.834,12.834,2.552097899,3,2.750666667,WS
Pipilo_erythrophthalmus,Eastern Towhee,12.3,9,12.3,12.3,2.509599262,3,3.3,tie
Pipilo_fuscus,Canyon Towhee,12.8,6.833333333,12.8,12.8,2.549445171,3,5.966666667,tie
Pipilo_maculatus,Spotted Towhee,11,8.666666667,0,11,2.397895273,2,2.333333333,AnAge
Piranga_ludoviciana,Western Tanager,0,6.916666667,7.9,7.9,2.066862759,2,0.983333333,WS
Piranga_olivacea,Scarlet Tanager,11.9,10.08333333,10.1,11.9,2.4765384,3,1.816666667,AnAge
Piranga_rubra,Summer Tanager,7.9,6,7.3,7.9,2.066862759,3,1.9,AnAge
Plectrophenax_hyperboreus,McKay's Bunting,4.8,4.75,4.8,4.8,1.568615918,3,0.05,tie
Plectrophenax_nivalis,Snow Bunting,9.6,8.75,8.8,9.6,2.261763098,3,0.85,AnAge
Polioptila_caerulea,Blue-grey Gnatcatcher,4.2,4.166666667,4.2,4.2,1.435084525,3,0.033333333,tie
Polioptila_californica,California Gnatcatcher,8,0,0,8,2.079441542,1,0,AnAge
Pooecetes_gramineus,Vesper Sparrow,7.9,7.083333333,7.9,7.9,2.066862759,3,0.816666667,tie
Progne_subis,Purple Martin,13.8,13.75,13.8,13.8,2.624668592,3,0.05,tie
Protonotaria_citrea,Prothonotary Warbler,8.1,4.916666667,4.9,8.1,2.091864062,3,3.2,AnAge
Prunella_modularis,Hedge Accentor,20.8,0,11.75,20.8,3.034952987,2,9.05,AnAge
Psaltriparus_minimus,Bushtit,9.1,6.583333333,8.4,9.1,2.208274414,3,2.516666667,AnAge
Pycnonotus_jocosus,Red-whiskered Bulbul,11.1,4,4,11.1,2.406945108,3,7.1,tie
Pycnonotus_xanthopygos,White-spectacled Bulbul,8.8,0,0,8.8,2.174751721,1,0,AnAge
Pyrocephalus_rubinus,Vermilion Flycatcher,5.5,0,5.5,5.5,1.704748092,2,0,tie
Pyrrhocorax_graculus,Yellow-billed Chough,24.4,0,0,24.4,3.194583132,1,0,AnAge
Pyrrhula_pyrrhula,Eurasian Bullfinch,17.5,0,0,17.5,2.862200881,1,0,AnAge
Quelea_quelea,Red-billed Quelea,10,0,0,10,2.302585093,1,0,AnAge
Quiscalus_major,Boat-tailed Grackle,0,11.91666667,12.83,12.83,2.551786179,2,0.913333333,WS
Quiscalus_mexicanus,Great-tailed Grackle,0,7.75,12.5,12.5,2.525728644,2,4.75,WS
Quiscalus_quiscula,Common Grackle,23.1,11.58333333,20.9,23.1,3.139832618,3,11.51666667,AnAge
Regulus_calendula,Ruby-crowned Kinglet,5.6,4.583333333,5.6,5.6,1.722766598,3,1.016666667,tie
Regulus_regulus,Goldcrest,7,0,0,7,1.945910149,1,0,AnAge
Regulus_satrapa,Golden-crowned Kinglet,6.3,6.333333333,5.3,6.333333333,1.84582669,3,1.033333333,USGS
Remiz_pendulinus,Eurasian Penduline-tit,7,0,0,7,1.945910149,1,0,AnAge
Riparia_riparia,Sand Martin,10,8,8,10,2.302585093,3,2,tie
Saxicola_rubetra,Whinchat,6.9,0,0,6.9,1.931521412,1,0,AnAge
Saxicola_torquatus,Common Stonechat,8.8,0,0,8.8,2.174751721,1,0,AnAge
Sayornis_nigricans,Black Phoebe,8,0,8,8,2.079441542,2,0,tie
Sayornis_phoebe,Eastern Phoebe,0,0,9.1,9.1,2.208274414,1,0,WS
Sayornis_saya,Say's Phoebe,0,0,5,5,1.609437912,1,0,WS
Seiurus_aurocapilla,Ovenbird,11,8.833333333,9,11,2.397895273,3,2.166666667,AnAge
Seiurus_motacilla,Louisiana Waterthrush,11.9,7.833333333,8,11.9,2.4765384,3,4.066666667,AnAge
Seiurus_noveboracensis,Northern Waterthrush,8.9,8.916666667,8.9,8.916666667,2.187922185,3,0.016666667,tie
Sericornis_frontalis,White-browed Scrubwren,17.6,0,0,17.6,2.867898902,1,0,AnAge
Serinus_canaria,Island Canary,0,0,7.2,7.2,1.974081026,1,0,WS
Serinus_serinus,European Serin,0,0,8.583,8.583,2.149783503,1,0,WS
Serinus_syriacus,Syrian Serin,0,0,6.917,6.917,1.93398215,1,0,WS
Setophaga_ruticilla,American Redstart,10.1,10.08333333,10,10.1,2.312535424,3,0.1,AnAge
Sialia_currucoides,Mountain Bluebird,9,5,4.8,9,2.197224577,3,4.2,AnAge
Sialia_mexicana,Western Bluebird,8.7,4.25,4.3,8.7,2.163323026,3,4.45,AnAge
Sialia_sialis,Eastern Bluebird,10.5,8,8,10.5,2.351375257,3,2.5,tie
Sitta_canadensis,Red-breasted Nuthatch,7.5,5.666666667,7.5,7.5,2.014903021,3,1.833333333,tie
Sitta_carolinensis,White-breasted Nuthatch,9.8,9.75,9.834,9.834,2.285845769,3,0.084,WS
Sitta_europaea,Wood Nuthatch,12.9,0,12.917,12.917,2.558544273,2,0.017,WS
Sitta_neumayer,Western Rock-nuthatch,0,0,6,6,1.791759469,1,0,WS
Sitta_pusilla,Brown-headed Nuthatch,5.8,5.75,5.8,5.8,1.757857918,3,0.05,tie
Sitta_pygmaea,Pygmy Nuthatch,8.2,0,8.2,8.2,2.104134154,2,0,tie
Spiza_americana,Dickcissel,4.8,4,4,4.8,1.568615918,3,0.8,tie
Spizella_arborea,American Tree Sparrow,10.8,10.75,10.75,10.8,2.379546134,3,0.05,tie
Spizella_breweri,Brewer's Sparrow,6.2,5.166666667,5.2,6.2,1.824549292,3,1.033333333,AnAge
Spizella_pallida,Clay-coloured Sparrow,6.9,5.083333333,5.1,6.9,1.931521412,3,1.816666667,AnAge
Spizella_passerina,Chipping Sparrow,11.8,9.833333333,9.8,11.8,2.468099531,3,2,AnAge
Spizella_pusilla,Field Sparrow,10.3,7.75,8.8,10.3,2.332143895,3,2.55,AnAge
Sporophila_torqueola,White-collared Seedeater,11.7,11.66666667,11.7,11.7,2.459588842,3,0.033333333,tie
Stelgidopteryx_ruficollis,Southern Rough-winged Swallow,5.9,0,5.9,5.9,1.774952351,2,0,tie
Stelgidopteryx_serripennis,Northern Rough-winged Swallow,5.9,5.916666667,0,5.916666667,1.777773227,2,0.016666667,USGS
Sturnella_magna,Eastern Meadowlark,12.6,8.666666667,12.58,12.6,2.533696814,3,3.933333333,AnAge
Sturnella_neglecta,Western Meadowlark,0,6.5,0,6.5,1.871802177,1,0,USGS
Sturnus_vulgaris,Common Starling,22.9,15.25,21.3,22.9,3.131136911,3,7.65,AnAge
Sylvia_atricapilla,Blackcap,13.8,0,8,13.8,2.624668592,2,5.8,AnAge
Sylvia_borin,Garden Warbler,0,0,14.167,14.167,2.650915316,1,0,WS
Sylvia_communis,Common Whitethroat,8.9,0,8.67,8.9,2.186051277,2,0.23,AnAge
Sylvia_curruca,Lesser Whitethroat,9,0,7.583,9,2.197224577,2,1.417,AnAge
Sylvia_melanocephala,Sardinian Warbler,8.3,0,0,8.3,2.116255515,1,0,AnAge
Sylvia_nisoria,Barred Warbler,11.9,0,0,11.9,2.4765384,1,0,AnAge
Tachycineta_bicolor,Tree Swallow,12.1,9,11,12.1,2.493205453,3,3.1,AnAge
Tachycineta_thalassina,Violet-green Swallow,9.1,6.833333333,6.8,9.1,2.208274414,3,2.3,AnAge
Telespiza_cantans,Laysan Finch,0,7,10,10,2.302585093,2,3,WS
Telespiza_ultima,Nihoa Finch,12,12,11,12,2.48490665,3,1,tie
Thraupis_episcopus,Blue-grey Tanager,9.5,0,0,9.5,2.251291799,1,0,AnAge
Thryomanes_bewickii,Bewick's Wren,8,8,8,8,2.079441542,3,0,tie
Thryothorus_ludovicianus,Carolina Wren,9.2,6.083333333,6.1,9.2,2.219203484,3,3.116666667,AnAge
Tiaris_bicolor,Black-faced Grassquit,0,4.083333333,0,4.083333333,1.406913648,1,0,USGS
Toxostoma_bendirei,Bendire's Thrasher,9.5,4.166666667,4.2,9.5,2.251291799,3,5.333333333,AnAge
Toxostoma_crissale,Crissal Thrasher,4.8,4.416666667,4.4,4.8,1.568615918,3,0.4,AnAge
Toxostoma_curvirostre,Curve-billed Thrasher,10.8,10.75,10.8,10.8,2.379546134,3,0.05,tie
Toxostoma_lecontei,Le Conte's Thrasher,5.7,5.666666667,5.87,5.87,1.769854634,3,0.203333333,WS
Toxostoma_longirostre,Long-billed Thrasher,7.8,7.25,7.3,7.8,2.054123734,3,0.55,AnAge
Toxostoma_redivivum,California Thrasher,6.9,6.916666667,6.9,6.916666667,1.933933958,3,0.016666667,tie
Toxostoma_rufum,Brown Thrasher,12.8,10.91666667,12.834,12.834,2.552097899,3,1.917333333,WS
Troglodytes_aedon,House Wren,9,7.083333333,7.1,9,2.197224577,3,1.916666667,AnAge
Troglodytes_troglodytes,Winter Wren,0,4.083333333,4.1,4.1,1.410986974,2,0.016666667,WS
Turdoides_squamiceps,Arabian Babbler,13.5,0,0,13.5,2.602689685,1,0,AnAge
Turdus_grayi,Clay-coloured Thrush,9.6,5,0,9.6,2.261763098,2,4.6,AnAge
Turdus_iliacus,Redwing,18.8,0,18.75,18.8,2.93385687,2,0.05,AnAge
Turdus_merula,Eurasian Blackbird,21.8,0,20.25,21.8,3.08190997,2,1.55,AnAge
Turdus_migratorius,American Robin,0,13.91666667,13.917,13.917,2.633111114,2,0.000333333,WS
Turdus_philomelos,Song Thrush,17.7,0,17.417,17.7,2.87356464,2,0.283,AnAge
Turdus_pilaris,Fieldfare,18.1,0,18,18.1,2.895911938,2,0.1,AnAge
Turdus_plumbeus,Red-legged Thrush,14.6,14.58333333,0,14.6,2.681021529,2,0.016666667,AnAge
Turdus_torquatus,Ring Ouzel,9.1,0,9.083,9.1,2.208274414,2,0.017,AnAge
Turdus_viscivorus,Mistle Thrush,21.2,0,12.34,21.2,3.054001182,2,8.86,AnAge
Tyrannus_tyrannus,Eastern Kingbird,11.1,0,9.9,11.1,2.406945108,2,1.2,AnAge
Tyrannus_verticalis,Western Kingbird,6.9,0,6.9,6.9,1.931521412,2,0,tie
Vermivora_celata,Orange-crowned Warbler,8.6,6,6.8,8.6,2.151762203,3,2.6,AnAge
Vermivora_chrysoptera,Golden-winged Warbler,7.9,7,7.9,7.9,2.066862759,3,0.9,tie
Vermivora_luciae,Lucy's Warbler,5.8,5.833333333,5.8,5.833333333,1.763588592,3,0.033333333,tie
Vermivora_peregrina,Tennessee Warbler,6.4,4.583333333,6.417,6.417,1.858950719,3,1.833666667,WS
Vermivora_pinus,Blue-winged Warbler,9,7.916666667,7.917,9,2.197224577,3,1.083333333,AnAge
Vermivora_ruficapilla,Nashville Warbler,10.2,7.333333333,7.3,10.2,2.32238772,3,2.9,AnAge
Vermivora_virginiae,Virginia's Warbler,6.2,3.25,4.1,6.2,1.824549292,3,2.95,AnAge
Vestiaria_coccinea,Iiwi,8.8,8.75,0,8.8,2.174751721,2,0.05,AnAge
Vireo_atricapilla,Black-capped Vireo,12,8,7,12,2.48490665,3,5,AnAge
Vireo_bellii,Bell's Vireo,9.1,9.083333333,6.917,9.1,2.208274414,3,2.183,AnAge
Vireo_flavifrons,Yellow-throated Vireo,6.1,0,6.1,6.1,1.808288771,2,0,tie
Vireo_gilvus,Warbling Vireo,13.1,13.08333333,13.1,13.1,2.57261223,3,0.016666667,tie
Vireo_griseus,White-eyed Vireo,10.9,7.916666667,7.3,10.9,2.388762789,3,3.6,AnAge
Vireo_huttoni,Hutton's Vireo,13.5,6.5,6.5,13.5,2.602689685,3,7,tie
Vireo_latimeri,Puerto Rican Vireo,16.8,12.83333333,0,16.8,2.821378886,2,3.966666667,AnAge
Vireo_olivaceus,Red-eyed Vireo,10.2,10.91666667,10,10.91666667,2.390290673,3,0.916666667,USGS
Vireo_philadelphicus,Philadelphia Vireo,9.8,8.833333333,8.834,9.8,2.282382386,3,0.966666667,AnAge
Vireo_plumbeus,Plumbeous Vireo,0,5,0,5,1.609437912,1,0,USGS
Vireo_solitarius,Blue-headed Vireo,7.4,6.416666667,7.417,7.417,2.003774663,3,1.000333333,WS
Vireo_vicinior,Grey Vireo,0,0,6,6,1.791759469,1,0,WS
Wilsonia_canadensis,Canada Warbler,8,7.916666667,8,8,2.079441542,3,0.083333333,tie
Wilsonia_citrina,Hooded Warbler,8.2,8.083333333,8,8.2,2.104134154,3,0.2,AnAge
Wilsonia_pusilla,Wilson's Warbler,8.9,6.833333333,6.8,8.9,2.186051277,3,2.1,AnAge
Xanthocephalus_xanthocephalus,Yellow-headed Blackbird,0,10.91666667,11.67,11.67,2.457021446,2,0.753333333,WS
Zonotrichia_albicollis,White-throated Sparrow,14.9,8.333333333,9.7,14.9,2.701361213,3,6.566666667,AnAge
Zonotrichia_atricapilla,Golden-crowned Sparrow,10.5,10.5,10.5,10.5,2.351375257,3,0,tie
Zonotrichia_leucophrys,White-crowned Sparrow,13.3,13.33333333,13.34,13.34,2.59076704,3,0.04,WS
Zonotrichia_querula,Harris's Sparrow,11.7,11.66666667,11.7,11.7,2.459588842,3,0.033333333,tie
Zoothera_naevia,Varied Thrush,5.6,3.583333333,4.8,5.6,1.722766598,3,2.016666667,AnAge
Zosterops_japonicus,Japanese White-eye,5.1,8.75,5.1,8.75,2.1690537,3,3.65,tie
Zosterops_lateralis,Silvereye,13,0,0,13,2.564949357,1,0,AnAge