DiscreteTrait,DiscreteNumGroups,ContinuousTrait,n_Species,PhylANOVApval
MeanCoopTie2Noncoop,2,Syllable.rep.final,123,0.99524
MeanCoopTie2Noncoop,2,Syll.song.final,171,0.31118
MeanCoopTie2Noncoop,2,Duration.final,227,0.34312
MeanCoopTie2Noncoop,2,Interval.final,127,0.97826
MeanCoopTie2Noncoop,2,Song.rep.final,217,0.78596
MeanCoopTie2Coop,2,Song.rep.final,217,0.45334
MeanCoopOmitTies,2,Song.rep.final,215,0.76296
AnyCoopEqualsCoop,2,Song.rep.final,217,0.79098
grouping,4,Song.rep.final,127,0.72988
social_bonds,3,Song.rep.final,129,0.75638
Griesser2023.Colonial01,2,Song.rep.final,129,0.79964
Griesser2023.MoreThanTwoCaretakers,2,Song.rep.final,129,0.85682
Griesser2023.LongSocialBonds,2,Song.rep.final,129,0.65492
Griesser2023.GroupsLargerThanPair,2,Song.rep.final,127,0.3345
Griesser2023.TwoOrMoreCaretakers,2,Song.rep.final,129,0.67844
Griesser2023.Asocial0vsSocial1,2,Song.rep.final,127,0.26796
Griesser2023.LargestGroupSizes,2,Song.rep.final,127,0.56416
Griesser2023.SeasonOrLongerSocialBonds,2,Song.rep.final,129,0.64316
Griesser2017FamilialLiving,2,Song.rep.final,156,0.78656