"","variable","mean","p2_5","p97_5","sd","ci_lower","ci_upper","min","max","median"
"1","Coop0to1inFS0DifferenceFromExpected",-4.40780423992327,-10.636982405275,1.65587696986853,3.21661915270284,-4.68975333998359,-4.12585513986296,-13.162499032146,4.3904363007051,-4.3769039632161
"2","Coop1to0inFS0DifferenceFromExpected",-1.31615594655887,-5.65433954712842,3.97463634094621,2.4360972780181,-1.52968928780613,-1.1026226053116,-8.1785943050936,6.95890874879983,-1.53230297189084
"3","Coop0to1inFS1DifferenceFromExpected",4.40780423992326,-1.65587696986853,10.636982405275,3.21661915270284,4.12585513986295,4.68975333998358,-4.3904363007051,13.162499032146,4.3769039632161
"4","Coop1to0inFS1DifferenceFromExpected",1.31615594655887,-3.97463634094625,5.65433954712842,2.4360972780181,1.1026226053116,1.52968928780613,-6.9589087487998,8.1785943050936,1.53230297189085
"5","FS0to1inCoop0DifferenceFromExpected",0.647998708305632,-6.56740877134425,7.87908952741349,3.86923480913967,0.308845323783159,0.987152092828105,-10.283347682263,13.711431199345,0.838819812374496
"6","FS1to0inCoop0DifferenceFromExpected",6.11693516601599,-0.0792146449136893,12.1852468766105,3.07512656614531,5.84738843799639,6.3864818940356,-3.01573134989101,15.430202502566,6.11996961032449
"7","FS0to1inCoop1DifferenceFromExpected",-0.647998708305636,-7.87908952741353,6.56740877134446,3.86923480913968,-0.987152092828111,-0.308845323783162,-13.7114311993447,10.2833476822634,-0.83881981237465
"8","FS1to0inCoop1DifferenceFromExpected",-6.11693516601602,-12.1852468766106,0.0792146449132527,3.07512656614529,-6.38648189403562,-5.84738843799642,-15.4302025025664,3.0157313498906,-6.1199696103244
"9","Coop0to1inFS0",23.73,17,30,3.48502378493506,23.4245241966163,24.0354758033837,14,34,24
"10","Coop1to0inFS0",6.986,2,13.525,2.97649509424964,6.72509870167488,7.24690129832512,0,17,7
"11","Coop0to1inFS1",65.914,57,75,4.59443376742843,65.5112801240941,66.3167198759059,51,79,66
"12","Coop1to0inFS1",19.468,11,30,4.86171250661678,19.0418521096472,19.8941478903528,8,37,19
"13","FS0to1inCoop0",160.846,130,194,16.5064596573839,159.399145018219,162.292854981781,119,211,160
"14","FS1to0inCoop0",207.694,185.475,228,11.4037034732499,206.694421318472,208.693578681528,171,241,209
"15","FS0to1inCoop1",18.604,10,28,4.42564760384589,18.216074883643,18.991925116357,6,34,18
"16","FS1to0inCoop1",18.118,12,26,3.71964346342361,17.7919588750579,18.4440411249421,9,30,18
"17","Coop0to1inFS0Expected",28.1378042399233,24.2971346334424,33.068047492174,2.24646736979622,27.9408926929978,28.3347157868488,22.1489348841289,36.8278344811632,27.8942062592542
"18","Coop1to0inFS0Expected",8.30215594655887,4.92716553893363,12.169979745273,1.90148670496594,8.13548328815872,8.46882860495901,3.76528562210235,14.6285699861284,8.1991037461987
"19","Coop0to1inFS1Expected",61.5061957600767,55.2501945056042,68.5556360497337,3.34815996946313,61.2127165990592,61.7996749210943,52.0622105507797,70.2708409841829,61.316323340201
"20","Coop1to0inFS1Expected",18.1518440534411,10.6007797615794,27.0063627590111,4.05836995284261,17.7961122426191,18.5075758642632,8.86571388577078,32.3652673925918,18.103908229594
"21","FS0to1inCoop0Expected",160.198001291694,132.100779658528,193.559352263949,15.6697347612171,158.824488480768,161.571514102621,123.06029958967,209.803072739363,159.126029398699
"22","FS1to0inCoop0Expected",201.577064833984,180.66706073865,220.478285578049,10.9068864368269,200.621034085756,202.533095582212,165.201231794802,232.871880483616,202.057354963881
"23","FS0to1inCoop1Expected",19.2519987083056,14.6182994077692,23.8106168649104,2.42365181794408,19.039556259732,19.4644411568792,13.0369052141113,31.1969272606374,19.1649981983602
"24","FS1to0inCoop1Expected",24.234935166016,20.1908543537015,29.5254325263274,2.45307234197455,24.0199138948091,24.4499564372229,18.4717503536877,33.149069509586,24.1172211532902
