"trait1","trait2","Nspecies","nsims_real","nsims_dummy","pval","coopQ01","coopQ10","FSQAbsPres","FSQPresAbs","Nspecies","propFSabsent_MedianReal","propFSpresent_MedianReal","propNoncoop_MedianReal","propCoop_MedianReal","ObsProp0Absent_MedianReal","ObsProp0Present_MedianReal","ObsProp1Absent_MedianReal","ObsProp1Present_MedianReal","propFSabsent_MedianDummy","propFSpresent_MedianDummy","propNoncoop_MedianDummy","propCoop_MedianDummy","ObsProp0Absent_MedianDummy","ObsProp0Present_MedianDummy","ObsProp1Absent_MedianDummy","ObsProp1Present_MedianDummy","ObsProp0Absent_DummyVsRealPval","ObsProp0Present_DummyVsRealPval","ObsProp1Absent_DummyVsRealPval","ObsProp1Present_DummyVsRealPval","ObsProp0Absent_FractionDummyLessThanMedianReal","ObsProp0Present_FractionDummyLessThanMedianReal","ObsProp1Absent_FractionDummyLessThanMedianReal","ObsProp1Present_FractionDummyLessThanMedianReal"
"HighConfidence_Coop","FemaleSong_Agg01",1041,500,500,0.002,0.0107165917333236,0.0305939954654,0.0671856895282795,0.0382876562833227,1041,0.312399596301514,0.687600403698486,0.893335306455226,0.106664693544774,0.289523517555117,0.602232918140911,0.0224456537542621,0.0839498860989769,0.328778899859566,0.671221100140434,0.934632322739215,0.065367677260785,0.306662832797472,0.626975803479136,0.0224010923968438,0.0428118400655963,2.45049898100207e-50,8.72348973912025e-104,0.898747302978622,2.17526742607688e-261,0.274,0.194,0.504,1
"Griesser2017Coop","FemaleSong_Agg01",468,500,500,0.002,0.0214928013242158,0.0291031248856869,0.0671856893959013,0.0382876562093795,468,0.34576614938913,0.65423385061087,0.793893253613909,0.206106746386091,0.295174279594065,0.49527402021341,0.0502684425125134,0.155035691322195,0.320239984193606,0.679760015806394,0.870625800838409,0.129374199161591,0.276479806316867,0.593091193140392,0.0421556512849231,0.0859861874020501,8.61451046708267e-31,0,2.3531525237004e-06,0,0.698,0.004,0.766,1
"CornwallisCoop","FemaleSong_Agg01",731,500,500,0.008,0.00457467923476872,0.0340639397546269,0.0671856893743412,0.0382876562381612,731,0.358159807912248,0.641840192087753,0.948558465021861,0.0514415349781382,0.347641888599162,0.599602699127063,0.0104410632806234,0.0405082881536105,0.376445375109882,0.623554624890118,0.970809651324248,0.0291903486757518,0.364984082524465,0.60462159012391,0.0110704290916626,0.0180825496360852,5.71706531024397e-39,0.000330123382273203,0.589160138528374,5.96677030831868e-65,0.312,0.448,0.438,1
"CockburnCoop","FemaleSong_Agg01",751,500,500,0.002,0.0136303637692876,0.0418257247555959,0.0671856892602306,0.0382876561966763,751,0.355641357534862,0.644358642465138,0.87724289934955,0.12275710065045,0.325896964617365,0.549511391708462,0.0293053249542129,0.0932229942954463,0.352905051050165,0.647094948949836,0.909693919791179,0.0903060802088212,0.319566758819775,0.590028949306539,0.0324082424810492,0.0577966375631764,0.00077757780071775,2.73030230926434e-166,0.0289920870285042,3.19120331018144e-154,0.576,0.126,0.328,0.996
"JetzCoop","FemaleSong_Agg01",314,500,500,0.38,0.00870320192754842,0.0719340739560568,0.0671856894801929,0.0382876562468725,314,0.276436523640523,0.723563476359477,0.930796368949018,0.0692036310509827,0.256611116602445,0.671241304444057,0.0178725029522721,0.050234668380355,0.310945748620184,0.689054251379816,0.946859070918563,0.0531409290814371,0.293955288248553,0.649837460044814,0.0167487211049043,0.0337819721196252,6.94975670654795e-88,1.67912556315855e-22,0.232638566773711,1.2490699064126e-20,0.194,0.69,0.542,0.836
"DaleCoop","FemaleSong_Agg01",785,500,500,0.01,0.0209895305648831,0.0668574034520912,0.0671856895877595,0.038287656262592,785,0.357770592718521,0.642229407281479,0.824709174863948,0.175290825136052,0.30984862157423,0.510821069151051,0.0474803049184911,0.127811669896185,0.374013318779038,0.625986681220962,0.871532733617728,0.128467266382272,0.323829977223984,0.545196743127647,0.0478018642962331,0.0801417720909195,1.39212632116923e-28,4.69641974356544e-115,0.659761584706636,2.05054404534211e-236,0.31,0.154,0.482,0.996
"DowningCoop","FemaleSong_Agg01",105,500,500,0.288,0.0169659101662221,0.0370701048959663,0.0671856895282795,0.0382876562833227,105,0.287525598439086,0.712474401560914,0.825710191619079,0.174289808380921,0.238749574618372,0.58220932058419,0.0457041001904315,0.121980500354329,0.263114194660836,0.736885805339164,0.882071635296836,0.117928364703165,0.22950455820052,0.645415040457195,0.0322988561450549,0.0845287556085293,0.00670327232881572,1.9912715057826e-97,1.99593615991423e-06,6.93558609350837e-44,0.572,0.166,0.762,0.876
"BiagoliniCoop","FemaleSong_Agg01",114,500,500,0.254,0.0128281543990399,0.0349666620696867,0.0671856894045495,0.0382876562354757,114,0.256831189031789,0.743168810968211,0.848536503885777,0.151463496114223,0.224415940847894,0.620965837298002,0.0301571300947944,0.115433940275746,0.25931254474839,0.74068745525161,0.901646187858057,0.0983538121419433,0.230659118311138,0.663501113006514,0.0257140386964061,0.0702106727439533,0.113305721581432,2.63542088357317e-70,0.0159899882849003,2.08996061933478e-64,0.458,0.212,0.63,0.936
"RubensteinCoop","FemaleSong_Agg01",9,500,500,0.278,0,0.071908086295116,0.0671856893898991,0.0382876562254346,9,0.513838497789388,0.486161502210611,0.410386754911389,0.589613245088612,0.248943372015566,0.135395910964026,0.253610744615898,0.338031760853683,0.515373793927681,0.48462620607232,0.302164078616017,0.697835921383982,0.131586146389215,0.155107527916788,0.349799216896269,0.315147709822593,1.20196643191802e-35,0.671842563513943,2.25810127075076e-30,0.540285292675319,0.912,0.39,0.326,0.542
