,,FemaleSong_Agg01_0,FemaleSong_Agg01_1,HighConfidence_Coop_0,HighConfidence_Coop_1
Griesser2023.Colonial01_0,Non-colonial,58,165,328,61
Griesser2023.Colonial01_1,Colonial,12,35,74,9
Griesser2023.Asocial0VsSocial1_0,Asocial,8,26,46,0
Griesser2023.Asocial0VsSocial1_1,Social,56,165,325,70
Griesser2023.GroupsLargerThanPair_0,Groups pair or smaller,15,49,85,0
Griesser2023.GroupsLargerThanPair_1,Groups larger than pair,49,142,286,70
Griesser2023.LargestGroupSizes_0,Smaller groups,34,139,230,65
Griesser2023.LargestGroupSizes_1,Largest group sizes,30,52,141,5
Griesser2023.SeasonOrLongerSocialBonds_0,Short social bonds,11,2,18,0
Griesser2023.SeasonOrLongerSocialBonds_1,Season or longer social bond,59,198,384,70
Griesser2023.LongSocialBonds_0,Season or shorter social bonds,34,61,161,3
Griesser2023.LongSocialBonds_1,Long social bonds,36,139,241,67
Griesser2023.MoreThanTwoCaretakers_0,Two or fewer caretakers,66,172,401,1
Griesser2023.MoreThanTwoCaretakers_1,More than two caretakers,4,28,1,69
Griesser2023.TwoOrMoreCaretakers_0,Fewer than two caretakers,12,6,24,0
Griesser2023.TwoOrMoreCaretakers_1,Two or more caretakers,58,194,378,70
Griesser2017FamilialLiving_0,Non-familial living,103,159,554,11
Griesser2017FamilialLiving_1,Familial living,59,147,345,249
Final.polygyny_0,Social monogamy,102,166,531,72
Final.polygyny_1,Social polygyny,32,23,104,2
HighConfidence_Coop_0,Non-cooperative,358,558,3904,0
HighConfidence_Coop_1,Cooperative,24,101,0,469
MeanCoopTie2Noncoop_0,Non-cooperative,366,572,3904,3
MeanCoopTie2Noncoop_1,Cooperative,29,108,0,466
MeanCoopTie2Coop_0,Non-cooperative,361,568,3904,2
MeanCoopTie2Coop_1,Cooperative,34,112,0,467
MeanCoopOmitTies_0,Non-cooperative,361,568,3904,2
MeanCoopOmitTies_1,Cooperative,29,108,0,466
AnyCoopEqualsCoop_0,Non-cooperative,353,538,3836,0
AnyCoopEqualsCoop_1,Cooperative,42,142,68,469
AnyNoncoopEqualsNoncoop_0,Non-cooperative,374,589,3904,35
AnyNoncoopEqualsNoncoop_1,Cooperative,21,91,0,434
BiagoliniCoop_0,Non-cooperative,26,71,116,10
BiagoliniCoop_1,Cooperative,2,15,0,28
DowningCoop_0,Non-cooperative,26,62,94,2
DowningCoop_1,Cooperative,2,15,0,31
JetzCoop_0,Non-cooperative,101,191,2107,2
JetzCoop_1,Cooperative,6,16,0,158
CockburnCoop_0,Non-cooperative,258,383,1764,11
CockburnCoop_1,Cooperative,24,86,1,295
Griesser2017Coop_0,Non-cooperative,140,231,898,2
Griesser2017Coop_1,Cooperative,22,75,1,258
DaleCoop_0,Non-cooperative,268,382,1822,2
DaleCoop_1,Cooperative,37,98,60,266
CornwallisCoop_0,Non-cooperative,279,411,1884,20
CornwallisCoop_1,Cooperative,5,36,0,105
RubensteinCoop_0,Non-cooperative,3,2,28,0
RubensteinCoop_1,Cooperative,1,3,1,16