"","FemaleSong_Agg01.0","FemaleSong_Agg01.1","HighConfidence_Coop.0","HighConfidence_Coop.1","MeanCoopTie2Noncoop.0","MeanCoopTie2Noncoop.1","MeanCoopTie2Coop.0","MeanCoopTie2Coop.1","AnyCoopEqualsCoop.0","AnyCoopEqualsCoop.1","MeanCoopOmitTies.0","MeanCoopOmitTies.1","AnyNoncoopEqualsNoncoop.0","AnyNoncoopEqualsNoncoop.1","Griesser2017Coop.0","Griesser2017Coop.1","CornwallisCoop.0","CornwallisCoop.1","CockburnCoop.0","CockburnCoop.1","DaleCoop.0","DaleCoop.1","DowningCoop.0","DowningCoop.1","BiagoliniCoop.0","BiagoliniCoop.1","System_Jetz2011.0","System_Jetz2011.1"
"FemaleSong_Agg01.0",397,NA,358,24,366,29,361,34,353,42,361,29,374,21,140,22,279,5,258,24,268,37,26,2,26,2,37,348
"FemaleSong_Agg01.1",NA,697,558,101,572,108,568,112,538,142,568,108,589,91,231,75,411,36,383,86,382,98,62,15,71,15,114,559
"HighConfidence_Coop.0",358,558,3904,NA,3904,0,3904,0,3836,68,3904,0,3904,0,898,1,1884,0,1764,1,1822,60,94,0,116,0,8,3836
"HighConfidence_Coop.1",24,101,NA,469,3,466,2,467,0,469,2,466,35,434,2,258,20,105,11,295,2,266,2,31,10,28,453,5
"MeanCoopTie2Noncoop.0",366,572,3904,3,4001,NA,3940,61,3859,142,3940,0,4001,0,916,5,1896,0,1831,5,1823,112,101,1,123,1,84,3853
"MeanCoopTie2Noncoop.1",29,108,0,466,NA,493,0,493,0,493,0,493,59,434,10,272,21,105,24,300,2,292,2,31,9,28,478,5
"MeanCoopTie2Coop.0",361,568,3904,2,3940,0,3940,NA,3859,81,3940,0,3940,0,908,2,1893,0,1789,2,1823,71,99,0,120,1,35,3845
"MeanCoopTie2Coop.1",34,112,0,467,61,493,NA,554,0,554,0,493,120,434,18,275,24,105,66,303,2,333,4,32,12,28,527,13
"AnyCoopEqualsCoop.0",353,538,3836,0,3859,0,3859,0,3859,NA,3859,0,3859,0,850,0,1817,0,1774,0,1815,0,81,0,100,0,29,3771
"AnyCoopEqualsCoop.1",42,142,68,469,142,493,81,554,NA,635,81,493,201,434,76,277,100,105,81,305,10,404,22,32,32,29,533,87
"MeanCoopOmitTies.0",361,568,3904,2,3940,0,3940,0,3859,81,3940,NA,3940,0,908,2,1893,0,1789,2,1823,71,99,0,120,1,35,3845
"MeanCoopOmitTies.1",29,108,0,466,0,493,0,493,0,493,NA,493,59,434,10,272,21,105,24,300,2,292,2,31,9,28,478,5
"AnyNoncoopEqualsNoncoop.0",374,589,3904,35,4001,59,3940,120,3859,201,3940,59,4060,NA,926,40,1917,10,1855,30,1825,158,103,7,132,3,138,3858
"AnyNoncoopEqualsNoncoop.1",21,91,0,434,0,434,0,434,0,434,0,434,NA,434,0,237,0,95,0,275,0,246,0,25,0,26,424,0
"Griesser2017Coop.0",140,231,898,2,916,10,908,18,850,76,908,10,926,0,926,NA,656,1,584,4,605,64,80,0,87,2,22,888
"Griesser2017Coop.1",22,75,1,258,5,272,2,275,0,277,2,272,40,237,NA,277,16,93,21,250,3,209,4,25,9,25,270,4
"CornwallisCoop.0",279,411,1884,20,1896,21,1893,24,1817,100,1893,21,1917,0,656,16,1917,NA,1753,24,1401,83,103,6,128,1,25,1851
"CornwallisCoop.1",5,36,0,105,0,105,0,105,0,105,0,105,10,95,1,93,NA,105,8,94,1,81,0,26,2,28,98,3
"CockburnCoop.0",258,383,1764,11,1831,24,1789,66,1774,81,1789,24,1855,0,584,21,1753,8,1855,NA,1368,62,74,0,93,2,92,1734
"CockburnCoop.1",24,86,1,295,5,300,2,303,0,305,2,300,30,275,4,250,24,94,NA,305,1,213,6,31,13,26,297,0
"DaleCoop.0",268,382,1822,2,1823,2,1823,2,1815,10,1823,2,1825,0,605,3,1401,1,1368,1,1825,NA,76,0,86,0,6,1795
"DaleCoop.1",37,98,60,266,112,292,71,333,0,404,71,292,158,246,64,209,83,81,62,213,NA,404,20,25,28,24,326,72
"DowningCoop.0",26,62,94,2,101,2,99,4,81,22,99,2,103,0,80,4,103,0,74,6,76,20,103,NA,83,0,6,96
"DowningCoop.1",2,15,0,31,1,31,0,32,0,32,0,31,7,25,0,25,6,26,0,31,0,25,NA,32,7,18,29,0
"BiagoliniCoop.0",26,71,116,10,123,9,120,12,100,32,120,9,132,0,87,9,128,2,93,13,86,28,83,7,132,NA,13,117
"BiagoliniCoop.1",2,15,0,28,1,28,1,28,0,29,1,28,3,26,2,25,1,28,2,26,0,24,0,18,NA,29,25,3
"System_Jetz2011.0",37,114,8,453,84,478,35,527,29,533,35,478,138,424,22,270,25,98,92,297,6,326,6,29,13,25,NA,NA
"System_Jetz2011.1",348,559,3836,5,3853,5,3845,13,3771,87,3845,5,3858,0,888,4,1851,3,1734,0,1795,72,96,0,117,3,NA,NA
