"","Tree.No","Lh","q12","q13","q21","q24","q31","q34","q42","q43","Root...P.0.0.","Root...P.0.1.","Root...P.1.0.","Root...P.1.1.","model1.Lh","model2.Lh","LRstat","pval"
"1",1,-287.676991,0.060025,0.046387,0.023267,0.017334,0.356435,0,0.021668,0.011126,0.316791,0.283216,0.31935,0.080643,-287.676991,-289.69649,4.03899799999999,0.0444602122603297
"2",1,-290.145537,0.062422,0.00424,0.02451,0.018887,0.020974,0.867632,0.030435,0.154502,0.367169,0.392813,0.118617,0.121401,-290.145537,-288.599842,3.09138999999993,0.0787075475141995
"3",1,-290.388656,0.060318,0.003111,0.024099,0.019819,0.013932,2.073877,0.031548,0.394444,0.368402,0.397587,0.116067,0.117944,-290.388656,-293.176068,5.57482399999992,0.0182204961868202
"4",1,-289.221132,0.0663,0.070166,0.025996,0.017317,0.627231,0,0.020188,0.012186,0.320522,0.278168,0.324464,0.076846,-289.221132,-290.815977,3.18968999999993,0.0741040631452448
"5",1,-289.409517,0.056313,0.063902,0.024236,0.017354,0.553787,0.019018,0.020309,0.01064,0.322434,0.293996,0.314514,0.069057,-289.409517,-286.59627,5.62649399999998,0.0176909804660805
"6",1,-289.485365,0.059881,0.113609,0.024113,0.017428,0.870275,0.000399,0.024742,0.00972,0.314083,0.282368,0.315809,0.08774,-289.485365,-293.16001,7.34929,0.00670892459648682
"7",1,-289.655958,0.058297,0.143101,0.023752,0.016413,0.962835,0.000122,0.025194,0.008373,0.309683,0.293175,0.310367,0.086775,-289.655958,-289.526047,0.259821999999986,0.610242469535439
"8",1,-288.746327,0.065537,0.066697,0.025889,0.017177,0.514391,0.001713,0.021863,0.009839,0.322482,0.278218,0.326236,0.073064,-288.746327,-287.249756,2.99314200000003,0.0836177799959378
"9",1,-288.986094,0.059083,0.068561,0.025267,0.018302,0.547906,0,0.032146,0.006593,0.300287,0.285177,0.301022,0.113513,-288.986094,-286.886339,4.19950999999992,0.0404356616531615
"10",1,-289.172414,0.067427,0.086095,0.026523,0.018032,0.44416,0,0.031898,0.006652,0.303999,0.279782,0.306222,0.109998,-289.172414,-288.683343,0.978142000000048,0.322657947306624
"11",1,-289.513613,0.056394,0.006194,0.023746,0.017888,0.032953,0.403075,0.025922,0.0703,0.374458,0.420448,0.102739,0.102355,-289.513613,-286.394933,6.23736000000008,0.0125082794213603
"12",1,-287.026954,0.075583,0.027853,0.027397,0.01744,0.261697,0.001241,0.015237,0.013112,0.329611,0.270265,0.341426,0.058698,-287.026954,-291.716419,9.37892999999997,0.00219493631739544
"13",1,-289.287891,0.059748,0.086598,0.024007,0.01732,0.728488,0,0.023337,0.009192,0.320442,0.279076,0.323385,0.077097,-289.287891,-288.069696,2.43638999999996,0.118548769214835
"14",1,-285.812789,0.089218,0.007619,0.03192,0.01827,0.050098,0.055433,0.028966,0.015908,0.340168,0.313009,0.210021,0.136802,-285.812789,-288.626077,5.626576,0.0176901528729929
"15",1,-287.803089,0.056235,0.009926,0.023454,0.01677,0.062237,0.184985,0.023585,0.029423,0.3723,0.403041,0.127001,0.097658,-287.803089,-286.688185,2.22980800000005,0.135370668649472
"16",1,-290.27272,0.06205,0.005014,0.025002,0.019055,0.002049,1.344769,0.033255,0.24476,0.376529,0.397343,0.110675,0.115453,-290.27272,-292.28274,4.02003999999999,0.0449626471398437
"17",1,-289.388815,0.072916,0.010084,0.027082,0.016939,0.036177,0.303484,0.025354,0.042753,0.41259,0.403007,0.095819,0.088584,-289.388815,-286.589736,5.59815800000001,0.0179793712193115
"18",1,-289.29414,0.054838,0.006535,0.024257,0.01825,0.008128,0.381785,0.032479,0.071698,0.353348,0.408311,0.112111,0.12623,-289.29414,-286.636473,5.31533400000001,0.0211385412584724
"19",1,-307.194468,0.548136,0.005409,0.258748,0.0199,2.9e-05,1.712436,0.035804,0.358949,0.387927,0.381997,0.113123,0.116953,-307.194468,-287.059321,40.2702939999999,2.21146140792601e-10
"20",1,-290.06838,0.06187,0.32236,0.025033,0.017483,2.010354,0,0.025976,0.00697,0.320747,0.279645,0.321858,0.07775,-290.06838,-287.780398,4.575964,0.0324234979164553
"21",1,-286.067905,0.08478,0.01271,0.030615,0.0191,0.153548,0.008119,0.022339,0.020123,0.291313,0.281678,0.277047,0.149962,-286.067905,-289.427529,6.71924799999999,0.0095377834586327
"22",1,-287.044906,0.059773,0.013997,0.024206,0.016725,0.15347,0.076745,0.023343,0.019676,0.315192,0.332143,0.227502,0.125162,-287.044906,-289.365813,4.64181399999995,0.031202004614057
"23",1,-292.011488,0.062772,0.012487,0.024944,0.019585,0,3.564412,0.027927,0.547497,0.426846,0.429699,0.070764,0.072691,-292.011488,-287.557291,8.90839399999993,0.00283862799027926
"24",1,-290.324458,0.063216,0.124204,0.024781,0.016904,1.308592,0,0.021775,0.010972,0.322037,0.27595,0.324128,0.077886,-290.324458,-290.054989,0.53893800000003,0.46287318719393
"25",1,-288.921176,0.063015,0.073058,0.025087,0.017805,0.558641,0,0.028653,0.009408,0.30442,0.280451,0.306334,0.108795,-288.921176,-286.526255,4.78984200000002,0.0286280525292201
