scientific name, common name, taxonomic family, N observations, occasional cooperative breeder, parental care mode, family, time reference
Accipiter_gentilis, Northern Goshawk, Accipitridae, 1, no, no_fam, 0, [4]
Aegithalos_caudatus, Long-tailed Tit, Aegithalidae, 1, no, coop_families, unknown, [4]
Cardinalis_cardinalis, Northern Cardinal, Cardinalidae, 2, yes, no_fam, 0, [4]
Piranga_olivacea, Scarlet Tanager, Cardinalidae, 1, no, no_fam, 0, [4]
Prinia_maculosa, Karoo Prinia, Cisticolidae, 1, no, no_fam, 0, [4]
Pipilo_erythrophthalmus, Eastern Towhee, Emberizidae, 2, no, no_fam, 0, [5]
Ammodramus_maritimus, Seaside Sparrow, Emberizidae, 1, no, no_fam, 10, [4]
Junco_hyemalis, Dark-eyed Junco, Emberizidae, 1, no, no_fam, 1, [4]
Melospiza_melodia, Song Sparrow, Emberizidae, 3, no, no_fam, 29, [4]
Pipilo_crissalis, California Towhee, Emberizidae, 1, no, no_fam, 20, [4]
Spizella_pusilla, Field Sparrow, Emberizidae, 1, no, no_fam, 0, [4]
Hemignathus_virens, Common Amakihi, Fringillidae, 1, yes, no_fam, 40, [6]
Carpodacus_mexicanus, House Finch, Fringillidae, 1, no, no_fam, 0, [4]
Fringilla_coelebs, Eurasian Chaffinch, Fringillidae, 1, no, no_fam, 24, [4]
Gavia_arctica, Arctic Loon, Gaviidae, 1, no, no_fam, 15, [4]
Tachycineta_bicolor, Tree Swallow, Hirundinidae, 1, yes, no_fam, 0, [4]
Sterna_caspia, Caspian Tern, Laridae, 1, no_fam, 90, [7]
Dumetella_carolinensis, Grey Catbird, Mimidae, 1, no, no_fam, 13, [4]
Toxostoma_rufum, Brown Thrasher, Mimidae, 1, no, no_fam, 45, [4]
Motacilla_cinerea, Grey Wagtail, Motacillidae, 2, yes, no_fam, 3.5, [8]
Ficedula_albicollis, Collared Flycatcher, Muscicapidae, 1, yes, no_fam, 4, [9]
Erithacus_rubecula, European Robin, Muscicapidae, 2, yes, no_fam, 10, [4]
Muscicapa_striata, Spotted Flycatcher, Muscicapidae, 1, no, no_fam, 12, [4]
Arachnothera_longirostra, Little Spiderhunter, Nectariniidae, 1, no, unknown, unknown, [10]
Parus_minor, Japanese Great Tit, Paridae, 1, no, no_fam, unknown, this study
Parus_caeruleus, Blue Tit, Paridae, 2, yes, family, unknown, [4]
Parus_gambeli, Mountain Chickadee, Paridae, 1, no, no_fam, 3, [4]
Helmitheros_vermivorum, Worm-eating Warbler, Parulidae, 2, no, no_fam, unknown, [4]
Mniotilta_varia, Black-and-white Warbler, Parulidae, 1, no, no_fam, unknown, [4]
Passer_domesticus, House Sparrow, Passeridae, 3, no, no_fam, 7, [4]
Petroica_australis, New Zealand Robin, Petroicidae, 1, no, no_fam, 21, [11]
Picoides_villosus, Hairy Woodpecker, Picidae, 2, no no_fam, 2, [12]
Melanerpes_carolinus, Red-bellied Woodpecker, Picidae, 1, no, no_fam, 0, [4]
Picoides_dorsalis, American Three-toed Woodpecker, Picidae, 1, no, no_fam, 40, [4]
Polioptila_plumbea, Tropical Gnatcatcher, Polioptilidae, 1, no, unknown, unknown, [4]
Sitta_europaea, Wood Nuthatch, Sittidae, 2, no, no_fam, 4, [4]
Sitta_pygmaea, Pygmy Nuthatch, Sittidae, 1, no, coop_families, 366, [4]
Aptenodytes_patagonicus, King Penguin, Spheniscidae, 1, no, no_fam, 0, [13]
Sturnus_vulgaris, Common Starling, Sturnidae, 4, yes, no_fam, 10, [4]
Thryothorus_ludovicianus, Carolina Wren, Troglodytidae, 2, no, no_fam, 4, [4]
Troglodytes_aedon, House Wren, Troglodytidae, 2, yes, family, 158.5, [4]
Troglodytes_troglodytes, Winter Wren, Troglodytidae, 3, no, no_fam, 3, [4]
Hylocichla_mustelina, Wood Thrush, Turdidae, 1, no, no_fam, 7.3, [14]
Turdus_migratorius, American Robin, Turdidae, 3, no, no_fam, 16, [15 4]
Catharus_ustulatus, Swainson's Thrush, Turdidae, 1, no, no_fam, unknown, [4]
Sialia_sialis, Eastern Bluebird, Turdidae, 3, yes, family, 275.5, [4]
Turdus_merula, Eurasian Blackbird, Turdidae, 2, no, no_fam, 0, [4]
Contopus_virens, Eastern Wood-pewee, Tyrannidae, 1, no, no_fam, unknown, [4]
Empidonax_minimus, Least Flycatcher, Tyrannidae, 1, no, no_fam, 12, [4]
Tyrannus_forficatus, Scissor-tailed Flycatcher, Tyrannidae, 1, no, no_fam, unknown