,BirdtreeSpecies,Species,OR,Family,Common.name,BS,EPP1,nEPP1,EPB1,nEPB1,EPP2,nEPP2,EPB2,nEPB2,Ref.
2,Accipiter_cooperii,Accipiter_cooperii,1,Accipitridae,cooper's hawk,SM,19.29,140,34.09,44,NA,NA,NA,NA,[2]
194,Acrocephalus_arundinaceus,Acrocephalus_arundinaceus,14,Sylviidae,great reed-warbler,"SM, PG",4.99,841,7.19,320,NA,NA,NA,NA,[371-377]
195,Acrocephalus_bistrigiceps,Acrocephalus_bistrigiceps,14,Sylviidae,black-browed reed warblers,"SM, PG",6.43,140,13.51,37,NA,NA,NA,NA,[378]
196,Acrocephalus_melanopogon,Acrocephalus_melanopogon,14,Sylviidae,moustached warbler,SM,27.27,44,38.89,18,NA,NA,NA,NA,[379]
197,Acrocephalus_paludicola,Acrocephalus_paludicola,14,Sylviidae,aquatic warbler,NS,38.54,410,70.97,93,NA,NA,NA,NA,[374; 380]
198,Acrocephalus_palustris,Acrocephalus_palustris,14,Sylviidae,marsh warbler,"SM, PG",3.05,131,9.09,33,NA,NA,NA,NA,[374]
199,Acrocephalus_schoenobaenus,Acrocephalus_schoenobaenus,14,Sylviidae,sedge warbler,"SM, PG",8.11,604,20.51,156,NA,NA,NA,NA,[381-383]
200,Acrocephalus_scirpaceus,Acrocephalus_scirpaceus,14,Sylviidae,reed-warbler ,"SM, PG",5.26,57,18.75,16,NA,NA,NA,NA,[384]
201,Acrocephalus_sechellensis,Acrocephalus_sechellensis,14,Sylviidae,seychelles brush-warbler,"SM,CB",29.51,122,35.37,82,NA,NA,NA,NA,[385-387]
202,Acrocephalus_vaughani,Acrocephalus_vaughani,14,Sylviidae,henderson reed warbler,PO,0,23,NA,NA,NA,NA,NA,NA,[388]
38,Actitis_hypoleucos,Actitis_hypoleucos,6,Scolopacidae,common sandpiper,SM,7.55,53,20,15,NA,NA,NA,NA,[27]
39,Actitis_macularius,Actitis_macularius,6,Scolopacidae,spotted sandpiper,PA,2.94,34,11.11,9,NA,NA,NA,NA,[43]
74,Aegithalos_caudatus,Aegithalos_caudatus,14,Aegithalidae,long-tailed tits,"SM, CB",2.43,288,15.79,38,8.33,288,NA,NA,[80]
75,Aegithalos_concinnus,Aegithalos_concinnus,14,Aegithalidae,black-throated tits,CB,5.74,383,17.19,64,NA,NA,NA,NA,[81]
269,Aegolius_funereus,Aegolius_funereus,19,Strigidae,boreal owl,SM,0,109,0,32,NA,NA,NA,NA,[494]
132,Agelaius_phoeniceus,Agelaius_phoeniceus,14,Icteridae,red-winged blackbird,PG,33.62,2668,48.66,187,NA,NA,NA,NA,[203-208]
133,Agelaius_xanthomus,Agelaius_xanthomus,14,Icteridae,yellow-shouldered blackbird,SM,22.99,87,36.67,30,NA,NA,NA,NA,[209]
78,Alauda_arvensis,Alauda_arvensis,14,Alaudidae,skylark,SM,20.47,171,26.92,52,NA,NA,NA,NA,[83]
59,Alectura_lathami,Alectura_lathami,10,Megapodiidae,australian brush turkey,PA,27.69,65,NA,NA,NA,NA,NA,NA,[64]
18,Alle_alle,Alle_alle,6,Alcidae,little auk,SM,2.27,88,2.27,88,NA,NA,NA,NA,[20; 21]
94,Ammodramus_maritimus,Ammodramus_maritimus,14,Emberizidae,seaside sparrow,SM,10.64,47,16.67,18,NA,NA,NA,NA,[109]
6,Anas_platyrhynchos,Anas_platyrhynchos,2,Anatidae,mallard,SM,9.31,204,48,25,NA,NA,NA,NA,[6]
151,Anthus_spinoletta,Anthus_spinoletta,14,Motacillidae,water pipi,"SM,PG,PA",5.23,1052,12.4,258,NA,NA,NA,NA,[236]
85,Aphelocoma_coerulescens,Aphelocoma_coerulescens,14,Corvidae,florida scrub-jay,"SM, CB",0.22,910,1.21,165,NA,NA,NA,NA,[90; 91]
86,Aphelocoma_ultramarina,Aphelocoma_ultramarina,14,Corvidae,mexican jay,"SM,CB",1.41,142,3.85,52,39.57,139,62.75,51,[92; 93]
16,Apus_apus,Apus_apus,4,Apodidae,common swift,SM,4.55,88,9.52,4,NA,NA,NA,NA,[18]
270,Athene_cunicularia,Athene_cunicularia,19,Strigidae,burrowing owl,SM,3.45,116,NA,NA,NA,NA,NA,NA,[495]
271,Athene_noctua,Athene_noctua,19,Strigidae,little owl,SM,0,53,0,16,NA,NA,NA,NA,[496]
40,Bartramia_longicauda,Bartramia_longicauda,6,Scolopacidae,upland sandpiper,SM,15.25,177,30.36,56,NA,NA,NA,NA,[44]
9,Branta_bernicla,Branta_bernicla,2,Anatidae,black brant,SM,5.61,374,NA,NA,NA,NA,NA,NA,[8]
10,Branta_canadensis,Branta_canadensis,2,Anatidae,canada goose,SM,NA,NA,14.29,42,NA,NA,NA,NA,[9]
11,Branta_leucopsis,Branta_leucopsis,2,Anatidae,barnacle goose,SM,15.03,153,23.61,72,NA,NA,NA,NA,[10; 11]; 
3,Buteo_galapagoensis,Buteo_galapagoensis,1,Accipitridae,galapagos hawk,"PA,CB",0,22,0,10,NA,NA,NA,NA,[3]
4,Buteo_ridgwayi,Buteo_ridgwayi,1,Accipitridae,ridgway's hawk,SM,0,30,0,19,NA,NA,NA,NA,[4]
95,Calcarius_pictus,Calcarius_pictus,14,Emberizidae,smith's longspur,PA,0.88,114,3.23,31,NA,NA,NA,NA,[110]
41,Calidris_maritima,Calidris_maritima,6,Scolopacidae,purple sandpiper,SM,1.22,82,3.7,27,NA,NA,NA,NA,[45]
42,Calidris_mauri,Calidris_mauri,6,Scolopacidae,western sandpiper,SM,5.1,98,7.5,40,NA,NA,NA,NA,[27; 46]
260,Calonectris_diomedea,Calonectris_diomedea,16,Procellariidae,cory's shearwater,SM,6.96,115,8.16,98,NA,NA,NA,NA,[484; 485]
214,Campylorhynchus_griseus,Campylorhynchus_griseus,14,Troglodytidae,bicolored wren,CB,2.25,222,NA,NA,NA,NA,NA,NA,[405]
215,Campylorhynchus_nuchalis,Campylorhynchus_nuchalis,14,Troglodytidae,stripe-backed wren,CB,1.45,69,4.55,22,NA,NA,NA,NA,[406]
80,Cardinalis_cardinalis,Cardinalis_cardinalis,14,Cardinalidae,northern cardinal,SM,13.51,37,15.79,19,NA,NA,NA,NA,[85]
113,Carduelis_cannabina,Carduelis_cannabina,14,Fringillidae,linnet,SM,3.77,106,7.69,26,NA,NA,NA,NA,[153]
114,Carduelis_tristis,Carduelis_tristis,14,Fringillidae,american goldfinch,SM,14.29,70,26.67,15,NA,NA,NA,NA,[154]
115,Carpodacus_erythrinus,Carpodacus_erythrinus,14,Fringillidae,scarlet rosefinch,"SM, PG",15.93,496,26.72,116,NA,NA,NA,NA,[155-159]
116,Carpodacus_mexicanus,Carpodacus_mexicanus,14,Fringillidae,house finch,SM,8.4,119,14.29,35,NA,NA,NA,NA,[160]
47,Catharacta_antarctica,Catharacta_antarctica,6,Stercorariidae,brown skua,SM,0,45,0,16,NA,NA,NA,NA,[51]
48,Catharacta_maccormicki,Catharacta_maccormicki,6,Stercorariidae,south polar skua,SM,7.14,14,7.69,13,NA,NA,NA,NA,[52]
60,Centrocercus_urophasianus,Centrocercus_urophasianus,10,Phasianidae,sage grouse,PA,NA,NA,10,10,NA,NA,NA,NA,[65]
51,Centropus_grillii,Centropus_grillii,8,Cuculidae,black coucal,PA,3.94,127,8.57,35,14.17,127,37.14,35,[55]
52,Centropus_phasianinus,Centropus_phasianinus,8,Cuculidae,pheasant coucal,SM,18.64,59,47.62,21,NA,NA,NA,NA,[56]
19,Cepphus_grylle,Cepphus_grylle,6,Alcidae,black guillemot,SM,0,46,0,32,NA,NA,NA,NA,[22]
207,Cercomacra_tyrannina,Cercomacra_tyrannina,14,Thamnophilidae,dusky antbird,SM,0,15,0,9,NA,NA,NA,NA,[398]
23,Charadrius_alexandrinus,Charadrius_alexandrinus,6,Charadriidae,kentish plover,"SM, PG, PA",3.51,399,6.49,154,2.94,170,4.62,65,[26; 27]
24,Charadrius_semipalmatus,Charadrius_semipalmatus,6,Charadriidae,semipalmated plover,SM,4.71,85,4.17,24,NA,NA,NA,NA,[28]
7,Chen_caerulescens,Anser_caerulescens,2,Anatidae,lesser snow goose,SM,5,80,13.04,23,NA,NA,NA,NA,[7]
8,Chen_rossii,Anser_rossii,2,Anatidae,ross's goose,SM,2.41,83,8.33,24,NA,NA,NA,NA,[7]
180,Chiroxiphia_lanceolata,Chiroxiphia_lanceolata,14,Pipridae,lance-tailed manakin,NS,0,447,0,253,NA,NA,NA,NA,[350]
30,Chlidonias_hybrida,Chlidonias_hybrida,6,Laridae,whiskered tern,SM,6.25,64,10,30,NA,NA,NA,NA,[34]
31,Chlidonias_niger,Chlidonias_niger,6,Laridae,black terns,SM,0,28,0,11,NA,NA,NA,NA,[35]
73,Chthonicola_sagittatus,Chthonicola_sagittatus,14,Acanthizidae,speckled warbler,"SM, PA",8.74,103,10.42,48,10.68,103,12.5,48,[79]
84,Cinclus_cinclus,Cinclus_cinclus,14,Cinclidae,white-throated dipper,SM,1.62,185,5,40,NA,NA,NA,NA,[89]
246,Colaptes_auratus,Colaptes_auratus,15,Picidae,northern flickers,"SM, PA",0,367,0,53,NA,NA,NA,NA,[466]
247,Colaptes_campestris,Colaptes_campestris,15,Picidae,campo flicker ,"SM, CO",6.59,91,6.06,33,14.29,91,21.21,33,[467]
50,Coracias_garrulus,Coracias_garrulus,7,Coraciidae,european rollers,SM,5.11,176,12.24,49,NA,NA,NA,NA,[54]
17,Coragyps_atratus,Coragyps_atratus,5,Cathartidae,black vulture,SM,0,36,0,16,NA,NA,NA,NA,[19]
87,Corvus_brachyrhynchos,Corvus_brachyrhynchos,14,Corvidae,american crow,"SM, CB",9.19,283,21.67,60,17.31,283,32.39,71,[94-97]
88,Corvus_monedula,Corvus_monedula,14,Corvidae,jackdaw,SM,0.88,113,2.86,35,NA,NA,NA,NA,[98; 99]
89,Cyanocitta_stelleri,Cyanocitta_stelleri,14,Corvidae,steller's jay,SM,15.19,79,NA,NA,NA,NA,NA,NA,[100]
91,Cyanocorax_morio,Psilorhinus_morio,14,Corvidae,brown jay,CB,24,50,16.67,18,NA,NA,NA,NA,[102; 103]
264,Cyanoliseus_patagonus,Cyanoliseus_patagonus,17,Psittacidae,burrowing parrot,SM,0,166,0,49,NA,NA,NA,NA,[489]
12,Cygnus_atratus,Cygnus_atratus,2,Anatidae,black swan,SM,15.53,322,37.65,85,NA,NA,NA,NA,[12; 13]
49,Dacelo_novaeguineae,Dacelo_novaeguineae,7,Alcedinidae,laughing kookaburra,"SM, CB",0,140,0,62,NA,NA,NA,NA,[53]
123,Delichon_urbicum,Delichon_urbicum,14,Hirundinidae,house martin,SM,21.92,73,35,20,NA,NA,NA,NA,[168]
169,Dendroica_caerulescens,Dendroica_caerulescens,14,Parulidae,black-throated blue warbler,"SM, PG",39.71,1234,49.48,388,NA,NA,NA,NA,[317-320]
170,Dendroica_pensylvanica,Dendroica_pensylvanica,14,Parulidae,chestnut-sided warblers,SM,47.37,95,60.61,33,NA,NA,NA,NA,[321; 322]
171,Dendroica_petechia,Dendroica_petechia,14,Parulidae,yellow warbler,SM,31,687,50.75,199,NA,NA,NA,NA,[323-325]
252,Diomedea_exulans,Diomedea_exulans,16,Diomedeidae,wandering albatross,SM,15,460,15.48,407,NA,NA,NA,NA,[474-476]
150,Dumetella_carolinensis,Dumetella_carolinensis,14,Mimidae,gray catbird,SM,12.97,455,24.85,165,NA,NA,NA,NA,[235]
233,Elaenia_chiriquensis,Elaenia_chiriquensis,14,Tyrannidae,lesser elaenia,SM,36.84,38,66.67,15,NA,NA,NA,NA,[451]
234,Elaenia_flavogaster,Elaenia_flavogaster,14,Tyrannidae,yellow-bellied elaenia,SM,4.17,24,7.69,13,NA,NA,NA,NA,[451]
97,Emberiza_citrinella,Emberiza_citrinella,14,Emberizidae,yellowhammer,SM,37.4,123,68.75,32,NA,NA,NA,NA,[112]
98,Emberiza_schoeniclus,Emberiza_schoeniclus,14,Emberizidae,reed bunting,SM,40.48,2238,64.51,572,NA,NA,NA,NA,[113-123]
235,Empidonax_minimus,Empidonax_minimus,14,Tyrannidae,least flycatcher,SM,38.46,78,48.72,39,NA,NA,NA,NA,[452; 453]
236,Empidonax_traillii,Empidonax_traillii,14,Tyrannidae,willow flycatcher,"SM, PG",14.29,140,21.43,56,NA,NA,NA,NA,[454]
237,Empidonax_virescens,Empidonax_virescens,14,Tyrannidae,acadian flycatcher,SM,43.48,161,59.7,67,NA,NA,NA,NA,[423; 455; 456]
221,Erythropygia_coryphaeus,Erythropygia_coryphaeus,14,Turdidae,karoo scrub-robin ,CB,0,33,0,12,18.18,33,33.33,12,[421]
25,Eudromias_morinellus,Eudromias_morinellus,6,Charadriidae,eurasian dotterel,PG,4.55,44,9.09,22,NA,NA,NA,NA,[29]
265,Eudyptes_schlegeli,Eudyptes_schlegeli,18,Spheniscidae,royal penguin,SM,3.85,26,7.69,13,NA,NA,NA,NA,[490]
181,Euplectes_orix,Euplectes_orix,14,Ploceidae,red bishops,PG,22.12,547,37.18,234,NA,NA,NA,NA,[351-353]
53,Falco_columbarius,Falco_columbarius,9,Falconidae,merlin,SM,0,47,0,18,NA,NA,NA,NA,[57]
54,Falco_eleonorae,Falco_eleonorae,9,Falconidae,eleonoras falcon,SM,0,60,0,17,NA,NA,NA,NA,[58]
55,Falco_naumanni,Falco_naumanni,9,Falconidae,lesser kestrel,SM,7.29,96,9.68,31,NA,NA,NA,NA,[59; 60]
56,Falco_peregrinus,Falco_peregrinus,9,Falconidae,peregrine falcons,SM,1.59,126,2.86,35,NA,NA,NA,NA,[61]
57,Falco_sparverius,Falco_sparverius,9,Falconidae,american kestrel,SM,11.24,89,9.52,21,NA,NA,NA,NA,[62]
58,Falco_tinnunculus,Falco_tinnunculus,9,Falconidae,european kestrel,"SM, PG, PA",1.88,319,2.67,75,NA,NA,NA,NA,[63]
152,Ficedula_albicollis,Ficedula_albicollis,14,Muscicapidae,collared flycatcher,"SM, PG",20.99,1906,46.96,345,NA,NA,NA,NA,[237-242]
153,Ficedula_hypoleuca,Ficedula_hypoleuca,14,Muscicapidae,pied flycatcher,"SM, PG",11.6,2387,25.8,500,NA,NA,NA,NA,[243-248]
154,Ficedula_parva,Ficedula_parva,14,Muscicapidae,red-breasted flycatcher,SM,12.58,159,24.24,33,NA,NA,NA,NA,[249]
20,Fratercula_arctica,Fratercula_arctica,6,Alcidae,atlantic puffin,SM,0,38,0,38,NA,NA,NA,NA,[23]
278,Fregata_minor,Fregata_minor,21,Fregatidae,great frigatebird,SM,1.09,92,1.09,92,NA,NA,NA,NA,[504]
117,Fringilla_coelebs,Fringilla_coelebs,14,Fringillidae,chaffinch,SM,17.02,47,23.08,13,NA,NA,NA,NA,[161]
261,Fulmarus_glacialis,Fulmarus_glacialis,16,Procellariidae,northern fulmar,SM,0,28,0,28,NA,NA,NA,NA,[486]
68,Gallinula_chloropus,Gallinula_chloropus,12,Rallidae,moorhen,SM,0,68,0,13,NA,NA,NA,NA,[74]
71,Gallinula_mortierii,Tribonyx_mortierii,12,Rallidae,tasmanian native hen,"PA, PO",0,28,0,6,NA,NA,NA,NA,[77]
66,Gavia_immer,Gavia_immer,11,Gaviidae,common loon,SM,0,58,0,47,NA,NA,NA,NA,[72]
99,Geospiza_fortis,Geospiza_fortis,14,Emberizidae,medium ground finch,SM,17.07,1248,38.1,84,NA,NA,NA,NA,[124; 125]
100,Geospiza_scandens,Geospiza_scandens,14,Emberizidae,cactus finch,SM,10.33,368,26.47,34,NA,NA,NA,NA,[124-126]
172,Geothlypis_trichas,Geothlypis_trichas,14,Parulidae,yellowthroat,SM,19.57,690,45.83,120,NA,NA,NA,NA,[326-330]
121,Grallina_cyanoleuca,Grallina_cyanoleuca,14,Grallinidae,australian magpie lark,SM,2.91,103,6.38,47,NA,NA,NA,NA,[166]
67,Grus_canadensis,Antigone_canadensis,12,Gruidae,sandhill crane,SM,11.11,45,22.22,18,NA,NA,NA,NA,[73]
92,Gymnorhina_tibicen,Cracticus_tibicen,14,Cracticidae,australian magpie,"CB, PO",42.51,327,60.98,41,42.44,205,NA,NA,[104-107]
5,Gyps_fulvus,Gyps_fulvus,1,Accipitridae,griffon vulture,SM,20,40,20,40,NA,NA,NA,NA,[5]
209,Habia_fuscicauda,Habia_fuscicauda,14,Thraupidae,redthroated ant-tanagers,SM,41.46,41,52.63,19,NA,NA,NA,NA,[400]
27,Haematopus_ostralegus,Haematopus_ostralegus,6,Haematopodidae,oystercatcher,SM,1.54,65,3.85,26,NA,NA,NA,NA,[31]
125,Hirundo_ariel,Petrochelidon_ariel,14,Hirundinidae,fairy martin,SM,13.79,203,20,70,NA,NA,NA,NA,[178]
124,Hirundo_rustica,Hirundo_rustica,14,Hirundinidae,barn swallow,SM,20.95,3556,41.67,660,NA,NA,NA,NA,[169-177]
222,Hylocichla_mustelina,Hylocichla_mustelina,14,Turdidae,wood thrush,SM,5.96,151,13.73,51,NA,NA,NA,NA,[422; 423]
13,Hymenolaimus_malacorhynchos,Hymenolaimus_malacorhynchos,2,Anatidae,blue duck,SM,0,14,0,4,NA,NA,NA,NA,[14]
134,Icterus_galbula,Icterus_galbula,14,Icteridae,bullock's oriole,SM,32.18,202,45.83,48,NA,NA,NA,NA,[210]
28,Irediparra_gallinacea,Irediparra_gallinacea,6,Jacanidae,comb-crested jacana,PA,0,36,0,10,2.78,36,10,10,[32]
29,Jacana_jacana,Jacana_jacana,6,Jacanidae,wattled jacana,PA,1.28,235,2.7,74,10.21,235,24.32,74,[33]
101,Junco_hyemalis,Junco_hyemalis,14,Emberizidae,dark-eyed junco,SM,27.24,771,NA,NA,NA,NA,NA,NA,[127-129]
248,Jynx_torquilla,Jynx_torquilla,15,Picidae,eurasian wryneck,SM,0.68,292,2,50,NA,NA,NA,NA,[468]
61,Lagopus_lagopus,Lagopus_lagopus,10,Phasianidae,willow ptarmigan,"SM, PG",9.38,256,13.16,38,NA,NA,NA,NA,[66]
62,Lagopus_leucura,Lagopus_leucura,10,Phasianidae,white-tailed ptarmigan,SM,5.17,58,16.67,18,NA,NA,NA,NA,[67]
191,Lamprotornis_superbus,Lamprotornis_superbus,14,Sturnidae,superb starling,"SM, CB",6.48,247,9,100,13.77,247,25,100,[366]
139,Laniarius_atrococcineus,Laniarius_atrococcineus,14,Malaconotidae,crimson-breasted shrike,SM,18.92,74,27.27,44,NA,NA,NA,NA,[216]
135,Lanius_bucephalus,Lanius_bucephalus,14,Laniidae,bull-headed shrike,SM,10.1,99,16.67,24,NA,NA,NA,NA,[211]
136,Lanius_collurio,Lanius_collurio,14,Laniidae,red-backed shrike,"SM, CB",13.1,84,33.33,21,NA,NA,NA,NA,[212; 213]
137,Lanius_ludovicianus,Lanius_ludovicianus,14,Laniidae,loggerhead shrikes,SM,4.47,179,13.89,36,NA,NA,NA,NA,[214]
138,Lanius_minor,Lanius_minor,14,Laniidae,lesser grey shrike,SM,0,136,0,31,NA,NA,NA,NA,[215]
32,Larus_canus,Larus_canus,6,Laridae,common gull,SM,3.64,55,8.33,24,NA,NA,NA,NA,[36]
33,Larus_occidentalis,Larus_occidentalis,6,Laridae,western gull,SM,0,33,0,22,NA,NA,NA,NA,[37]
34,Larus_ridibundus,Larus_ridibundus,6,Laridae,black-headed gull,SM,20.25,79,33.33,30,NA,NA,NA,NA,[38]
145,Lichenostomus_chrysops,Lichenostomus_chrysops,14,Meliphagidae,yellow-faced honeyeater,SM,44.44,18,NA,NA,NA,NA,NA,NA,[231]
203,Locustella_luscinioides,Locustella_luscinioides,14,Sylviidae,savi’s warbler,SM,3.83,392,5.88,102,NA,NA,NA,NA,[389; 390]
63,Lophura_leucomelanos,Lophura_leucomelanos,10,Phasianidae,kalij pheasant,"SM, CB",14.1,78,46.15,13,30.77,78,53.85,13,[68]
118,Loxia_curvirostra,Loxia_curvirostra,14,Fringillidae,common crossbill,SM,0,96,0,34,NA,NA,NA,NA,[162]
93,Loxioides_bailleui,Loxioides_bailleui,14,Drepanididae,palila,SM,0,20,0,12,NA,NA,NA,NA,[108]
223,Luscinia_svecica,Luscinia_svecica,14,Turdidae,bluethroat,SM,26.46,2392,50.21,472,NA,NA,NA,NA,NA
140,Malurus_coronatus,Malurus_coronatus,14,Maluridae,purple-crowned fairy-wrens,"SM, CB",4.91,509,5.99,217,NA,NA,NA,NA,[217-219]
141,Malurus_cyaneus,Malurus_cyaneus,14,Maluridae,superb fairy wren,"SM, CB",70.03,1448,78,100,66.67,27,83.33,12,[220-224]
142,Malurus_elegans,Malurus_elegans,14,Maluridae,red-winged fairy-wren,CB,55.94,261,NA,NA,57.09,261,70.34,118,[225]
143,Malurus_melanocephalus,Malurus_melanocephalus,14,Maluridae,red-backed fairywren,"SM, CB",NA,NA,NA,NA,53.79,673,68.4,231,[226-229]
37,Malurus_splendens,Malurus_splendens,6,Maluridae,splendid fairy-wren,CB,NA,NA,NA,NA,42.23,386,55.35,159,[41; 42]
146,Manorina_melanocephala,Manorina_melanocephala,14,Meliphagidae,noisy miner,CB,5.88,85,5.71,35,NA,NA,NA,NA,[232]
147,Manorina_melanophrys,Manorina_melanophrys,14,Meliphagidae,bell miner,CB,4.17,24,7.69,13,NA,NA,NA,NA,[233]
272,Megascops_asio,Megascops_asio,19,Strigidae,eastern screech-owl,SM,0,80,0,23,NA,NA,NA,NA,[497]
250,Melanerpes_formicivorus,Melanerpes_formicivorus,15,Picidae,acorn woodpecker,CB,0,400,0,131,NA,NA,NA,NA,[470; 471]
65,Meleagris_gallopavo,Meleagris_gallopavo,10,Phasianidae,wild turkey,NS,10.8,250,51.61,31,NA,NA,NA,NA,[71]
102,Melospiza_georgiana,Melospiza_georgiana,14,Emberizidae,swamp sparrow,SM,20.86,350,41.59,113,NA,NA,NA,NA,[130; 131]
103,Melospiza_melodia,Melospiza_melodia,14,Emberizidae,song sparrow,SM,28.86,2387,43.69,879,NA,NA,NA,NA,[132-136]
96,Miliaria_calandra,Emberiza_calandra,14,Emberizidae,corn bunting,"SM, PG",4.55,44,6.67,15,NA,NA,NA,NA,[111]
72,Monias_benschi,Monias_benschi,13,Mesitornithidae,subdesertmesite,"CB, PO",15,20,NA,NA,NA,NA,NA,NA,[78]
155,Nectarinia_osea,Cinnyris_osea,14,Nectariniidae,orange-tufted sunbird,SM,22.73,88,36,25,NA,NA,NA,NA,[250]
156,Notiomystis_cincta,Notiomystis_cincta,14,Notiomystidae,stitchbird,"SM, PG, PA, PO",58.84,707,88.02,551,NA,NA,NA,NA,[251-254]
258,Oceanites_oceanicus,Oceanites_oceanicus,16,Oceanitidae,wilson's storm petrel,SM,0,63,0,63,NA,NA,NA,NA,[482]
257,Oceanodroma_leucorhoa,Hydrobates_leucorhous,16,Hydrobatidae,leach's storm petrel,SM,0,42,0,42,NA,NA,NA,NA,[481]
224,Oenanthe_oenanthe,Oenanthe_oenanthe,14,Turdidae,wheatear,SM,16.48,267,34.55,55,NA,NA,NA,NA,[431-433]
273,Otus_elegans,Otus_elegans,19,Strigidae,lanyuscops owl,SM,0.56,179,1.92,52,NA,NA,NA,NA,[498]
274,Otus_flammeolus,Psiloscops_flammeolus,19,Strigidae,flammulated owl,SM,0,37,0,17,NA,NA,NA,NA,[499]
157,Pachycephala_pectoralis,Pachycephala_pectoralis,14,Pachycephalidae,golden whistler,SM,19.23,130,23.08,65,NA,NA,NA,NA,[255]
262,Pachyptila_belcheri,Pachyptila_belcheri,16,Procellariidae,thin-billed prions,SM,20.59,34,20.59,34,NA,NA,NA,NA,[487]
158,Panurus_biarmicus,Panurus_biarmicus,14,Paradoxornithidae,bearded tit,SM,14.44,187,29.55,44,NA,NA,NA,NA,[256]
159,Paradoxornis_webbianus,Paradoxornis_webbianus,14,Paradoxornithidae,vinous-throated parrotbill,SM,7.72,246,26,50,NA,NA,NA,NA,[257-260]
164,Parus_ater,Periparus_ater,14,Paridae,coal tit,SM,31.14,3523,70.65,477,NA,NA,NA,NA,[293; 299-308]
165,Parus_atricapillus,Poecile_atricapillus,14,Paridae,black-capped chickadees,SM,11.83,710,31.3,115,NA,NA,NA,NA,[309; 310]
160,Parus_caeruleus,Cyanistes_caeruleus,14,Paridae,blue tits,"SM, PG",12.69,12087,44.21,1744,NA,NA,NA,NA,[261-287]
162,Parus_cristatus,Lophophanes_cristatus,14,Paridae,crested tit,SM,11.03,136,30,20,NA,NA,NA,NA,[289]
163,Parus_major,Parus_major,14,Paridae,great tit,SM,9.43,6267,34.61,861,NA,NA,NA,NA,[268; 270; 273; 290-298]
166,Parus_montanus,Poecile_montanus,14,Paridae,willow tit,SM,0.89,112,4.17,24,NA,NA,NA,NA,[311]
161,Parus_teneriffae,Cyanistes_teneriffae,14,Paridae,african blue tits,SM,15.33,137,38.71,31,NA,NA,NA,NA,[288]
167,Parus_varius,Poecile_varius,14,Paridae,varied tits,SM,14.74,251,40,40,NA,NA,NA,NA,[312]
175,Passer_domesticus,Passer_domesticus,14,Passeridae,house sparrow,SM,16.48,5079,19.57,511,NA,NA,NA,NA,[338-345]
176,Passer_montanus,Passer_montanus,14,Passeridae,tree sparrows,SM,9.06,265,24,75,NA,NA,NA,NA,[346]
104,Passerculus_sandwichensis,Passerculus_sandwichensis,14,Emberizidae,savannah sparrow,"SM, PG",41.72,719,61.75,217,NA,NA,NA,NA,[137-141]
81,Passerina_caerulea,Passerina_caerulea,14,Cardinalidae,blue grosbeaks,SM,52.73,55,70,20,NA,NA,NA,NA,[86]
82,Passerina_cyanea,Passerina_cyanea,14,Cardinalidae,indigo bunting,SM,34.92,63,48,25,NA,NA,NA,NA,[87]
90,Perisoreus_infaustus,Perisoreus_infaustus,14,Corvidae,siberian jays,SM,0,1029,NA,NA,NA,NA,NA,NA,[101]
178,Petroica_australis,Petroica_australis,14,Petroicidae,new zealand robin,SM,0.77,260,1.1,91,NA,NA,NA,NA,[84; 348]
179,Petroica_goodenovii,Petroica_goodenovii,14,Petroicidae,red-capped robin,SM,22.91,227,NA,NA,NA,NA,NA,NA,[349]
177,Petronia_petronia,Petronia_petronia,14,Passeridae,rock sparrow,"SM, PG",32.04,181,57.14,42,NA,NA,NA,NA,[347]
187,Phainopepla_nitens,Phainopepla_nitens,14,Ptilogonatidae,phainopepla,SM,0,48,0,25,NA,NA,NA,NA,[361]
279,Phalacrocorax_atriceps,Phalacrocorax_atriceps,21,Phalacrocoracidae,imperial shag,SM,5.54,271,8.87,124,NA,NA,NA,NA,[505; 506]
280,Phalacrocorax_carbo,Phalacrocorax_carbo,21,Phalacrocoracidae,great cormorant,SM,10.48,124,30,30,NA,NA,NA,NA,[507]
44,Phalaropus_fulicarius,Phalaropus_fulicarius,6,Scolopacidae,red phalarope,PA,8.57,70,33.33,18,NA,NA,NA,NA,[48]
45,Phalaropus_lobatus,Phalaropus_lobatus,6,Scolopacidae,red-necked phalaropes,PA,1.28,234,4.76,63,1.71,234,6.35,63,[49]
79,Philesturnus_carunculatus,Philesturnus_carunculatus,14,Callaeatidae,saddleback,SM,0,202,0,39,NA,NA,NA,NA,[84]
253,Phoebastria_irrorata,Phoebastria_irrorata,16,Diomedeidae,waved albatrosses,SM,17.65,170,17.65,170,NA,NA,NA,NA,[477-479]
225,Phoenicurus_ochruros,Phoenicurus_ochruros,14,Turdidae,black redstarts,SM,28.83,222,30.19,53,NA,NA,NA,NA,[434]
226,Phoenicurus_phoenicurus,Phoenicurus_phoenicurus,14,Turdidae,common redstart ,SM,1.98,253,10.53,38,NA,NA,NA,NA,[435]
148,Phylidonyris_pyrrhopterus,Phylidonyris_pyrrhopterus,14,Meliphagidae,crescent honeyeater,SM,57.89,19,NA,NA,NA,NA,NA,NA,[231]
204,Phylloscopus_fuscatus,Phylloscopus_fuscatus,14,Sylviidae,dusky warbler,"SM, PG",45.13,195,59.26,27,NA,NA,NA,NA,[391-393]
205,Phylloscopus_sibilatrix,Phylloscopus_sibilatrix,14,Sylviidae,wood warbler,"SM, PG",0,56,0,13,NA,NA,NA,NA,[394]
206,Phylloscopus_trochilus,Phylloscopus_trochilus,14,Sylviidae,willow warbler,"SM, PG",19.83,474,37.5,80,NA,NA,NA,NA,[394-397]
249,Picoides_borealis,Leuconotopicus_borealis,15,Picidae,red-cockaded woodpecker,CB,1.25,80,9.09,44,NA,NA,NA,NA,[469]
251,Picoides_tridactylus,Picoides_tridactylus,15,Picidae,three-toed woodpecker,"SM, PA",5.19,135,11.54,52,7.27,55,15.38,26,[472; 473]
107,Pipilo_crissalis,Pyrgisoma_crissale,14,Emberizidae,california towhee ,SM,25.93,81,41.94,31,NA,NA,NA,NA,[144]
105,Pipilo_maculatus,Pipilo_maculatus,14,Emberizidae,spotted towhee,SM,26.3,574,35.08,228,NA,NA,NA,NA,[142]
210,Piranga_olivacea,Piranga_olivacea,14,Thraupidae,scarlet tanager,SM,16.67,54,29.41,17,NA,NA,NA,NA,[401]
106,Plectrophenax_nivalis,Plectrophenax_nivalis,14,Emberizidae,snow bunting,SM,10.79,380,20.88,91,NA,NA,NA,NA,[143]
182,Plocepasser_mahali,Plocepasser_mahali,14,Ploceidae,white-browed sparrow-weaver,CB,12.67,292,13.89,180,NA,NA,NA,NA,[354]
26,Pluvialis_dominica,Pluvialis_dominica,6,Charadriidae,american golden-plovers,SM,5.8,69,15,20,NA,NA,NA,NA,[30]
111,Poephila_acuticauda,Poephila_acuticauda,14,Estrildidae,long-tailed finch,SM,12.79,391,25.74,101,NA,NA,NA,NA,[150]
184,Pomatostomus_temporalis,Pomatostomus_temporalis,14,Pomatostomidae,grey-crowned babbler,"SM, CB",13.68,117,18.33,60,23.93,117,NA,NA,[356]
70,Porphyrio_porphyrio,Porphyrio_porphyrio,12,Rallidae,pukeko,CB,0,73,0,12,NA,NA,NA,NA,[76]
126,Progne_subis,Progne_subis,14,Hirundinidae,purple martin,SM,21.71,1377,46.13,297,NA,NA,NA,NA,[179; 180]
149,Prosthemadera_novaeseelandiae,Prosthemadera_novaeseelandiae,14,Meliphagidae,new zealand tui,SM,55.21,163,71.93,57,NA,NA,NA,NA,[234]
185,Prunella_collaris,Prunella_collaris,14,Prunellidae,alpine accentor,PO,1.1,182,0,38,NA,NA,NA,NA,[357; 358]
186,Prunella_modularis,Prunella_modularis,14,Prunellidae,dunnock,"SM, PA, PO",19.71,421,18.88,143,33.33,288,48.98,98,[359; 360]
77,Psaltriparus_minimus,Psaltriparus_minimus,14,Aegithalidae,bushestit,CB,0,59,0,10,NA,NA,NA,NA,[82]
168,Pseudopodoces_humilis,Pseudopodoces_humilis,14,Paridae,ground-tit,"SM, CB",12.63,966,32,172,NA,NA,NA,NA,[313-316]
259,Puffinus_tenuirostris,Ardenna_tenuirostris,16,Procellariidae,short-tailed shearwater,SM,10.84,83,10.84,83,NA,NA,NA,NA,[483]
266,Pygoscelis_adeliae,Pygoscelis_adeliae,18,Spheniscidae,adelie penguin,SM,9.09,22,11.11,18,NA,NA,NA,NA,[491]
267,Pygoscelis_antarcticus,Pygoscelis_antarcticus,18,Spheniscidae,chinstrap penguin,SM,0,76,0,38,NA,NA,NA,NA,[492]
238,Pyrocephalus_rubinus,Pyrocephalus_rubinus,14,Tyrannidae,vermilion flycatcher,SM,51.35,37,62.5,16,NA,NA,NA,NA,[457]
183,Quelea_quelea,Quelea_quelea,14,Ploceidae,red-billed quelea,SM,25,56,NA,NA,NA,NA,NA,NA,[355]
211,Ramphocelus_costaricensis,Ramphocelus_costaricensis,14,Thraupidae,cherrie s tanager,SM,49.09,55,54.84,31,NA,NA,NA,NA,[402]
188,Remiz_pendulinus,Remiz_pendulinus,14,Remizidae,penduline tit,PO,17.44,367,34.12,85,NA,NA,NA,NA,[362; 363]
189,Rhipidura_fuliginosa,Rhipidura_albiscapa,14,Rhipiduridae,grey fantail,SM,55.1,49,64,25,NA,NA,NA,NA,[364]
127,Riparia_riparia,Riparia_riparia,14,Hirundinidae,sand martin,SM,16.81,357,36.96,92,NA,NA,NA,NA,[181; 182]
35,Rissa_tridactyla,Rissa_tridactyla,6,Laridae,black-legged kittiwake,SM,0,116,0,83,NA,NA,NA,NA,[39]
239,Sayornis_phoebe,Sayornis_phoebe,14,Tyrannidae,eastern phoebe,SM,11.84,76,20,20,NA,NA,NA,NA,[458]
1,Sericornis_frontalis,Sericornis_frontalis,1,Acanthizidae,white-browed scrubwren,CB,12.41,137,23.53,51,NA,NA,NA,NA,[1]
119,Serinus_canaria,Serinus_canaria,14,Fringillidae,island canaries,SM,0,45,0,15,NA,NA,NA,NA,[163]
120,Serinus_serinus,Serinus_serinus,14,Fringillidae,serin,SM,6.5,200,10.29,68,NA,NA,NA,NA,[164; 165]
173,Setophaga_ruticilla,Setophaga_ruticilla,14,Parulidae,american redstart,SM,27.55,421,44.7,132,NA,NA,NA,NA,[331-334]
227,Sialia_currucoides,Sialia_currucoides,14,Turdidae,mountain bluebird,SM,33.03,1635,65.05,329,NA,NA,NA,NA,[436-438]
228,Sialia_mexicana,Sialia_mexicana,14,Turdidae,western bluebird,"SM, CB",24.35,1577,49.35,383,NA,NA,NA,NA,[439-445]
229,Sialia_sialis,Sialia_sialis,14,Turdidae,eastern bluebird,SM,8.43,83,23.81,21,NA,NA,NA,NA,[446]
190,Sitta_pusilla,Sitta_pusilla,14,Sittidae,brown-headed nuthatch ,CB,NA,NA,37.29,59,NA,NA,40.68,59,[365]
268,Spheniscus_humboldti,Spheniscus_humboldti,18,Spheniscidae,humboldt penguin,SM,0,49,0,21,NA,NA,NA,NA,[493]
83,Spiza_americana,Spiza_americana,14,Cardinalidae,dickcissel,"SM, PG",38.53,218,52.17,92,NA,NA,NA,NA,[88]
46,Steganopus_tricolor,Steganopus_tricolor,6,Scolopacidae,wilson's phalarope,SM,0,43,0,15,NA,NA,NA,NA,[50]
36,Sterna_hirundo,Sterna_hirundo,6,Laridae,common tern ,SM,0,29,0,10,NA,NA,NA,NA,[40]
144,Stipiturus_malachurus,Stipiturus_malachurus,14,Maluridae,southern emu-wren,SM,12,50,14.81,27,NA,NA,NA,NA,[230]
275,Strix_aluco,Strix_aluco,19,Strigidae,tawny owl,SM,0.73,137,2.7,37,NA,NA,NA,NA,[500]
192,Sturnus_unicolor,Sturnus_unicolor,14,Sturnidae,spotless starling,SM,12.2,533,36.24,149,NA,NA,NA,NA,[367; 368]
193,Sturnus_vulgaris,Sturnus_vulgaris,14,Sturnidae,starling,"SM, PG",9.09,154,30.56,36,NA,NA,NA,NA,[369; 370]
281,Sula_granti,Sula_granti,21,Sulidae,nazca booby,SM,0,32,0,21,NA,NA,NA,NA,[508]
282,Sula_nebouxii,Sula_nebouxii,21,Sulidae,blue-footed booby,SM,7.15,727,10.3,398,NA,NA,NA,NA,[509-511]
283,Sula_sula,Sula_sula,21,Sulidae,red-footed booby,SM,0,14,0,14,NA,NA,NA,NA,[512]
128,Tachycineta_albilinea,Tachycineta_albilinea,14,Hirundinidae,mangrove swallow,SM,15.46,97,25.81,31,NA,NA,NA,NA,[183]
129,Tachycineta_bicolor,Tachycineta_bicolor,14,Hirundinidae,tree swallow,"SM, PG",49.08,4552,82.26,637,NA,NA,NA,NA,[184-200]
130,Tachycineta_leucorrhoa,Tachycineta_leucorrhoa,14,Hirundinidae,white-rumped swallows,SM,56.43,342,76.92,78,NA,NA,NA,NA,[201]
131,Tachycineta_meyeni,Tachycineta_meyeni,14,Hirundinidae,chilean swallows,SM,6.83,161,13.46,52,NA,NA,NA,NA,[202]
112,Taeniopygia_guttata,Taeniopygia_guttata,14,Estrildidae,zebra finch,SM,1.84,381,5.21,96,NA,NA,NA,NA,[151; 152]
64,Tetrao_tetrix,Lyrurus_tetrix,10,Phasianidae,black grouse,NS,0,1036,0,146,NA,NA,NA,NA,[69; 70]
254,Thalassarche_cauta,Thalassarche_cauta,16,Diomedeidae,shy albatrosses,SM,10.34,29,10.34,29,NA,NA,NA,NA,[480]
255,Thalassarche_chrysostoma,Thalassarche_chrysostoma,16,Diomedeidae,grey-headed albatross,SM,7.23,83,7.23,83,NA,NA,NA,NA,[474]
256,Thalassarche_melanophrys,Thalassarche_melanophris,16,Diomedeidae,black-browed albatross,SM,5.75,87,5.75,87,NA,NA,NA,NA,[474]
263,Thalassoica_antarctica,Thalassoica_antarctica,16,Procellariidae,antarctic petrel,SM,7.32,41,7.32,41,NA,NA,NA,NA,[488]
208,Thamnophilus_atrinucha,Thamnophilus_atrinucha,14,Thamnophilidae,black-crowned antshrike,SM,3.37,89,4,50,NA,NA,NA,NA,[399]
216,Thryothorus_leucotis,Thryothorus_leucotis,14,Troglodytidae,buff-breasted wrens,SM,3.77,53,3.23,31,NA,NA,NA,NA,[407]
217,Thryothorus_ludovicianus,Thryothorus_ludovicianus,14,Troglodytidae,carolina wren,SM,0,84,0,23,NA,NA,NA,NA,[408]
218,Thryothorus_pleurostictus,Thryothorus_pleurostictus,14,Troglodytidae,banded wren,SM,4.49,156,10,50,NA,NA,NA,NA,[409]
219,Thryothorus_rufalbus,Thryothorus_rufalbus,14,Troglodytidae,rufous-and-white wren,SM,1.9,158,5.88,51,NA,NA,NA,NA,[410]
277,Tinamus_major,Tinamus_major,20,Tinamidae,great tinamou,NS,NA,NA,NA,NA,22.11,95,60,20,[503]
14,Tockus_monteiri,Tockus_monteiri,3,Bucerotidae,monteiro's hornbill,SM,0,135,0,38,NA,NA,NA,NA,[15]
220,Troglodytes_aedon,Troglodytes_aedon,14,Troglodytidae,house wren,SM,15.05,4558,37.1,973,NA,NA,NA,NA,[330; 411-420]
43,Tryngites_subruficollis,Calidris_subruficollis,6,Scolopacidae,buff-breasted sandpiper,NS,NA,NA,40.43,47,NA,NA,NA,NA,[47]
212,Turdoides_bicolor,Turdoides_bicolor,14,Timaliidae,pied bablers,CB,0,145,NA,NA,4.83,145,NA,NA,[403]
213,Turdoides_squamiceps,Turdoides_squamiceps,14,Timaliidae,arabian babbler,CB,0,186,0,44,NA,NA,NA,NA,[404]
230,Turdus_albicollis,Turdus_albicollis,14,Turdidae,white-necked thrush,SM,NA,NA,36.36,11,NA,NA,NA,NA,[447]
231,Turdus_grayi,Turdus_grayi,14,Turdidae,clay-colored robin,SM,37.84,37,52.63,19,NA,NA,NA,NA,[448]
232,Turdus_migratorius,Turdus_migratorius,14,Turdidae,american robin,SM,48.13,187,62.16,74,NA,NA,NA,NA,[449; 450]
240,Tyrannus_forficatus,Tyrannus_forficatus,14,Tyrannidae,scissor-tailed flycatcher ,SM,48.81,168,66.67,42,NA,NA,NA,NA,[459]
241,Tyrannus_tyrannus,Tyrannus_tyrannus,14,Tyrannidae,eastern kingbird,SM,46.04,328,60.55,109,NA,NA,NA,NA,[460-462]
276,Tyto_alba,Tyto_alba,19,Tytonidae,barn owl,SM,1.32,455,2.11,95,NA,NA,NA,NA,[501; 502]
15,Upupa_epops,Upupa_epops,3,Upupidae,hoopoe,"SM, CB",7.48,254,NA,NA,7.14,126,13.89,36,[16; 17]
21,Uria_aalge,Uria_aalge,6,Alcidae,common murres,SM,7.79,77,7.79,77,NA,NA,NA,NA,[24]
22,Uria_lomvia,Uria_lomvia,6,Alcidae,thick-billed murres,SM,7.41,27,7.41,27,NA,NA,NA,NA,[25]
242,Vireo_griseus,Vireo_griseus,14,Vireonidae,white-eyed vireo,SM,1.96,102,NA,NA,NA,NA,NA,NA,[463]
243,Vireo_olivaceus,Vireo_olivaceus,14,Vireonidae,red-eyed vireo,SM,57.89,19,57.14,7,NA,NA,NA,NA,[464]
244,Vireo_solitarius,Vireo_solitarius,14,Vireonidae,blue-headed vireo,SM,2.7,37,6.25,16,NA,NA,NA,NA,[464]
108,Volatinia_jacarina,Volatinia_jacarina,14,Emberizidae,blue-black grassquit,SM,20.07,299,NA,NA,NA,NA,NA,NA,[145; 146]
174,Wilsonia_citrina,Wilsonia_citrina,14,Parulidae,hooded warbler,SM,29.35,460,37.5,160,NA,NA,NA,NA,[335-337]
109,Zonotrichia_capensis,Zonotrichia_capensis,14,Emberizidae,rufous-collared sparrow,SM,46.81,47,61.9,21,NA,NA,NA,NA,[147]
110,Zonotrichia_leucophrys,Zonotrichia_leucophrys,14,Emberizidae,white-crowned sparrows,SM,35.37,164,38.46,52,NA,NA,NA,NA,[148; 149]
245,Zosterops_lateralis,Zosterops_lateralis,14,Zosteropidae,capricorn silvereye,SM,0,122,0,53,NA,NA,NA,NA,[465]