"species","numSourcesNonCoop.x","numSourcesCoop.x","Order_AVONET.x","Family3_BirdtreeMatchSpecies2.x","FemaleSong_Agg01.x","numSourcesNonCoop.y","numSourcesCoop.y","Order_AVONET.y","Family3_BirdtreeMatchSpecies2.y","FemaleSong_Agg01.y","CommonName","Order","Family","CommonFamily","oscine","Cooperative.BOW","BOW.Quote","...14"
"Accipiter_cooperii",NA,NA,NA,NA,NA,"NA","NA","NA","NA","NA","Cooper's Hawk","Accipitriformes","Accipitridae","Hawks, Eagles, and Kites","Nonpasserine","NA","Not known to occur",NA
"Actitis_macularius",NA,NA,NA,NA,NA,"NA","NA","NA","NA","NA","Spotted Sandpiper","Charadriiformes","Scolopacidae","Sandpipers and Allies","Nonpasserine","NA","Does not occur. However, both breeding and nonbreeding neighbors may join in alarm and distraction in vicinity of newly hatched chicks.",NA
"Aegithalos_caudatus",NA,NA,NA,NA,NA,"NA","NA","NA","NA","NA","Long-tailed Tit","Passeriformes","Aegithalidae","Long-tailed Tits","Oscine","1","Co-operative breeding common; up to eight helpers recorded at single nest, these often adults from failed breeding attempts (male and female of failed pairs do not help at same nest, and, in cases where relationship established, helper is a sibling of male of breeding pair)",NA
"Aethia_pygmaea",NA,NA,NA,NA,NA,"NA","NA","NA","NA","NA","Whiskered Auklet","Charadriiformes","Alcidae","Auks, Murres, and Puffins","Nonpasserine","0","None",NA
"Agelaius_phoeniceus",NA,NA,NA,NA,NA,"NA","NA","NA","NA","NA","Red-winged Blackbird","Passeriformes","Icteridae","Troupials and Allies","Oscine","0","None",NA
"Alauda_arvensis",NA,NA,NA,NA,NA,"NA","NA","NA","NA","NA","Eurasian Skylark","Passeriformes","Alaudidae","Larks","Oscine","NA","Not known to occur",NA
"Ammodramus_maritimus",NA,NA,NA,NA,NA,"NA","NA","NA","NA","NA","Seaside Sparrow","Passeriformes","Passerellidae","New World Sparrows","Oscine","NA","Not known to occur",NA
"Ammomanes_grayi",NA,NA,NA,NA,NA,"1","2","Passeriformes","Alaudidae","0","NA","NA","NA","NA","NA","NA","Breeds mostly in pairs, sometimes co-operatively, e.g. 3 birds feeding a fledged chick; solitary, but several pairs may nest fairly close together. ",NA
"Amytornis_purnelli",NA,NA,NA,NA,NA,"1","2","Passeriformes","Maluridae","1","NA","NA","NA","NA","NA","NA","Not studied. ",NA
"Anas_platyrhynchos",NA,NA,NA,NA,NA,"NA","NA","NA","NA","NA","Mallard","Anseriformes","Anatidae","Ducks, Geese, and Waterfowl","Nonpasserine","0","Does not occur in this species.",NA
"Anthochaera_carunculata",NA,NA,NA,NA,NA,"2","1","Passeriformes","Meliphagidae","1","NA","NA","NA","NA","NA","NA","Solitary, but occasionally communal nester. Apparent co-operative breeding observed occasionally… chicksvideo brooded by both sexes, mostly by female, fed by both about equally, immatures (assumed from previous brood) occasionally make small contribution to feeding of young",NA
"Anthoscopus_minutus",NA,NA,NA,NA,NA,"NA","NA","NA","NA","NA","Southern Penduline-Tit*","Passeriformes","Remizidae","Penduline-Tits","Oscine","1","Monogamous; often co-operative breeder, with helpers from pair‚Äôs previous broods (in a study of several breeding units, eleven were pairs, two trios and one a group of four)",NA
"Anthus_pratensis",3,1,"Passeriformes","Motacillidae",NA,NA,NA,NA,NA,NA,NA,NA,NA,NA,NA,NA,NA,NA
"Athene_cunicularia",NA,NA,NA,NA,NA,"NA","NA","NA","NA","NA","Burrowing Owl","Strigiformes","Strigidae","Owls","Nonpasserine","NA","(never observed)",NA
"Athene_noctua",NA,NA,NA,NA,NA,"NA","NA","NA","NA","NA","Little Owl","Strigiformes","Strigidae","Owls","Nonpasserine","NA","(cared for and fed by both parents for 1 month after.)",NA
"Baeolophus_bicolor",NA,NA,NA,NA,NA,"2","4","Passeriformes","Paridae","1","Tufted Titmouse","Passeriformes","Paridae","Tits, Chickadees, and Titmice","Oscine","1","Helpers may aid the breeding pair in raising young (Brackbill 1970b, Tarbell 1983). At one nest, the helper was one of the previous year's offspring of the adult female and a different male (Brackbill 1970b). In another case, the helper was the offspring of the breeding pair from a previous season (Tarbell 1983). Such helping behavior is unusual for parids and has only been reported in two other species, Bridled Titmice (Baeolophus wollweberi; Nocedal and Ficken 1998a) and Black Tits (Parus niger; Brown 1987). There is no information on whether helping affects breeding success of the adult pair.",NA
"Bartramia_longicauda",NA,NA,NA,NA,NA,"NA","NA","NA","NA","NA","Upland Sandpiper","Charadriiformes","Scolopacidae","Sandpipers and Allies","Nonpasserine","NA","Not known",NA
"Batis_capensis",NA,NA,NA,NA,NA,"1","2","Passeriformes","Platysteiridae","1","NA","NA","NA","NA","NA","NA","Not certainly known, but a second female (perhaps immature) is sometimes present in a pair’s breeding territory, and it has been suggested that the species may be a facultative cooperative breeder… Post-fledging, the young stay within the adults’ territory for at least one year",NA
"Batis_molitor",NA,NA,NA,NA,NA,"1","2","Passeriformes","Platysteiridae","1","NA","NA","NA","NA","NA","NA","Possibly some co-operative breeding.",NA
"Batis_soror",NA,NA,NA,NA,NA,"1","2","Passeriformes","Platysteiridae","1","NA","NA","NA","NA","NA","NA","Occurs in pairs, but before breeding season gathers in single-sex groups; possibly a helper recorded near nest. ",NA
"Bias_musicus",NA,NA,NA,NA,NA,"1","2","Passeriformes","Platysteiridae","1","NA","NA","NA","NA","NA","NA","chicks remain in and near nest for 22–27 days; young stay with parents until following breeding season.No other information",NA
"Branta_canadensis",NA,NA,NA,NA,NA,"NA","NA","NA","NA","NA","Canada Goose","Anseriformes","Anatidae","Ducks, Geese, and Waterfowl","Nonpasserine","NA","Not known to occur, although in some subspecies, offspring from previous year attentive near nest during incubation.",NA
"Bubalornis_niger",NA,NA,NA,NA,NA,"1","4","Passeriformes","Ploceidae","0","NA","NA","NA","NA","NA","NA","Mating system polygyny, sometimes co-operative polygynandry whereby more than one male shares a group of females and may father young in same brood. Colonial; dominant male at each nest mass controls most of the chambers and defends site against other males; sometimes two males form a coalition, both individuals building and defending nest.",NA
"Bubulcus_ibis",NA,NA,NA,NA,NA,"NA","NA","NA","NA","NA","Cattle Egret","Pelecaniformes","Ardeidae","Herons, Egrets, and Bitterns","Nonpasserine","NA","Not known",NA
"Bucephala_islandica",NA,NA,NA,NA,NA,"NA","NA","NA","NA","NA","Barrow's Goldeneye","Anseriformes","Anatidae","Ducks, Geese, and Waterfowl","Nonpasserine","NA","""never observed""",NA
"Calcarius_lapponicus",NA,NA,NA,NA,NA,"NA","NA","NA","NA","NA","Lapland Longspur","Passeriformes","Calcariidae","Longspurs and Snow Buntings","Oscine","0","Does not occur",NA
"Calcarius_ornatus",NA,NA,NA,NA,NA,"NA","NA","NA","NA","NA","Chestnut-collared Longspur","Passeriformes","Calcariidae","Longspurs and Snow Buntings","Oscine","NA","Notknown",NA
"Calcarius_pictus",NA,NA,NA,NA,NA,"2","5","Passeriformes","Emberizidae","1","Smith's Longspur","Passeriformes","Calcariidae","Longspurs and Snow Buntings","Oscine","NA","Not observed",NA
"Calidris_maritima",NA,NA,NA,NA,NA,"NA","NA","NA","NA","NA","Purple Sandpiper","Charadriiformes","Scolopacidae","Sandpipers and Allies","Nonpasserine","NA","not known to occur",NA
"Calidris_mauri",NA,NA,NA,NA,NA,"NA","NA","NA","NA","NA","Western Sandpiper","Charadriiformes","Scolopacidae","Sandpipers and Allies","Nonpasserine","NA","never observed",NA
"Calocitta_formosa",NA,NA,NA,NA,NA,"NA","NA","NA","NA","NA","White-throated Magpie-Jay","Passeriformes","Corvidae","Crows, Jays, and Magpies","Oscine","1","White-throated magpie-jays are highly social and breed cooperatively.",NA
"Campylorhynchus_yucatanicus",NA,NA,NA,NA,NA,"1","2","Passeriformes","Troglodytidae","1","NA","NA","NA","NA","NA","NA","parental care by both parents, with occasional helpers",NA
"Cardellina_rubrifrons",NA,NA,NA,NA,NA,"NA","NA","NA","NA","NA","Red-faced Warbler","Passeriformes","Parulidae","New World Warblers","Oscine","NA","Rare, if ever. None observed directly. However, 2 females and 1 male were seen at a brood of begging nestlings (PMB).",NA
"Cardinalis_cardinalis",NA,NA,NA,NA,NA,"6","1","Passeriformes","Cardinalidae","1","Northern Cardinal","Passeriformes","Cardinalidae","Cardinals and Allies","Oscine","0","One report of a juvenile bringing food to nestlings and to adult female at same nest and carrying away ‚Äúwhat seemed to be a dropping‚Äù (161: 50). Rare reports of 2 adult females incubating at same nest, sometimes simultaneously while facing in opposite directions (158: 206, 162, 148, 163). In 2 such cases, eggs were known to hatch; at 1 nest, both females and male fed nestlings (163). In another case, in which no eggs hatched, the females had different mates, and second female added her eggs and joined first female on nest 7 d after first had begun incubation (162). Hawksley, O., and A. P. McCormack (1951). Doubly-occupied nests of the Eastern Cardinal, Richmondena cardinalis. Auk 68:515-516. Rice, O. O. (1969). Record of female Cardinals sharing nest. Wilson Bulletin 81:216.",NA
"Carduelis_flammea",NA,NA,NA,NA,NA,"3","1","Passeriformes","Fringillidae","0","Common Redpoll","Passeriformes","Fringillidae","Finches, Euphonias, and Allies","Oscine","NA","In Siberia, extra male helpers at each of 2 nests, though not through entire nesting period Danilov, N. N., V. N. Ryzhanovski, and V. K. Ryabitsev (1984). Ptitsy Yamala (in Russian). Nauka, Moscow, Russia.",NA
"Carduelis_tristis",NA,NA,NA,NA,NA,"NA","NA","NA","NA","NA","American Goldfinch","Passeriformes","Fringillidae","Finches, Euphonias, and Allies","Oscine","NA","Not known for this species",NA
"Carpodacus_erythrinus",NA,NA,NA,NA,NA,"4","2","Passeriformes","Fringillidae","1","Common Rosefinch","Passeriformes","Fringillidae","Finches, Euphonias, and Allies","Oscine","1","Young males sometimes co-operative helpers, assisting in feeding of young. Solitary or loosely colonial",NA
"Carpodacus_mexicanus",NA,NA,NA,NA,NA,"NA","NA","NA","NA","NA","House Finch","Passeriformes","Fringillidae","Finches, Euphonias, and Allies","Oscine","0","Does not occur. Occasional observations of males feeding begging incubating females that are not their mates. Routine feeding of fledglings by unrelated adults, especially males. Behavior is particularly common at feeders when juveniles beg from adults. Older broods commonly join and 10-15 juveniles beg for food from a single adult male. In w. Montana, close association of two males and a female in some nests (Cole 2002), although only one male fathers and feeds nestlings in such nests.",NA
"Catharus_bicknelli",NA,NA,NA,NA,NA,"1","3","Passeriformes","Turdidae","1","NA","NA","NA","NA","NA","1","At 25 Vermont nests observed by videography, one female fed at each nest, with two provisioning males most common (60%), followed by nests with one provisioning male (20%), nests with three males (16%), and nests with four males (4%; VCE). Four males documented to feed at >1 nest within single breeding season, and three males fed two broods simultaneously (nests 186–443 m apart). One male simultaneously provisioned at two nests 443 m apart, shared feeding of nestlings at first nest, was sole male feeder at second nest. First nest fledged 3 d after second nest hatched; male then left care of fledglings to the other male and fed second brood at nearly twice the rate as he had fed young at first nest. Individual female, total male, and total adult provisioning rates did not differ between nests with single and multiple male feeders. The number of male feeders was negatively correlated to prey abundance on female home ranges, suggesting that females might balance the cost of low prey abundance by copulating with multiple males and attracting male feeders (Strong et al. 2004). Overall, females fed nestlings at more than twice the rate of males (Goetz et al 2003). Male feeding rates increased with nestling age until day 7–8 and then decreased until fledging. Some males did not feed at nests in which they sired young, and some males fed at nests in which they sired no young (Goetz et al. 2003). Multiple male feeders also reported at nests in Quebec (Y. Aubry) and New Brunswick (Askanas 2012). In highlands of New Brunswick, 78% of nests had two or more male feeders (Askanas 2012). At five nests females provided 57±15% of the feeds at a nest, individual males 21±9%. In Quebec three males attended two different nests in one breeding season (Y. Aubry unpubl.). I",NA
"Centrocercus_urophasianus",NA,NA,NA,NA,NA,"NA","NA","NA","NA","NA","Sage Grouse","Galliformes","Phasianidae","Pheasants, Grouse, and Allies","Nonpasserine","0","None",NA
"Charadrius_semipalmatus",NA,NA,NA,NA,NA,"NA","NA","NA","NA","NA","Semipalmated Plover","Charadriiformes","Charadriidae","Plovers and Lapwings","Nonpasserine","NA","One report of 1 female caring for 2 broods; female stayed behind after other females left study area, took care of young, and male took care of second brood (female, male, and chicks were banded; G. LaFontaine pers. comm.).",NA
"Chen_rossii",NA,NA,NA,NA,NA,"NA","NA","NA","NA","NA","Ross's Goose","Anseriformes","Anatidae","Ducks, Geese, and Waterfowl","Nonpasserine","NA","None reported",NA
"Chiroxiphia_lanceolata",NA,NA,NA,NA,NA,"NA","NA","NA","NA","NA","NA","Passeriformes","Pipridae","Manakins","Suboscine","NA","In comparison to some of its congenerics, this species‚Äô complex courtship rituals, in which two or more males display cooperatively have been little studied to date.",NA
"Chthonicola_sagittatus",NA,NA,NA,NA,NA,"4","1","Passeriformes","Acanthizidae","1","NA","NA","NA","NA","NA","0","Breeds as simple pair or as trio; trio consists of one female and two males (members of such groups unrelated), secondary male not assisting in brood-rearing, breeding system thus polyandrous, rather than co-operative. ",NA
"Cinclosoma_castaneothorax",NA,NA,NA,NA,NA,"1","1","Passeriformes","Cinclosomatidae","0","NA","NA","NA","NA","NA","NA","Possible co-operative breeding recorded, with assistance by young (presumably from previous brood). ",NA
"Cinclus_cinclus",NA,NA,NA,NA,NA,"NA","NA","NA","NA","NA","White-throated Dipper","Passeriformes","Cinclidae","Dippers","Oscine","NA","Never reported",NA
"Cinnyricinclus_leucogaster",NA,NA,NA,NA,NA,"3","2","Passeriformes","Sturnidae","1","NA","NA","NA","NA","NA","0","one record of two males and one female feeding chicks (but no evidence that co-operative breeding a regular occurrence)",NA
"Cisticola_brunnescens",NA,NA,NA,NA,NA,"1","2","Passeriformes","Cisticolidae","0","NA","NA","NA","NA","NA","NA","incubation by both sexes; no information on duration of incubation and nestling periods.",NA
"Cisticola_chiniana",NA,NA,NA,NA,NA,"1","4","Passeriformes","Cisticolidae","0","NA","NA","NA","NA","NA","NA","Usually breeds in pairs, but group-breeding in some areas. Territorial in breeding season, and probably all year in Kenya, where most territories held by groups of 3–5 birds (occasionally more in areas with denser vegetation, up to three males and five females in some groups); probably monogamous, with an “alpha” pair in group-breeding birds, “beta” males are offspring of “alpha” males in 57% of groups (some multi-male groups are coalitions of apparently unrelated individuals) and are active in territory defence and sing more than do “alpha” males... in S Malawi juveniles leave natal area before following breeding season, in Kenya some males remain on natal territory as helpers.","helpers singing"
"Cisticola_cinereolus",NA,NA,NA,NA,NA,"1","1","Passeriformes","Cisticolidae","0","NA","NA","NA","NA","NA","NA","Little known. Dec in Sudan, and Apr–Jul in Ethiopia and E Africa. Breeds singly, but may be sequentially polygynous or a co-operative breeder; territorial.",NA
"Colaptes_auratus",NA,NA,NA,NA,NA,"NA","NA","NA","NA","NA","Northern Flicker","Piciformes","Picidae","Woodpeckers","Nonpasserine","NA","never reported",NA
"Conopophila_rufogularis",NA,NA,NA,NA,NA,"1","2","Passeriformes","Meliphagidae","1","NA","NA","NA","NA","NA","NA"," incubation probably by female alone, although some claims that both sexes incubate, period 13–15 days; chicks fed by female alone for first two days, thereafter by both sexes (female does most), nestling period 12 days; both parents feed fledglings. ",NA
"Copsychus_malabaricus",NA,NA,NA,NA,NA,"1","2","Passeriformes","Muscicapidae","1","NA","NA","NA","NA","NA","0?","Although White-rumped Shama is not reported to be a cooperative breeding species, helping behavior was observed at 2 out of 32 nests on O‘ahu I. (8). In each case, 2 different adult males were observed feeding nestlings of a single female. At one of these nests, 2 males fed the single nestling at 1, 9, 10, and 12 d after hatching; the males did not behave aggressively toward one another. At the other nest, a second male was observed on a single day; it fed the nestlings 3 times but was attacked repeatedly by resident male. Unknown whether these males were reproductively inactive helpers, or if they sired some of the nestlings through extra-pair copulations or polyandrous matings.",NA
"Coragyps_atratus",NA,NA,NA,NA,NA,"NA","NA","NA","NA","NA","Black Vulture","Cathartiformes","Cathartidae","New World Vultures","Nonpasserine","NA","not known to occur",NA
"Corcorax_melanorhamphos",NA,NA,NA,NA,NA,"NA","NA","NA","NA","NA","White-winged Chough","Passeriformes","Corcoracidae","White-winged Chough and Apostlebird","Oscine","1","Co-operative breeder in group  consisting of generally one breeding pair and up to 18 helpers, latter largely offspring of main pair.",NA
"Corvus_corone",NA,NA,NA,NA,NA,"NA","NA","NA","NA","NA","Carrion Crow","Passeriformes","Corvidae","Crows, Jays, and Magpies","Oscine","1","Cooperative breeding has been discovered in a population in N Spain where c. 75% of the breeding territories are held by cohesive groups consisting of 3‚Äì9 birds Baglione, V., Marcos, J.M. and Canestrari, D. (2002). Cooperatively breeding groups of Carrion Crow (Corvus corone corone) in northern Spain. Auk. 119(3): 790‚Äì799.",NA
"Cygnus_columbianus",NA,NA,NA,NA,NA,"NA","NA","NA","NA","NA","Tundra Swan","Anseriformes","Anatidae","Ducks, Geese, and Waterfowl","Nonpasserine","NA","not known to occur",NA
"Dendroica_caerulescens",NA,NA,NA,NA,NA,"NA","NA","NA","NA","NA","Black-throated Blue Warbler","Passeriformes","Parulidae","New World Warblers","Oscine","NA","Not known",NA
"Dendroica_cerulea",NA,NA,NA,NA,NA,"NA","NA","NA","NA","NA","Cerulean Warbler","Passeriformes","Parulidae","New World Warblers","Oscine","NA","Not known in this species",NA
"Dendroica_discolor",3,1,"Passeriformes","Parulidae",NA,NA,NA,NA,NA,NA,NA,NA,NA,NA,NA,NA,NA,NA
"Dendroica_pensylvanica",NA,NA,NA,NA,NA,"NA","NA","NA","NA","NA","Chestnut-sided Warbler","Passeriformes","Parulidae","New World Warblers","Oscine","NA","Unknown in this species",NA
"Dolichonyx_oryzivorus",NA,NA,NA,NA,NA,"2","3","Passeriformes","Icteridae","0","Bobolink","Passeriformes","Icteridae","Troupials and Allies","Oscine","NA","At four nests in New York, more than two adult Bobolinks fed nestlings (Beason and Trout 1984, Bollinger et al. 1986). Two instances of this phenomenon involving multiple adults in Wisconsin (Martin 1971b). Electrophoretic analyses of adults and nestlings at nest in New York indicated possibility that both feeding males may have sired nestlings or that one male may have been previous year's offspring of one or both of other adults (Bollinger et al. 1986). SGM recorded feeding schedule data at nest with young fed by two Bobolinks and a female Eastern Meadowlark that had lost her brood to predator.",NA
"Dryoscopus_cubla",NA,NA,NA,NA,NA,"3","1","Passeriformes","Malaconotidae","1","NA","NA","NA","NA","NA","0","chicks brooded by female, she feeds them with food delivered to her by male, later fed by both parents, both also remove faecal sacs, nestling period c. 18 days; young out of nest continue to beg from and are fed by parents for at least three weeks, and juveniles appear to be tolerated in parental territory until next nesting season; up to 15 individuals, all or most juveniles, sometimes congregate noisily in trees, displaying rump feathers, calling, wing-fripping and chasing.",NA
"Dumetella_carolinensis",NA,NA,NA,NA,NA,"NA","NA","NA","NA","NA","Grey Catbird","Passeriformes","Mimidae","Mockingbirds and Thrashers","Oscine","NA","Nothing repoted",NA
"Empidonax_minimus",NA,NA,NA,NA,NA,"NA","NA","NA","NA","NA","Least Flycatcher","Passeriformes","Tyrannidae","Tyrant Flycatchers","Suboscine","NA","No specific information available for this species",NA
"Empidonax_traillii",NA,NA,NA,NA,NA,"NA","NA","NA","NA","NA","Willow Flycatcher","Passeriformes","Tyrannidae","Tyrant Flycatchers","Suboscine","NA","Not known to occur",NA
"Empidonax_virescens",NA,NA,NA,NA,NA,"NA","NA","NA","NA","NA","Acadian Flycatcher","Passeriformes","Tyrannidae","Tyrant Flycatchers","Suboscine","NA","Not observed",NA
"Eremophila_alpestris",NA,NA,NA,NA,NA,"3","1","Passeriformes","Alaudidae","1","NA","NA","NA","NA","NA","NA","Not known to occur in this species. Although adults sometimes feed young other than their own, this probably results because parents cannot distinguish among young ",NA
"Erithacus_rubecula",NA,NA,NA,NA,NA,"4","1","Passeriformes","Muscicapidae","1","NA","NA","NA","NA","NA","NA","No information",NA
"Falco_columbarius",NA,NA,NA,NA,NA,"NA","NA","NA","NA","NA","Merlin","Falconiformes","Falconidae","Falcons and Caracaras","Nonpasserine","1","Nest helpers (unrelated individuals, mostly yearling males) recorded (James and Oliphant 1986, Sodhi 1991d). Participate in nest defense and food transfers.James, P. C. and L. W. Oliphant. (1986). Extra birds and helpers at the nests of Richardson's Merlin. Condor 88:533-534.",NA
"Falco_peregrinus",NA,NA,NA,NA,NA,"NA","NA","NA","NA","NA","Peregrine Falcon","Falconiformes","Falconidae","Falcons and Caracaras","Nonpasserine","0","Rare under normal population structure. Two females at Reelfoot Lake, TN, reported to incubate same clutch alternately Spofford, W. R. (1947a). A successful nesting of a Peregrine Falcon with three adults present. Migrant 18:49-51.",NA
"Falco_sparverius",NA,NA,NA,NA,NA,"NA","NA","NA","NA","NA","American Kestrel","Falconiformes","Falconidae","Falcons and Caracaras","Nonpasserine","NA","Not reported",NA
"Falculea_palliata",NA,NA,NA,NA,NA,"1","2","Passeriformes","Vangidae","1","NA","NA","NA","NA","NA","1","Polyandrous: more than two males copulate with one female, and all males (and female) feed young; males participate in territorial defence, in defence against predators and, infrequently, in nest-building, incubation and brooding.",NA
"Ficedula_albicollis",5,1,"Passeriformes","Muscicapidae",NA,NA,NA,NA,NA,NA,NA,NA,NA,NA,NA,NA,NA,NA
"Ficedula_hypoleuca",5,1,"Passeriformes","Muscicapidae",NA,NA,NA,NA,NA,NA,NA,NA,NA,NA,NA,NA,NA,NA
"Fratercula_arctica",NA,NA,NA,NA,NA,"NA","NA","NA","NA","NA","Atlantic Puffin","Charadriiformes","Alcidae","Auks, Murres, and Puffins","Nonpasserine","NA","Not known to occur",NA
"Fulmarus_glacialis",NA,NA,NA,NA,NA,"NA","NA","NA","NA","NA","Northern Fulmar","Procellariiformes","Procellariidae","Shearwaters and Petrels","Nonpasserine","NA","Not known to occur",NA
"Garrulax_leucolophus",NA,NA,NA,NA,NA,"1","1","Passeriformes","Timaliidae","1","NA","NA","NA","NA","NA","1","Co-operative breeder… incubation by both sexes, period c. 14 days; nestlings fed by all group-members, may leave nest long before fully grown; no information on fledging period.",NA
"Gavia_immer",NA,NA,NA,NA,NA,"NA","NA","NA","NA","NA","Common Loon","Gaviiformes","Gaviidae","Loons","Nonpasserine","NA","Very rare. Three cases in Wisconsin (1) and Michigan (2) where three adults (2 males and 1 female) cared for chicks (< 6 weeks). In each case, care of chicks by the males appeared to be divided by night vs. day",NA
"Geospiza_fortis",NA,NA,NA,NA,NA,"3","2","Passeriformes","Emberizidae","0","NA","NA","NA","NA","NA","NA","No information",NA
"Geospiza_scandens",NA,NA,NA,NA,NA,"3","3","Passeriformes","Emberizidae","0","NA","NA","NA","NA","NA","NA","No information",NA
"Geothlypis_trichas",NA,NA,NA,NA,NA,"NA","NA","NA","NA","NA","Common Yellowthroat","Passeriformes","Parulidae","New World Warblers","Oscine","NA","None reported",NA
"Gerygone_magnirostris",NA,NA,NA,NA,NA,"3","1","Passeriformes","Acanthizidae","1","NA","NA","NA","NA","NA","NA","Solitary, but sometimes pairs close together (50 cm). Pair maintains territory. Nest built by both sexes… incubation possibly by female alone, period 15–21 days; chicks fed by both parents",NA
"Grallina_cyanoleuca",NA,NA,NA,NA,NA,"4","1","Passeriformes","Monarchidae","1","NA","NA","NA","NA","NA","NA","Monogamous, with long-term pair-bond; single report of co-operative breeding (in Melbourne), with male and two females, all three contributing to nest-building, incubation of eggs, brooding and feeding of nestlings, and provisioning of fledglings. Solitary nester, pair maintains permanent territory. ",NA
"Habia_fuscicauda",NA,NA,NA,NA,NA,"NA","NA","NA","NA","NA","redthroated ant-tanagers","Passeriformes","Cardinalidae","Cardinals and Allies","Oscine","1","Females only incubate and brood the young, but both males and females bring food to the nestlings. Group members help during nesting. During nest building, group members only follow the nest building female around the territory, although Willis (1961) observed one non-reproductive individual carrying material to the nest. Helpers contribute with nest defense and feeding nestlings; helpers start feeding nestlings on day 5 after hatching and, on average, they make 4.5% (18 of the 397) of the total feeding trips (Willis 1961).",NA
"Hirundo_rustica",NA,NA,NA,NA,NA,"5","2","Passeriformes","Hirundinidae","1","Barn Swallow","Passeriformes","Hirundinidae","Swallows","Oscine","1","Nests often attract the attention of extra adults that associate with a pair for up to an entire breeding season; these extra birds are sometimes tolerated and occasionally lead to polygyny (217). In New York, extra birds were predominantly males (219, 325), whereas in Washington, extra birds were yearling females (217). Extra adults contribute relatively little to feeding young, but they are known to mob predators and assist in nest-building, incubation, and brooding young (219, 325, 217). Extra adults may be using nest attendance as a breeding strategy either to replace one pair member should something happen to it (217) or to commit sexually selected infanticide (219, 325), providing an opportunity for males to take over the breeding female (see Behavior: Sexual Behavior). Nests that are attended by helpers often are ones occupied by older females (325), consistent with the interpretation that male attendants are trying to secure high-quality females as mates.",NA
"Hylocichla_mustelina",NA,NA,NA,NA,NA,"NA","NA","NA","NA","NA","Wood Thrush","Passeriformes","Turdidae","Thrushes and Allies","Oscine","NA","Not known",NA
"Icteria_virens",NA,NA,NA,NA,NA,"NA","NA","NA","NA","NA","Yellow-breasted Chat","Passeriformes","Icteriidae","Yellow-breasted Chat","Oscine","NA","Never observed",NA
"Icterus_bullockii",NA,NA,NA,NA,NA,"1","1","Passeriformes","Icteridae","1","NA","NA","NA","NA","NA","NA","Generally does not occur, but many pairs in southern Arizona are accompanied by a second-year-male (Rosenberg et al. 1991). Postfledging groups of young often include young from several nests (PLW). The potentially cooperative behavior of parents from several nests in defending and feeding such young in crèches (see Food Habits: Feeding and Breeding: Fledgling Stage) has not been explored. In two cases, fledged young were adopted by parents of a nearby nest (PLW)... Young from several nests often form creches, and these young are fed by parents from different nests (Williams 1982d).",NA
"Icterus_galbula",NA,NA,NA,NA,NA,"5","1","Passeriformes","Icteridae","1","Baltimore Oriole","Passeriformes","Icteridae","Troupials and Allies","Oscine","NA","Not known to occur",NA
"Icterus_spurius",NA,NA,NA,NA,NA,"3","1","Passeriformes","Icteridae","1","NA","NA","NA","NA","NA","NA","There are four instances in which first-year (Formative Plumage) males were associated with or helping adult (Definitive Plumage) males feed nestlings. One instance involved 2 first-year males feeding the same brood during two breeding periods of observation in north-central Ohio (Sandusky; T. Bartlett, personal communication).",NA
"Junco_hyemalis",NA,NA,NA,NA,NA,"NA","NA","NA","NA","NA","Dark-eyed Junco","Passeriformes","Passerellidae","New World Sparrows","Oscine","0","Does not occur",NA
"Junco_phaeonotus",3,1,"Passeriformes","Emberizidae",NA,NA,NA,NA,NA,NA,NA,NA,NA,NA,NA,NA,NA,NA
"Lagopus_lagopus",NA,NA,NA,NA,NA,"NA","NA","NA","NA","NA","Willow Ptarmigan","Galliformes","Phasianidae","Pheasants, Grouse, and Allies","Nonpasserine","0","None",NA
"Lagopus_leucura",NA,NA,NA,NA,NA,"NA","NA","NA","NA","NA","White-tailed Ptarmigan","Galliformes","Phasianidae","Pheasants, Grouse, and Allies","Nonpasserine","0","None",NA
"Lanius_collaris",NA,NA,NA,NA,NA,"4","1","Passeriformes","Laniidae","1","NA","NA","NA","NA","NA","NA","incubation by female, occasionally assisted by male, from last or penultimate egg, period 12–16·5 days, normally 14–15 days; sometimes marked size disparity among siblings, chicks brooded by female, fed by both sexes, nestling period usually 17–21 days; fledglingsphoto independent c. 5–7 weeks after leaving nest, remain in parental territory for up to c. 7 months. ",NA
"Lanius_collurio",NA,NA,NA,NA,NA,"3","2","Passeriformes","Laniidae","0","NA","NA","NA","NA","NA","NA","very occasionally, one or more unmated individuals help in brood-rearing, at times taking over almost entire task from breeding pair",NA
"Lanius_ludovicianus",NA,NA,NA,NA,NA,"NA","NA","NA","NA","NA","Loggerhead Shrike","Passeriformes","Laniidae","Shrikes","Oscine","NA","None reported",NA
"Larus_argentatus",NA,NA,NA,NA,NA,"NA","NA","NA","NA","NA","Herring Gull","Charadriiformes","Laridae","Gulls, Terns, and Skimmers","Nonpasserine","NA","Trios (1 male, 2 females) have been reported in Great Lakes colonies; all three birds incubated eggs, and brooded and fed offspring (Shugart 1980). Trios comprised about 0.8% of nesting associations at colonies in northeastern Lake Michigan in 1978-81 (Fitch and Shugart 1983), but have not been reported elsewhere. Birds in trios usually remained together in successive years. Trios had lower hatching success and lower productivity than male-female pairs",NA
"Larus_occidentalis",NA,NA,NA,NA,NA,"NA","NA","NA","NA","NA","Western Gull","Charadriiformes","Laridae","Gulls, Terns, and Skimmers","Nonpasserine","NA","Not known to occur. Female‚Äìfemale pairs observed, but alone, not associated with male Hunt, Jr., G. L. and M. W. Hunt. (1977). Female-female pairing in Western Gulls (Larus occidentalis) in southern California. Science 196:1466-1467. Pierotti, R. (1981b). Male and female parental roles in the Western Gull under different environmental conditions. Auk 98:532-549.",NA
"Lichenostomus_flavescens",NA,NA,NA,NA,NA,"3","1","Passeriformes","Meliphagidae","1","NA","NA","NA","NA","NA","NA","both parents feed chicks (no other info)",NA
"Loxia_curvirostra",NA,NA,NA,NA,NA,"5","1","Passeriformes","Fringillidae","1","Red Crossbill","Passeriformes","Fringillidae","Finches, Euphonias, and Allies","Oscine","NA","Not know for this species",NA
"Loxia_scotica",NA,NA,NA,NA,NA,"2","1","Passeriformes","Fringillidae","1","NA","NA","NA","NA","NA","NA","chicks fed and cared for by both parents, nestling period 17–25 days; young fed by adults (including adults other than parents) for up to 8 weeks after fledging and until mandibles fully crossed. Success rate in single study fairly high: of 152 eggs in 41 nests, 75·6% hatched and 46·6% of young fledged young, average of 1·7 young per nest; main predator Eurasian red squirrel (Sciurus vulgaris). Probably first breeds in first year, but failure rate high among first-time breeders, especially those in immature plumage.",NA
"Loxioides_bailleui",NA,NA,NA,NA,NA,"NA","NA","NA","NA","NA","Palila","Passeriformes","Fringillidae","Finches, Euphonias, and Allies","Oscine","1","Helpers, typically adult males, play several roles at Palila nests (Van Riper III 1980a, Pratt et al. 1997a, Miller 1998, USGS unpubl.). They have been observed defending nests and feeding nesting females, nestlings, and fledglings (13 cases summarized in Miller 1998). W",NA
"Luscinia_svecica",NA,NA,NA,NA,NA,"NA","NA","NA","NA","NA","Bluethroat","Passeriformes","Muscicapidae","Old World Flycatchers","Oscine","NA","Not reported",NA
"Malcorus_pectoralis",NA,NA,NA,NA,NA,"2","1","Passeriformes","Cisticolidae","0","NA","NA","NA","NA","NA","NA","Probably monogamous, may occasionally have helpers at nest (possibly young from previous broods); solitary, territorial. ",NA
"Malimbus_cassini",NA,NA,NA,NA,NA,"1","1","Passeriformes","Ploceidae","1","NA","NA","NA","NA","NA","1?","Apparently monogamous. Initial co-operative nest-building; dominant male then displaces others, and remains with female. Nest construction evidently regularly involves one female and several males; more than one individual working simultaneously, in Gabon five nests built by a pair, 13 nests by two males with a female, and three by three males and a single female, work taking up to 15 days; female appears to take the lead, calling and adopting solicitation posture to induce males to start building",NA
"Megascops_asio",NA,NA,NA,NA,NA,"NA","NA","NA","NA","NA","Eastern Screech-Owl","Strigiformes","Strigidae","Owls","Nonpasserine","NA","One observation of a rehabilitated male helping a wild pair feed chicks (Smith and Hiestand 1990",NA
"Melidectes_belfordi",NA,NA,NA,NA,NA,"1","1","Passeriformes","Meliphagidae","1","NA","NA","NA","NA","NA","NA"," both parents observed to feed nestlings and both seen with fledglings. No other information.",NA
"Melospiza_georgiana",NA,NA,NA,NA,NA,"NA","NA","NA","NA","NA","Swamp Sparrow","Passeriformes","Passerellidae","New World Sparrows","Oscine","NA","Not known to occur",NA
"Melospiza_melodia",NA,NA,NA,NA,NA,"NA","NA","NA","NA","NA","Song Sparrow","Passeriformes","Passerellidae","New World Sparrows","Oscine","NA","Not observed, despite strong natal philopatry in each sex in some populations (Arcese 1989a). Possibility that related neighbors less aggressive merits study.",NA
"Merops_bullockoides",NA,NA,NA,NA,NA,"NA","NA","NA","NA","NA","White-fronted Bee-eater","Coraciiformes","Meropidae","Bee-eaters","Nonpasserine","1","essentially monogamous, most pairs staying together for life, taking on helpers in some years or themselves helping to rear close relatives‚Äô young in others; during its lifetime, individual can change roles between breeding and helping several times; colonies  generally of 10‚Äì20 nests attended by 30‚Äì80 birds, some of up to 450 birds; 60% of breeding pairs have 1‚Äì5 helpers, these being yearlings or experienced past breeders, which help with excavation, incubation, brood-feeding, and defence of nest and feeding territory; 3‚Äì4 pairs with helpers comprise a clan, members of which are related and freely visit each other‚Äôs burrows, but repel attempts by non-members to enter burrows; 2 populations studied at Nakuru, Kenya, comprised c. 400 birds in 60 clans at 100 active nests; males preponderate, and most helpers are male",NA
"Microeca_flavigaster",NA,NA,NA,NA,NA,"1","2","Passeriformes","Petroicidae","0","NA","NA","NA","NA","NA","NA","no information on incubation and fledging periods; both adults feed fledglings. ",NA
"Miliaria_calandra",NA,NA,NA,NA,NA,"4","2","Passeriformes","Emberizidae","0","NA","NA","NA","NA","NA","NA","incubation by female alone, period 12–14 days; chicksphoto fed by female, though male often in attendance, nestling period 9–13 days; youngvideo often leave nest before able to fly.",NA
"Mimus_polyglottos",NA,NA,NA,NA,NA,"NA","NA","NA","NA","NA","Northern Mockingbird","Passeriformes","Mimidae","Mockingbirds and Thrashers","Oscine","NA","Not known to occur in Northern Mockingbird, but reported in the Gal√°pagos Mockingbird (Nesomimus parvulus, a close relative; Curry and Grant 1989) and in the Tropical Mockingbird (Mimus gilvus; Morton et al. 2004). Curry, R. L. and P. R. Grant. (1989). Demography of the cooperatively breeding Gal√°pagos Mockingbird, Nesomimus parvulus, in a climatically variable environment. Journal of Animal Ecology 58:441-463.",NA
"Mohoua_novaeseelandiae",NA,NA,NA,NA,NA,"1","2","Passeriformes","Acanthizidae","1","NA","NA","NA","NA","NA","0?","Monogamous; breeds as pair, few records of extra-pair feeding in unusual circumstances. ",NA
"Molothrus_ater",NA,NA,NA,NA,NA,"NA","NA","NA","NA","NA","Brown-headed Cowbird","Passeriformes","Icteridae","Troupials and Allies","Oscine","NA","Not known to occur",NA
"Monticola_saxatilis",NA,NA,NA,NA,NA,"3","1","Passeriformes","Muscicapidae","1","NA","NA","NA","NA","NA","NA","No information",NA
"Notiomystis_cincta",NA,NA,NA,NA,NA,"2","4","Passeriformes","Meliphagidae","0","NA","NA","NA","NA","NA","0? Creches"," incubation by female only, beginning with completion of clutch, period 13–19 days (mean 15·75 days); chicks  brooded by female, male sometimes assisting, fed by both sexes, female doing considerably more of provisioning than male, both adults remove faecal sacs (but nest quickly becomes fouled), nestling period 26–32 days; young fed by parents for up to 2 weeks after fledging, contribution of each adult and rate at which young fed (and for how long) dependent on whether female making another breeding attempt. Juveniles join crèches c. 1 week after fledging.",NA
"Oceanodroma_leucorhoa",NA,NA,NA,NA,NA,"NA","NA","NA","NA","NA","Leach's Storm-petrel","Procellariiformes","Hydrobatidae","Northern Storm-Petrels","Nonpasserine","NA","Not known to occur. Invariably single egg (see Mass). Rare occurrence of 2 eggs in single burrow suggests possibility of egg dumping or nest sharing and probably indicates tolerance between females, possibly between males, but intraspecific brood parasitism and cooperation seem unlikely (CEH, RGB). Could also represent inexperienced breeders, as seen in albatross (181). Both eggs never known to hatch.",NA
"Oenanthe_bifasciata",NA,NA,NA,NA,NA,"1","2","Passeriformes","Muscicapidae","1","NA","NA","NA","NA","NA","NA","Some suggestion of helpers at nest. No other information.",NA
"Oenanthe_leucopyga",NA,NA,NA,NA,NA,"3","1","Passeriformes","Muscicapidae","1","NA","NA","NA","NA","NA","NA","when double-brooded, fledglings may stay on territory and help to feed young of second brood; female sometimes lays second clutch while first brood still in nest, leaving male to feed them.",NA
"Oenanthe_oenanthe",NA,NA,NA,NA,NA,"6","1","Passeriformes","Muscicapidae","1","Northern Wheatear","Passeriformes","Muscicapidae","Old World Flycatchers","Oscine","0","Occurs rarely, if at all. One report from Greenland of a second male and a juvenile from the first brood feeding nestlings of a second brood (75, 98, 32).Nicholson, E. M. (1930a). Field notes on Greenland birds. Ibis 6:399-401.Axell, H. E. (1954). The Wheatear at Dungeness. Bird Notes 26:38-41.Sutton, G. M. and D. F. Parmelee. (1954a). Nesting of the Greenland Wheatear on Baffin Island. Condor 56:295-306.",NA
"Oporornis_formosus",NA,NA,NA,NA,NA,"NA","NA","NA","NA","NA","Kentucky Warbler","Passeriformes","Parulidae","New World Warblers","Oscine","NA","Not known",NA
"Orthonyx_temminckii",NA,NA,NA,NA,NA,"4","1","Passeriformes","Orthonychidae","1","NA","NA","NA","NA","NA","0","single observation of an apparent additional adult feeding young",NA
"Otus_elegans",NA,NA,NA,NA,NA,"NA","NA","NA","NA","NA","NA","Strigiformes","Strigidae","Owls","Nonpasserine","NA",NA,NA
"Otus_flammeolus",NA,NA,NA,NA,NA,"NA","NA","NA","NA","NA","Flammulated Owl","Strigiformes","Strigidae","Owls","Nonpasserine","NA","No documentation. Observations at nests in Colorado suggest presence of occasional helpers in years when prey abundance is relatively low (BDL unpubl. data.).",NA
"Parus_atricapillus",NA,NA,NA,NA,NA,"NA","NA","NA","NA","NA","Black-capped Chickadee","Passeriformes","Paridae","Tits, Chickadees, and Titmice","Oscine","NA","Not observed",NA
"Parus_carolinensis",NA,NA,NA,NA,NA,"NA","NA","NA","NA","NA","Carolina Chickadee","Passeriformes","Paridae","Tits, Chickadees, and Titmice","Oscine","NA","No definitive reports. Two color-banded adult males and 1 female tended same brood of nestlings and fledged young in Carolina/Black-capped hybrid zone population in se. Pennsylvania, possibly following death of mate of one of the males (RLC and K. L. Cornell unpubl.). Species status of individuals involved uncertain, although all 3 adults involved had Carolina mtDNA haplotypes (Cornell 2001).",NA
"Passer_domesticus",NA,NA,NA,NA,NA,"3","3","Passeriformes","Passeridae","1","House Sparrow","Passeriformes","Passeridae","Old World Sparrows","Oscine","1","Noted in one study only (Sappington 1977); not thoroughly documented. Relationship of helpers to those helped not known. No statistical difference in number of young reared between nests with and without helpers. Five of 221 nests built with helpers; 0 incubation by helpers; 161 of 254 nests with helpers feeding young (making 12.4% of feeding visit",NA
"Passer_montanus",NA,NA,NA,NA,NA,"NA","NA","NA","NA","NA","Eurasian Tree Sparrow","Passeriformes","Passeridae","Old World Sparrows","Oscine","NA","Not known to occur",NA
"Passerculus_sandwichensis",NA,NA,NA,NA,NA,"NA","NA","NA","NA","NA","Savannah Sparrow","Passeriformes","Passerellidae","New World Sparrows","Oscine","NA","Not known to occur, although young of first brood often remain on natal territory after nestlings from second brood have hatched. In rare cases siblings, returning as yearlings, establish territories adjacent to each other but no cooperative behavior, despite evidence of kin recognition (Wheelwright and Mauck 1998, Wheelwright et al. 2006).",NA
"Passerina_caerulea",NA,NA,NA,NA,NA,"NA","NA","NA","NA","NA","Blue Grosbeak","Passeriformes","Cardinalidae","Cardinals and Allies","Oscine","NA","Not known to occur",NA
"Passerina_cyanea",NA,NA,NA,NA,NA,"NA","NA","NA","NA","NA","Indigo Bunting","Passeriformes","Cardinalidae","Cardinals and Allies","Oscine","NA","Not observed. Fledglings from one brood sometimes remain on territory when parents rear a second brood. No observations of young helping at the later nest. In cases when first-year birds return to establish territories near their natal territory, no observations of cooperative behavior between these birds and their older relatives. Neighboring males that share song themes do not cooperate (in contrast, they countersing and chase each other), yet song activity in neighborhoods may attract other males and females to mate.",NA
"Perisoreus_canadensis",NA,NA,NA,NA,NA,"5","2","Passeriformes","Corvidae","1","Grey Jay","Passeriformes","Corvidae","Crows, Jays, and Magpies","Oscine","0","Although ca. 20% of Canada Jay pairs studied in Quebec and Ontario have an associated nonbreeder on their territories at the onset of breeding and ca. 65% of these are the pair's own offspring from the previous breeding season, the nonbreeders do not feed the current year's nestlings and the breeders energetically drive them away if they approach the nest. Starting immediately after the nestlings fledge, however, adults relax this vigilance and on intensively observed territories in Ontario and Quebec some non-breeders have accounted for over 30% of all observed feedings of the young (189, 190). Proposed explanation for this pattern holds that, compared to other jays, Canada Jays are particularly vulnerable to nest predators because they have poorer defensive abilities (being smaller and generally having only one extra group member, if any). In such a species, suppression of allofeeding, along with a smaller than expected clutch size and a very low provisioning rate by the adults (achieved by bringing largest possible loads at the consequently minimum possible frequency), may reduce predator-attracting visits to the nest and thus contribute to higher breeding success (166, 191). Strickland, D. and T. A. Waite. (2001). Does initial suppression of allofeeding in small jays help to conceal their nests? Canadian Journal of Zoology 79 (12):2128-2146. Strickland, D. (2003). Ontario Gray Jays help on the world stage: Part 2. Ontario Birds 21 (1):15-22.",NA
"Perisoreus_infaustus",NA,NA,NA,NA,NA,"NA","NA","NA","NA","NA","Siberian Jay","Passeriformes","Corvidae","Crows, Jays, and Magpies","Oscine","1","Breeds late Mar to May. Monogamous, with lifelong pair-bond. Solitary nester, but additional bird sometimes present with pair and may help with incubation or brood-feeding (such helpers probably relatives and young birds from previous breeding season);",NA
"Petrochelidon_pyrrhonota",NA,NA,NA,NA,NA,"NA","NA","NA","NA","NA","NA","Passeriformes","Hirundinidae","Swallows","Oscine","0","Does not occur. Reports of 3 birds tending a single nest (Bent 1942b) are likely erroneous.",NA
"Petroica_phoenicea",NA,NA,NA,NA,NA,"3","1","Passeriformes","Petroicidae","1","NA","NA","NA","NA","NA","NA","Breeds as pair, remating each year; pair-bond broken at end of season, but may re-form pair with same mate in subsequent season. Territorial during breeding",NA
"Phainopepla_nitens",NA,NA,NA,NA,NA,"NA","NA","NA","NA","NA","Phainopepla","Passeriformes","Ptiliogonatidae","Silky-flycatchers","Oscine","NA","Not observed",NA
"Phalacrocorax_carbo",NA,NA,NA,NA,NA,"NA","NA","NA","NA","NA","Great Cormorant","Suliformes","Phalacrocoracidae","Cormorants and Shags","Nonpasserine","NA","Not reported",NA
"Phalaropus_fulicarius",NA,NA,NA,NA,NA,"NA","NA","NA","NA","NA","Red Phalarope","Charadriiformes","Scolopacidae","Sandpipers and Allies","Nonpasserine","NA","Not reported or suspected",NA
"Phalaropus_lobatus",NA,NA,NA,NA,NA,"NA","NA","NA","NA","NA","Red-necked Phalarope","Charadriiformes","Scolopacidae","Sandpipers and Allies","Nonpasserine","NA","None reported or suspected; solitary males incubate and accompany precocial young.",NA
"Philetairus_socius",NA,NA,NA,NA,NA,"NA","NA","NA","NA","NA","Sociable Weaver","Passeriformes","Ploceidae","Weavers and Allies","Oscine","1","Often breeds co-operatively, with up to nine helpers (both adults and young), these most often related to young in nest at which they help; those still helping when older than 1 year are always males (artificial provision of extra food at a colony promoted earlier breeding, with more independent breeding pairs and fewer birds as helpers). Colonial breeder; up to several hundred individuals at a single nest.",NA
"Phoeniculus_purpureus",NA,NA,NA,NA,NA,"NA","NA","NA","NA","NA","Green Woodhoopoe","Bucerotiformes","Phoeniculidae","Woodhoopoes and Scimitarbills","Nonpasserine","1","Co-operative breeder, typically in small to medium-sized groups with helpers (numbering 1‚Äì10 birds) (2), despite that presence of helpers does not appear to positively impact on survival of breeding adults (9)Fry, C. H., S. Keith, and E. K. Urban, Editors (1988). The Birds of Africa. Volume 3. Academic Press, London & San Diego. du Plessis, M.A. and Williams, J.B. (1994). Communal cavity roosting in Green Woodhoopoes: consequences for energy expenditure and the seasonal pattern of mortality. Auk. 111(2): 292-299.",NA
"Phoenicurus_ochruros",NA,NA,NA,NA,NA,"2","3","Passeriformes","Muscicapidae","0","NA","NA","NA","NA","NA","NA","Co-operative behaviour noted in SW Sweden, where male-biased sex ratio. ",NA
"Phylidonyris_novaehollandiae",NA,NA,NA,NA,NA,"3","2","Passeriformes","Meliphagidae","0","NA","NA","NA","NA","NA","NA","Occasional instances of co-operative breeding, with helpers. … chicks brooded by female, fed by both sexes (female providing more feeds), occasionally assisted by helpers, nestling period 12–16·5 days, young sometimes leave nest prematurely if disturbed; fledglings tended by both parents, occasionally also by helpers, at two sites in Victoria young independent c. 4 weeks after fledging.",NA
"Phyllanthus_atripennis",NA,NA,NA,NA,NA,"1","1","Passeriformes","Timaliidae","1","NA","NA","NA","NA","NA","NA","No information",NA
"Phylloscopus_trochilus",NA,NA,NA,NA,NA,"5","1","Passeriformes","Sylviidae","1","NA","NA","NA","NA","NA","NA","incubation by female, period 12–14 days; nestlingsphoto fedvideo mostly by female, male may assist",NA
"Pica_hudsonia",NA,NA,NA,NA,NA,"NA","NA","NA","NA","NA","Black-billed Magpie","Passeriformes","Corvidae","Crows, Jays, and Magpies","Oscine","NA","Not known to occur",NA
"Pica_pica",NA,NA,NA,NA,NA,"NA","NA","NA","NA","NA","Black-billed Magpie","Passeriformes","Corvidae","Crows, Jays, and Magpies","Oscine","NA","Not known to occur",NA
"Pipilo_crissalis",NA,NA,NA,NA,NA,"NA","NA","NA","NA","NA","California Towhee","Passeriformes","Passerellidae","New World Sparrows","Oscine","NA","Not reported",NA
"Pipilo_maculatus",NA,NA,NA,NA,NA,"NA","NA","NA","NA","NA","NA","Passeriformes","Passerellidae","New World Sparrows","Oscine","0","None",NA
"Piranga_olivacea",NA,NA,NA,NA,NA,"NA","NA","NA","NA","NA","Scarlet Tanager","Passeriformes","Cardinalidae","Cardinals and Allies","Oscine","NA","Not reported",NA
"Plectrophenax_nivalis",NA,NA,NA,NA,NA,"NA","NA","NA","NA","NA","Snow Bunting","Passeriformes","Calcariidae","Longspurs and Snow Buntings","Oscine","0","Does not occur",NA
"Pluvialis_dominica",NA,NA,NA,NA,NA,"NA","NA","NA","NA","NA","American Golden Plover","Charadriiformes","Charadriidae","Plovers and Lapwings","Nonpasserine","NA","Never observed",NA
"Porphyrio_hochstetteri",NA,NA,NA,NA,NA,"NA","NA","NA","NA","NA","Takahe","Gruiformes","Rallidae","Rails, Gallinules, and Coots","Nonpasserine","1","Breeds in family groups; juveniles sometimes ejected, but first-year birds may assist with incubation and care of young; multiple male helpers reported in captivity.",NA
"Progne_subis",NA,NA,NA,NA,NA,"NA","NA","NA","NA","NA","Purple Martin","Passeriformes","Hirundinidae","Swallows","Oscine","0","Does not occur. In rare instances, a bird that loses its mate during nesting is joined by a replacement, and in one case a male replacement helped care for the young (Brown 1983a).",NA
"Prunella_collaris",NA,NA,NA,NA,NA,"2","5","Passeriformes","Prunellidae","1","NA","NA","NA","NA","NA","NA","Polygynandrous mating system, 2–5 males share large overlapping ranges of 2–5 females, group ranges (9–38 ha) more or less exclusive; males compete to mate with fertile females, females compete to attract males; solicitation display by female, which has high copulation rate (up to 1000 per clutch), usually involving several males. Five breeding groups studied in a Swiss alpine region each consisted of 1–4 females with exclusive territories, and 3–5 males which co-operated in defending group territory; within group, linear dominance relationship usually well established among alpha, beta and subordinate males, both frequent copulation and mate-guarding strategies being used, and females advertised their fertility, solicited most of copulations and mated many times with several males (c. 350 matings during short fertile period of ten days), while intensity of mate-guarding and copulation frequency were highest on day preceding and throughout laying period; in this polygynandrous system, females of studied population lacked full male help but might have benefited from greater genetic variation of their offspring, while males varied widely in lifetime reproductive success, higher-ranking males raising their fitness to above average (4). Nest, built by female, a cup made from grass, moss and plant stems, lined with hair and feathers, sited in rock crevice or beneath rock or grass tussock on cliff or shallower slope. Clutch 3–4 eggs; incubation by female, period 11–15 days; chicksphoto fed by both sexes, but contribution of each male varies; of 38 broods studied in Pyrenees, 5% fed by female alone, 68% by female and one male, 24% by female and two males, 3% by female and three males; male care influenced by share of matings, hence paternity",NA
"Prunella_himalayana",NA,NA,NA,NA,NA,"1","1","Passeriformes","Prunellidae","0","NA","NA","NA","NA","NA","NA","probably double-brooded, but details poorly known. Has been described as monogamous, but mating system and parental roles not determined; observations of 4–5 birds in flight pursuit during courtship, reminiscent of polygynandrous P. collaris. Some aggression among males and among females recorded, but no information on territoriality. Nest a bulky cup of roots, grass and other plant fibres and moss, lined with hair and fur, placed on ground in hollow under grass tussock or rock. Clutch 4–6 eggs; incubation by female alone, period 13 days at one nest; chicks fed by both sexes, no information on nestling period",NA
"Prunella_modularis",NA,NA,NA,NA,NA,"2","5","Passeriformes","Prunellidae","1","NA","NA","NA","NA","NA","NA","On shared territory, dominant (alpha) male guards and copulates with female, subordinate (beta) male competes and sometimes copulates; high copulation rate (0·5–2·5 times per hour), preceded by cloaca-pecking display; female encourages beta male to mate. Nest, built by female alone, a cup of twigs, stems, roots, grass and mossphoto , lined with hair, wool, sometimes feathers, placed 0·5–3·5 m above ground in bush, hedge or tree. Clutch 3–6 eggsphoto ; incubation by female alone, period 12–13 days; of 264 broods, 8% fed by female alone, 59% by female and one male, 33% by female and two males; male care influenced by share of matings, hence paternity of brood",NA
"Pyrocephalus_rubinus",NA,NA,NA,NA,NA,"NA","NA","NA","NA","NA","Vermilion Flycatcher","Passeriformes","Tyrannidae","Tyrant Flycatchers","Suboscine","NA","Not known to occur",NA
"Quiscalus_mexicanus",NA,NA,NA,NA,NA,"NA","NA","NA","NA","NA","Great-tailed Grackle","Passeriformes","Icteridae","Troupials and Allies","Oscine","NA","Not reported",NA
"Riparia_riparia",NA,NA,NA,NA,NA,"NA","NA","NA","NA","NA","Sand Martin","Passeriformes","Hirundinidae","Swallows","Oscine","NA","Not known to occur",NA
"Rissa_tridactyla",NA,NA,NA,NA,NA,"NA","NA","NA","NA","NA","Black-legged Kittiwake","Charadriiformes","Laridae","Gulls, Terns, and Skimmers","Nonpasserine","NA","Not known to occur",NA
"Saxicola_rubetra",NA,NA,NA,NA,NA,"3","1","Passeriformes","Muscicapidae","0","NA","NA","NA","NA","NA","NA","No information",NA
"Sayornis_nigricans",NA,NA,NA,NA,NA,"NA","NA","NA","NA","NA","Black Phoebe","Passeriformes","Tyrannidae","Tyrant Flycatchers","Suboscine","NA","Not known to occur.",NA
"Sayornis_phoebe",NA,NA,NA,NA,NA,"NA","NA","NA","NA","NA","NA","Passeriformes","Tyrannidae","Tyrant Flycatchers","Suboscine","NA","Not known to occur",NA
"Seiurus_aurocapilla",NA,NA,NA,NA,NA,"1","2","Passeriformes","Parulidae","1","NA","NA","NA","NA","NA","0?","Not known to occur.",NA
"Setophaga_ruticilla",NA,NA,NA,NA,NA,"NA","NA","NA","NA","NA","American Redstart","Passeriformes","Parulidae","New World Warblers","Oscine","NA","Not described",NA
"Sialia_currucoides",5,1,"Passeriformes","Turdidae",NA,"NA","NA","NA","NA","NA","Mountain Bluebird","Passeriformes","Turdidae","Thrushes and Allies","Oscine","0","Mills (316) reported an instance of three juveniles, thought to be from the parents‚Äô first brood (these individuals, however, were not marked), helping to feed the parents‚Äô second brood. E. L. O‚ÄôBrien (unpublished observations) captured a banded female juvenile from a first brood feeding the offspring of her parents‚Äô second brood in central British Columbia. G.R. Ryder (in 238) reported two pairs of adults present at a nest in British Columbia. Both females fed the young, but one of the males did not and was repeatedly chased away by the other male. 316Mills, E. A. (1931). Bird memories of the Rockies. Houghton Mifflin, Boston, MA, USA.) Cannings, R. A., R. J. Cannings, and S. G. Cannings (1987). Birds of the Okanagan Valley, British Columbia. Royal British Columbia Museum, Victoria, BC, Canada.",NA
"Sialia_sialis",NA,NA,NA,NA,NA,"5","1","Passeriformes","Turdidae","1","Eastern Bluebird","Passeriformes","Turdidae","Thrushes and Allies","Oscine","NA","In contrast to Western Bluebirds, Eastern Bluebirds rarely have helpers. In joint nesting, 2 females lay 2 clutches of eggs synchronously in the same nest, then incubate synchronously and sequentially, and cooperate with a male in feeding nestlings and fledglings. In S. Carolina, 5 of 4,299 nesting attempts in field seasons 1977‚Äì1991 were joint nesting ventures; 2 of these 5 attempts were by the same previously known and banded females, so it was reliably inferred that these jointly-nesting females were mother and daughter (PAG, JHP). Juvenile helpers are rare; almost all reports are of juveniles entering nesting cavities when adults are feeding later broods (Pinkowski 1975d)‚Äîsomething documented on video films twice by PAG and JHP. Adult helpers seen occasionally and irregularly (Pinkowski 1976d, PAG), usually second-year son of current breeders.",NA
"Spiza_americana",NA,NA,NA,NA,NA,"NA","NA","NA","NA","NA","Dickcissel","Passeriformes","Cardinalidae","Cardinals and Allies","Oscine","NA","None Reported",NA
"Spizella_passerina",NA,NA,NA,NA,NA,"1","2","Passeriformes","Emberizidae","0","NA","NA","NA","NA","NA","0?","Evidence for complex breeding biology, including polygyny, extra-pair copulations, and helpers at nest (see Behavior: sexual behavior, above). At Guelph, ON, 1 record of 2 females of a polygynous male feeding young in same nest, with a third unidentified adult also suspected of feeding recently fledged young from same nest ... Detailed observational studies are needed to clarify extent of cooperative breeding.",NA
"Spizella_pusilla",NA,NA,NA,NA,NA,"NA","NA","NA","NA","NA","Field Sparrow","Passeriformes","Passerellidae","New World Sparrows","Oscine","NA","Not observed",NA
"Steganopus_tricolor",NA,NA,NA,NA,NA,"NA","NA","NA","NA","NA","Wilson's Phalarope","Charadriiformes","Scolopacidae","Sandpipers and Allies","Nonpasserine","NA","Not reported.",NA
"Sterna_caspia",NA,NA,NA,NA,NA,"NA","NA","NA","NA","NA","Caspian Tern","Charadriiformes","Laridae","Gulls, Terns, and Skimmers","Nonpasserine","NA","No evidence that cooperative breeding occurs in this species.",NA
"Sterna_hirundo",NA,NA,NA,NA,NA,"NA","NA","NA","NA","NA","Common Tern","Charadriiformes","Laridae","Gulls, Terns, and Skimmers","Nonpasserine","NA","Cooperative breeding is apparently rare (< 0.1%), but is likely to be under-reported because it requires detailed observation. Several male-female-female trios were detected at Bermuda in a period when the sex ratio was strongly female-biased (see Behavior: Mating System and Sex Ratio). One male-male-female trio has been reported in Germany (Ludwigs 2004). Otherwise, cooperative breeding has not been investigated at the sites where supernormal clutches are most frequent (see Eggs: Clutch Size, above).",NA
"Stipiturus_malachurus",NA,NA,NA,NA,NA,"NA","NA","NA","NA","NA","Southern Emuwren","Passeriformes","Maluridae","Fairywrens","Oscine","1","Breeds as a pair; territorial; male helpers present with 8% of pairs. Nest built by female, fed by male during 10-day construction period; a domed oval with side entrance, more spherical than Malurus nests, loosely woven from grass and moss, lined with fine grass, plant down and feathers or fur, placed in dense shrub or grass tussock. Clutch 2‚Äì4 eggs, mainly 3; incubation by female, period 13‚Äì14 days; chicks fed by both parents (and helpers), leave nest at 11‚Äì15 days;",NA
"Sturnus_vulgaris",NA,NA,NA,NA,NA,"6","1","Passeriformes","Sturnidae","1","Common Starling","Passeriformes","Sturnidae","Starlings","Oscine","0","Communal or cooperative breeding has occasionally been reported (see references in Kessel 1957), but this behavior is believed to be aberrant.",NA
"Sula_sula",NA,NA,NA,NA,NA,"NA","NA","NA","NA","NA","Red-footed Booby","Suliformes","Sulidae","Boobies and Gannets","Nonpasserine","NA","None reported",NA
"Sylvia_atricapilla",NA,NA,NA,NA,NA,"NA","NA","NA","NA","NA","Blackcap","Passeriformes","Sylviidae","Sylviid Warblers, Parrotbills, and Allies","Oscine","0","Monogamous, with rare reports of bigamy and of single helpers at nest; territorial",NA
"Tachycineta_bicolor",NA,NA,NA,NA,NA,"6","1","Passeriformes","Hirundinidae","1","Tree Swallow","Passeriformes","Hirundinidae","Swallows","Oscine","0","True helping does not occur in this species (Lombardo 1986b): investigatory visits may have been misinterpreted as helping (e.g. Wetherbee 1933). Rarely, apparent ‚Äúhelping‚Äù behavior may result when multiple females attempt to breed in same box (Rendell 1992). Only one confirmed case (by RRC) in which two males were delivering food to the same nestlings.",NA
"Thamnophilus_atrinucha",NA,NA,NA,NA,NA,"NA","NA","NA","NA","NA","NA","Passeriformes","Thamnophilidae","Typical Antbirds","Suboscine","1","Fledglings have been observed helping build nests (Tarwater 2006). This appears to be more beneficial for offspring in terms of learning rather than helping parents. The fledglings collected nest material and in some cases they put the nesting material on the nest (but did not actually weave the material into the nest) and in other cases they dropped the nesting material while trying to fly with it. Older fledglings, which have developed the ability to sing, will help defend the natal territory with their parents (Tarwater 2006).",NA
"Thryothorus_ludovicianus",NA,NA,NA,NA,NA,"NA","NA","NA","NA","NA","Carolina Wren","Passeriformes","Troglodytidae","Wrens","Oscine","NA","Not reported in species",NA
"Troglodytes_aedon",NA,NA,NA,NA,NA,"6","1","Passeriformes","Troglodytidae","1","House Wren","Passeriformes","Troglodytidae","Wrens","Oscine","0","Extremely rare if not absent in most temperate populations. One report from California of a juvenile from a first brood helping its father (and possibly mother; she was unmarked) feed young of a second brood in the same season (275. Second report from Kansas of a juvenile of unknown origin feeding young and removing a fecal sac from a nest at least one time (Timson and Farley 2003). Helpers-at-the-nest also reported in Costa Rica, but not in all nests and such behavior was apparently rare (Skutch 1940, 176, Skutch 1983, Winnett-Murray 1986). Skutch (1983) speculated helping was more likely when young from a previous brood sleep with the mother in the nest while she incubates in a subsequent breeding attempt. In one case in Costa Rica, an individual known not to be the offspring of a resident parents' previous brood attempted to feed young; parents repeatedly attacked that individual (Winnett-Murray 1986: 23).",NA
"Tryngites_subruficollis",NA,NA,NA,NA,NA,"NA","NA","NA","NA","NA","Buff-breasted Sandpiper","Charadriiformes","Scolopacidae","Sandpipers and Allies","Nonpasserine","NA","Not known to occur",NA
"Turdus_migratorius",NA,NA,NA,NA,NA,"NA","NA","NA","NA","NA","American Robin","Passeriformes","Turdidae","Thrushes and Allies","Oscine","0","None",NA
"Tyrannus_forficatus",NA,NA,NA,NA,NA,"NA","NA","NA","NA","NA","Scissor-tailed Flycatcher","Passeriformes","Tyrannidae","Tyrant Flycatchers","Suboscine","NA","No evidence of cooperative breeding",NA
"Tyrannus_tyrannus",NA,NA,NA,NA,NA,"NA","NA","NA","NA","NA","Eastern Kingbird","Passeriformes","Tyrannidae","Tyrant Flycatchers","Suboscine","0","Does not occur (17, MTM). Trios of adults occasionally form, but are rarely stable; a trio in New York remained together from early in nestling period to > 1 mo after young had fledged (MTM). The fate of the third bird in next year was determined in 2 of 3 cases in which the third bird was banded and sex determined. In one case, a female returned to breed on territory where she was seen in previous year (former male and female occupants of territory failed to return). In the other case, a male established residence on adjacent territory in following year. Third birds in trios probably represent birds prospecting for a breeding site in the next year. One case of incest is known: an experienced female (> 9 yr old) bred with a son raised in previous year (MTM).  Smith, W. J. (1966d). Communication and relationships in the genus Tyrannus. Publications of the Nuttall Ornithological Club 6:1-250.",NA
"Uria_aalge",NA,NA,NA,NA,NA,"NA","NA","NA","NA","NA","Common Guillemot","Charadriiformes","Alcidae","Auks, Murres, and Puffins","Nonpasserine","NA","Not known to occur",NA
"Uria_lomvia",NA,NA,NA,NA,NA,"NA","NA","NA","NA","NA","Thick-billed Murre","Charadriiformes","Alcidae","Auks, Murres, and Puffins","Nonpasserine","NA","Not reported. Intermittent brooding of chicks by neighbors common. Occasional full adoption of chicks occurs after chick falls from 1 ledge to another (Gaston et al. 1995). Brooding and feeding of chicks by nonparents probably constitutes misdirected parental care (see Egg-laying: incidence of egg-stealing, adoption of chicks, above).Gaston, A. J., C. Eberl, M. Hipfner and K. Lefevre. (1995). Adoption of chicks among Thick-billed Murres. Auk 112:508-510.",NA
"Vermivora_chrysoptera",NA,NA,NA,NA,NA,"NA","NA","NA","NA","NA","Golden-winged Warbler","Passeriformes","Parulidae","New World Warblers","Oscine","NA","Not known to occur",NA
"Vermivora_pinus",2,1,"Passeriformes","Parulidae",NA,NA,NA,NA,NA,NA,NA,NA,NA,NA,NA,NA,NA,NA
"Vireo_griseus",NA,NA,NA,NA,NA,"NA","NA","NA","NA","NA","White-eyed Vireo","Passeriformes","Vireonidae","Vireos, Shrike-Babblers, and Erpornis","Oscine","NA","Not known",NA
"Vireo_olivaceus",NA,NA,NA,NA,NA,"NA","NA","NA","NA","NA","Red-eyed Vireo","Passeriformes","Vireonidae","Vireos, Shrike-Babblers, and Erpornis","Oscine","NA","No information",NA
"Vireo_solitarius",NA,NA,NA,NA,NA,"NA","NA","NA","NA","NA","Blue-headed Vireo","Passeriformes","Vireonidae","Vireos, Shrike-Babblers, and Erpornis","Oscine","NA","Not known to occur",NA
"Wilsonia_canadensis",NA,NA,NA,NA,NA,"3","1","Passeriformes","Parulidae","0","Canada Warbler","Passeriformes","Parulidae","New World Warblers","Oscine","NA","One instance of a female and male feeding at the nest that were not social members of the nests they visited (Goodnow et al. unpubl. data).",NA
"Wilsonia_citrina",NA,NA,NA,NA,NA,"NA","NA","NA","NA","NA","Hooded Warbler","Passeriformes","Parulidae","New World Warblers","Oscine","NA","One case of a second male feeding young at the nest of a pair (Tarof and Stutchbury 1996). This male also responded to simulated territorial intrusion, however not as aggressively as the primary mate.",NA
"Wilsonia_pusilla",NA,NA,NA,NA,NA,"NA","NA","NA","NA","NA","Wilson's Warbler","Passeriformes","Parulidae","New World Warblers","Oscine","NA","None reported. High rate of extra-pair paternity (EPP: 53%) in n. Colorado site (R. Bereson, J. Rhymer, and R. Fleischer unpubl.) suggests possibility of cooperative breeding. (See example of cooperative breeding in population of congener Hooded Warbler, where EPP rate 40%; Tarof and Stutchbury 1996 .)",NA
"Zonotrichia_albicollis",NA,NA,NA,NA,NA,"NA","NA","NA","NA","NA","White-throated Sparrow","Passeriformes","Passerellidae","New World Sparrows","Oscine","NA","Not known to occur",NA
"Zonotrichia_leucophrys",NA,NA,NA,NA,NA,"NA","NA","NA","NA","NA","White-crowned Sparrow","Passeriformes","Passerellidae","New World Sparrows","Oscine","NA","Not known to occur",NA
