SpeciesScientific.BOW,CommonName,Order,Family,CommonFamily,oscine,Cooperative.BOW,BOW.Quote
Accipiter_cooperii,Cooper's Hawk,Accipitriformes,Accipitridae,"Hawks, Eagles, and Kites",Nonpasserine,NA,Not known to occur
Actitis_macularius,Spotted Sandpiper,Charadriiformes,Scolopacidae,Sandpipers and Allies,Nonpasserine,NA,"Does not occur. However, both breeding and nonbreeding neighbors may join in alarm and distraction in vicinity of newly hatched chicks."
Aegithalos_caudatus,Long-tailed Tit,Passeriformes,Aegithalidae,Long-tailed Tits,Oscine,1,"Co-operative breeding common; up to eight helpers recorded at single nest, these often adults from failed breeding attempts (male and female of failed pairs do not help at same nest, and, in cases where relationship established, helper is a sibling of male of breeding pair)"
Aethia_pygmaea,Whiskered Auklet,Charadriiformes,Alcidae,"Auks, Murres, and Puffins",Nonpasserine,0,None
Agelaius_phoeniceus,Red-winged Blackbird,Passeriformes,Icteridae,Troupials and Allies,Oscine,0,None
Alauda_arvensis,Eurasian Skylark,Passeriformes,Alaudidae,Larks,Oscine,NA,Not known to occur
Ammodramus_maritimus,Seaside Sparrow,Passeriformes,Passerellidae,New World Sparrows,Oscine,NA,Not known to occur
Anas_platyrhynchos,Mallard,Anseriformes,Anatidae,"Ducks, Geese, and Waterfowl",Nonpasserine,0,Does not occur in this species.
Anthoscopus_minutus,Southern Penduline-Tit*,Passeriformes,Remizidae,Penduline-Tits,Oscine,1,"Monogamous; often co-operative breeder, with helpers from pair’s previous broods (in a study of several breeding units, eleven were pairs, two trios and one a group of four)"
Athene_cunicularia,Burrowing Owl,Strigiformes,Strigidae,Owls,Nonpasserine,NA,(never observed)
Athene_noctua,Little Owl,Strigiformes,Strigidae,Owls,Nonpasserine,NA,(cared for and fed by both parents for 1 month after.)
Baeolophus_bicolor,Tufted Titmouse,Passeriformes,Paridae,"Tits, Chickadees, and Titmice",Oscine,1,"Helpers may aid the breeding pair in raising young (Brackbill 1970b, Tarbell 1983). At one nest, the helper was one of the previous year's offspring of the adult female and a different male (Brackbill 1970b). In another case, the helper was the offspring of the breeding pair from a previous season (Tarbell 1983). Such helping behavior is unusual for parids and has only been reported in two other species, Bridled Titmice (Baeolophus wollweberi; Nocedal and Ficken 1998a) and Black Tits (Parus niger; Brown 1987). There is no information on whether helping affects breeding success of the adult pair."
Bartramia_longicauda,Upland Sandpiper,Charadriiformes,Scolopacidae,Sandpipers and Allies,Nonpasserine,NA,Not known
Branta_canadensis,Canada Goose,Anseriformes,Anatidae,"Ducks, Geese, and Waterfowl",Nonpasserine,NA,"Not known to occur, although in some subspecies, offspring from previous year attentive near nest during incubation."
Bubulcus_ibis,Cattle Egret,Pelecaniformes,Ardeidae,"Herons, Egrets, and Bitterns",Nonpasserine,NA,Not known
Bucephala_islandica,Barrow's Goldeneye,Anseriformes,Anatidae,"Ducks, Geese, and Waterfowl",Nonpasserine,NA,"""never observed"""
Calcarius_lapponicus,Lapland Longspur,Passeriformes,Calcariidae,Longspurs and Snow Buntings,Oscine,0,Does not occur
Calcarius_ornatus,Chestnut-collared Longspur,Passeriformes,Calcariidae,Longspurs and Snow Buntings,Oscine,NA,Notknown
Calcarius_pictus,Smith's Longspur,Passeriformes,Calcariidae,Longspurs and Snow Buntings,Oscine,NA,Not observed
Calidris_maritima,Purple Sandpiper,Charadriiformes,Scolopacidae,Sandpipers and Allies,Nonpasserine,NA,not known to occur
Calidris_mauri,Western Sandpiper,Charadriiformes,Scolopacidae,Sandpipers and Allies,Nonpasserine,NA,never observed
Calocitta_formosa,White-throated Magpie-Jay,Passeriformes,Corvidae,"Crows, Jays, and Magpies",Oscine,1,White-throated magpie-jays are highly social and breed cooperatively.
Cardellina_rubrifrons,Red-faced Warbler,Passeriformes,Parulidae,New World Warblers,Oscine,NA,"Rare, if ever. None observed directly. However, 2 females and 1 male were seen at a brood of begging nestlings (PMB)."
Cardinalis_cardinalis,Northern Cardinal,Passeriformes,Cardinalidae,Cardinals and Allies,Oscine,0,"One report of a juvenile bringing food to nestlings and to adult female at same nest and carrying away “what seemed to be a dropping” (161: 50). Rare reports of 2 adult females incubating at same nest, sometimes simultaneously while facing in opposite directions (158: 206, 162, 148, 163). In 2 such cases, eggs were known to hatch; at 1 nest, both females and male fed nestlings (163). In another case, in which no eggs hatched, the females had different mates, and second female added her eggs and joined first female on nest 7 d after first had begun incubation (162). Hawksley, O., and A. P. McCormack (1951). Doubly-occupied nests of the Eastern Cardinal, Richmondena cardinalis. Auk 68:515-516. Rice, O. O. (1969). Record of female Cardinals sharing nest. Wilson Bulletin 81:216."
Carduelis_flammea,Common Redpoll,Passeriformes,Fringillidae,"Finches, Euphonias, and Allies",Oscine,NA,"In Siberia, extra male helpers at each of 2 nests, though not through entire nesting period Danilov, N. N., V. N. Ryzhanovski, and V. K. Ryabitsev (1984). Ptitsy Yamala (in Russian). Nauka, Moscow, Russia."
Carduelis_tristis,American Goldfinch,Passeriformes,Fringillidae,"Finches, Euphonias, and Allies",Oscine,NA,Not known for this species
Carpodacus_erythrinus,Common Rosefinch,Passeriformes,Fringillidae,"Finches, Euphonias, and Allies",Oscine,1,"Young males sometimes co-operative helpers, assisting in feeding of young. Solitary or loosely colonial"
Carpodacus_mexicanus,House Finch,Passeriformes,Fringillidae,"Finches, Euphonias, and Allies",Oscine,0,"Does not occur. Occasional observations of males feeding begging incubating females that are not their mates. Routine feeding of fledglings by unrelated adults, especially males. Behavior is particularly common at feeders when juveniles beg from adults. Older broods commonly join and 10-15 juveniles beg for food from a single adult male. In w. Montana, close association of two males and a female in some nests (Cole 2002), although only one male fathers and feeds nestlings in such nests."
Centrocercus_urophasianus,Sage Grouse,Galliformes,Phasianidae,"Pheasants, Grouse, and Allies",Nonpasserine,0,None
Charadrius_semipalmatus,Semipalmated Plover,Charadriiformes,Charadriidae,Plovers and Lapwings,Nonpasserine,NA,"One report of 1 female caring for 2 broods; female stayed behind after other females left study area, took care of young, and male took care of second brood (female, male, and chicks were banded; G. LaFontaine pers. comm.)."
Chen_rossii,Ross's Goose,Anseriformes,Anatidae,"Ducks, Geese, and Waterfowl",Nonpasserine,NA,None reported
Chiroxiphia_lanceolata,NA,Passeriformes,Pipridae,Manakins,Suboscine,NA,"In comparison to some of its congenerics, this species’ complex courtship rituals, in which two or more males display cooperatively have been little studied to date."
Cinclus_cinclus,White-throated Dipper,Passeriformes,Cinclidae,Dippers,Oscine,NA,Never reported
Colaptes_auratus,Northern Flicker,Piciformes,Picidae,Woodpeckers,Nonpasserine,NA,never reported
Coragyps_atratus,Black Vulture,Cathartiformes,Cathartidae,New World Vultures,Nonpasserine,NA,not known to occur
Corcorax_melanorhamphos,White-winged Chough,Passeriformes,Corcoracidae,White-winged Chough and Apostlebird,Oscine,1," Co-operative breeder in group  consisting of generally one breeding pair and up to 18 helpers, latter largely offspring of main pair."
Corvus_corone,Carrion Crow,Passeriformes,Corvidae,"Crows, Jays, and Magpies",Oscine,1,"Cooperative breeding has been discovered in a population in N Spain where c. 75% of the breeding territories are held by cohesive groups consisting of 3–9 birds Baglione, V., Marcos, J.M. and Canestrari, D. (2002). Cooperatively breeding groups of Carrion Crow (Corvus corone corone) in northern Spain. Auk. 119(3): 790–799."
Cygnus_columbianus,Tundra Swan,Anseriformes,Anatidae,"Ducks, Geese, and Waterfowl",Nonpasserine,NA,not known to occur
Dendroica_caerulescens,Black-throated Blue Warbler,Passeriformes,Parulidae,New World Warblers,Oscine,NA,Not known
Dendroica_cerulea,Cerulean Warbler,Passeriformes,Parulidae,New World Warblers,Oscine,NA,Not known in this species
Dendroica_pensylvanica,Chestnut-sided Warbler,Passeriformes,Parulidae,New World Warblers,Oscine,NA,Unknown in this species
Dolichonyx_oryzivorus,Bobolink,Passeriformes,Icteridae,Troupials and Allies,Oscine,NA,"At four nests in New York, more than two adult Bobolinks fed nestlings (Beason and Trout 1984, Bollinger et al. 1986). Two instances of this phenomenon involving multiple adults in Wisconsin (Martin 1971b). Electrophoretic analyses of adults and nestlings at nest in New York indicated possibility that both feeding males may have sired nestlings or that one male may have been previous year's offspring of one or both of other adults (Bollinger et al. 1986). SGM recorded feeding schedule data at nest with young fed by two Bobolinks and a female Eastern Meadowlark that had lost her brood to predator."
Dumetella_carolinensis,Grey Catbird,Passeriformes,Mimidae,Mockingbirds and Thrashers,Oscine,NA,Nothing repoted
Empidonax_minimus,Least Flycatcher,Passeriformes,Tyrannidae,Tyrant Flycatchers,Suboscine,NA,No specific information available for this species
Empidonax_traillii,Willow Flycatcher,Passeriformes,Tyrannidae,Tyrant Flycatchers,Suboscine,NA,Not known to occur
Empidonax_virescens,Acadian Flycatcher,Passeriformes,Tyrannidae,Tyrant Flycatchers,Suboscine,NA,Not observed
Falco_columbarius,Merlin,Falconiformes,Falconidae,Falcons and Caracaras,Nonpasserine,1,"Nest helpers (unrelated individuals, mostly yearling males) recorded (James and Oliphant 1986, Sodhi 1991d). Participate in nest defense and food transfers.James, P. C. and L. W. Oliphant. (1986). Extra birds and helpers at the nests of Richardson's Merlin. Condor 88:533-534."
Falco_peregrinus,Peregrine Falcon,Falconiformes,Falconidae,Falcons and Caracaras,Nonpasserine,0,"Rare under normal population structure. Two females at Reelfoot Lake, TN, reported to incubate same clutch alternately Spofford, W. R. (1947a). A successful nesting of a Peregrine Falcon with three adults present. Migrant 18:49-51."
Falco_sparverius,American Kestrel,Falconiformes,Falconidae,Falcons and Caracaras,Nonpasserine,NA,Not reported
Fratercula_arctica,Atlantic Puffin,Charadriiformes,Alcidae,"Auks, Murres, and Puffins",Nonpasserine,NA,Not known to occur
Fulmarus_glacialis,Northern Fulmar,Procellariiformes,Procellariidae,Shearwaters and Petrels,Nonpasserine,NA,Not known to occur
Gavia_immer,Common Loon,Gaviiformes,Gaviidae,Loons,Nonpasserine,NA,"Very rare. Three cases in Wisconsin (1) and Michigan (2) where three adults (2 males and 1 female) cared for chicks (< 6 weeks). In each case, care of chicks by the males appeared to be divided by night vs. day"
Geothlypis_trichas,Common Yellowthroat,Passeriformes,Parulidae,New World Warblers,Oscine,NA,None reported
Habia_fuscicauda,redthroated ant-tanagers,Passeriformes,Cardinalidae,Cardinals and Allies,Oscine,1,"Females only incubate and brood the young, but both males and females bring food to the nestlings. Group members help during nesting. During nest building, group members only follow the nest building female around the territory, although Willis (1961) observed one non-reproductive individual carrying material to the nest. Helpers contribute with nest defense and feeding nestlings; helpers start feeding nestlings on day 5 after hatching and, on average, they make 4.5% (18 of the 397) of the total feeding trips (Willis 1961)."
Hirundo_rustica,Barn Swallow,Passeriformes,Hirundinidae,Swallows,Oscine,1,"Nests often attract the attention of extra adults that associate with a pair for up to an entire breeding season; these extra birds are sometimes tolerated and occasionally lead to polygyny (217). In New York, extra birds were predominantly males (219, 325), whereas in Washington, extra birds were yearling females (217). Extra adults contribute relatively little to feeding young, but they are known to mob predators and assist in nest-building, incubation, and brooding young (219, 325, 217). Extra adults may be using nest attendance as a breeding strategy either to replace one pair member should something happen to it (217) or to commit sexually selected infanticide (219, 325), providing an opportunity for males to take over the breeding female (see Behavior: Sexual Behavior). Nests that are attended by helpers often are ones occupied by older females (325), consistent with the interpretation that male attendants are trying to secure high-quality females as mates."
Hylocichla_mustelina,Wood Thrush,Passeriformes,Turdidae,Thrushes and Allies,Oscine,NA,Not known
Icteria_virens,Yellow-breasted Chat,Passeriformes,Icteriidae,Yellow-breasted Chat,Oscine,NA,Never observed
Icterus_galbula,Baltimore Oriole,Passeriformes,Icteridae,Troupials and Allies,Oscine,NA,Not known to occur
Junco_hyemalis,Dark-eyed Junco,Passeriformes,Passerellidae,New World Sparrows,Oscine,0,Does not occur
Lagopus_lagopus,Willow Ptarmigan,Galliformes,Phasianidae,"Pheasants, Grouse, and Allies",Nonpasserine,0,None
Lagopus_leucura,White-tailed Ptarmigan,Galliformes,Phasianidae,"Pheasants, Grouse, and Allies",Nonpasserine,0,None
Lanius_ludovicianus,Loggerhead Shrike,Passeriformes,Laniidae,Shrikes,Oscine,NA,None reported
Larus_argentatus,Herring Gull,Charadriiformes,Laridae,"Gulls, Terns, and Skimmers",Nonpasserine,NA,"Trios (1 male, 2 females) have been reported in Great Lakes colonies; all three birds incubated eggs, and brooded and fed offspring (Shugart 1980). Trios comprised about 0.8% of nesting associations at colonies in northeastern Lake Michigan in 1978-81 (Fitch and Shugart 1983), but have not been reported elsewhere. Birds in trios usually remained together in successive years. Trios had lower hatching success and lower productivity than male-female pairs"
Larus_occidentalis,Western Gull,Charadriiformes,Laridae,"Gulls, Terns, and Skimmers",Nonpasserine,NA,"Not known to occur. Female–female pairs observed, but alone, not associated with male Hunt, Jr., G. L. and M. W. Hunt. (1977). Female-female pairing in Western Gulls (Larus occidentalis) in southern California. Science 196:1466-1467. Pierotti, R. (1981b). Male and female parental roles in the Western Gull under different environmental conditions. Auk 98:532-549."
Loxia_curvirostra,Red Crossbill,Passeriformes,Fringillidae,"Finches, Euphonias, and Allies",Oscine,NA,Not know for this species
Loxioides_bailleui,Palila,Passeriformes,Fringillidae,"Finches, Euphonias, and Allies",Oscine,1,"Helpers, typically adult males, play several roles at Palila nests (Van Riper III 1980a, Pratt et al. 1997a, Miller 1998, USGS unpubl.). They have been observed defending nests and feeding nesting females, nestlings, and fledglings (13 cases summarized in Miller 1998). W"
Luscinia_svecica,Bluethroat,Passeriformes,Muscicapidae,Old World Flycatchers,Oscine,NA,Not reported
Megascops_asio,Eastern Screech-Owl,Strigiformes,Strigidae,Owls,Nonpasserine,NA,One observation of a rehabilitated male helping a wild pair feed chicks (Smith and Hiestand 1990
Melospiza_georgiana,Swamp Sparrow,Passeriformes,Passerellidae,New World Sparrows,Oscine,NA,Not known to occur
Melospiza_melodia,Song Sparrow,Passeriformes,Passerellidae,New World Sparrows,Oscine,NA,"Not observed, despite strong natal philopatry in each sex in some populations (Arcese 1989a). Possibility that related neighbors less aggressive merits study."
Merops_bullockoides,White-fronted Bee-eater,Coraciiformes,Meropidae,Bee-eaters,Nonpasserine,1,"essentially monogamous, most pairs staying together for life, taking on helpers in some years or themselves helping to rear close relatives’ young in others; during its lifetime, individual can change roles between breeding and helping several times; colonies  generally of 10–20 nests attended by 30–80 birds, some of up to 450 birds; 60% of breeding pairs have 1–5 helpers, these being yearlings or experienced past breeders, which help with excavation, incubation, brood-feeding, and defence of nest and feeding territory; 3–4 pairs with helpers comprise a clan, members of which are related and freely visit each other’s burrows, but repel attempts by non-members to enter burrows; 2 populations studied at Nakuru, Kenya, comprised c. 400 birds in 60 clans at 100 active nests; males preponderate, and most helpers are male"
Mimus_polyglottos,Northern Mockingbird,Passeriformes,Mimidae,Mockingbirds and Thrashers,Oscine,NA,"Not known to occur in Northern Mockingbird, but reported in the Galápagos Mockingbird (Nesomimus parvulus, a close relative; Curry and Grant 1989) and in the Tropical Mockingbird (Mimus gilvus; Morton et al. 2004). Curry, R. L. and P. R. Grant. (1989). Demography of the cooperatively breeding Galápagos Mockingbird, Nesomimus parvulus, in a climatically variable environment. Journal of Animal Ecology 58:441-463."
Molothrus_ater,Brown-headed Cowbird,Passeriformes,Icteridae,Troupials and Allies,Oscine,NA,Not known to occur
Oceanodroma_leucorhoa,Leach's Storm-petrel,Procellariiformes,Hydrobatidae,Northern Storm-Petrels,Nonpasserine,NA,"Not known to occur. Invariably single egg (see Mass). Rare occurrence of 2 eggs in single burrow suggests possibility of egg dumping or nest sharing and probably indicates tolerance between females, possibly between males, but intraspecific brood parasitism and cooperation seem unlikely (CEH, RGB). Could also represent inexperienced breeders, as seen in albatross (181). Both eggs never known to hatch."
Oenanthe_oenanthe,Northern Wheatear,Passeriformes,Muscicapidae,Old World Flycatchers,Oscine,0,"Occurs rarely, if at all. One report from Greenland of a second male and a juvenile from the first brood feeding nestlings of a second brood (75, 98, 32).Nicholson, E. M. (1930a). Field notes on Greenland birds. Ibis 6:399-401.Axell, H. E. (1954). The Wheatear at Dungeness. Bird Notes 26:38-41.Sutton, G. M. and D. F. Parmelee. (1954a). Nesting of the Greenland Wheatear on Baffin Island. Condor 56:295-306."
Oporornis_formosus,Kentucky Warbler,Passeriformes,Parulidae,New World Warblers,Oscine,NA,Not known
Otus_elegans,NA,Strigiformes,Strigidae,Owls,Nonpasserine,NA,
Otus_flammeolus,Flammulated Owl,Strigiformes,Strigidae,Owls,Nonpasserine,NA,No documentation. Observations at nests in Colorado suggest presence of occasional helpers in years when prey abundance is relatively low (BDL unpubl. data.).
Parus_atricapillus,Black-capped Chickadee,Passeriformes,Paridae,"Tits, Chickadees, and Titmice",Oscine,NA,Not observed
Parus_carolinensis,Carolina Chickadee,Passeriformes,Paridae,"Tits, Chickadees, and Titmice",Oscine,NA,"No definitive reports. Two color-banded adult males and 1 female tended same brood of nestlings and fledged young in Carolina/Black-capped hybrid zone population in se. Pennsylvania, possibly following death of mate of one of the males (RLC and K. L. Cornell unpubl.). Species status of individuals involved uncertain, although all 3 adults involved had Carolina mtDNA haplotypes (Cornell 2001)."
Passer_domesticus,House Sparrow,Passeriformes,Passeridae,Old World Sparrows,Oscine,1,Noted in one study only (Sappington 1977); not thoroughly documented. Relationship of helpers to those helped not known. No statistical difference in number of young reared between nests with and without helpers. Five of 221 nests built with helpers; 0 incubation by helpers; 161 of 254 nests with helpers feeding young (making 12.4% of feeding visit
Passer_montanus,Eurasian Tree Sparrow,Passeriformes,Passeridae,Old World Sparrows,Oscine,NA,Not known to occur
Passerculus_sandwichensis,Savannah Sparrow,Passeriformes,Passerellidae,New World Sparrows,Oscine,NA,"Not known to occur, although young of first brood often remain on natal territory after nestlings from second brood have hatched. In rare cases siblings, returning as yearlings, establish territories adjacent to each other but no cooperative behavior, despite evidence of kin recognition (Wheelwright and Mauck 1998, Wheelwright et al. 2006)."
Passerina_caerulea,Blue Grosbeak,Passeriformes,Cardinalidae,Cardinals and Allies,Oscine,NA,Not known to occur
Passerina_cyanea,Indigo Bunting,Passeriformes,Cardinalidae,Cardinals and Allies,Oscine,NA,"Not observed. Fledglings from one brood sometimes remain on territory when parents rear a second brood. No observations of young helping at the later nest. In cases when first-year birds return to establish territories near their natal territory, no observations of cooperative behavior between these birds and their older relatives. Neighboring males that share song themes do not cooperate (in contrast, they countersing and chase each other), yet song activity in neighborhoods may attract other males and females to mate."
Perisoreus_canadensis,Grey Jay,Passeriformes,Corvidae,"Crows, Jays, and Magpies",Oscine,0,"Although ca. 20% of Canada Jay pairs studied in Quebec and Ontario have an associated nonbreeder on their territories at the onset of breeding and ca. 65% of these are the pair's own offspring from the previous breeding season, the nonbreeders do not feed the current year's nestlings and the breeders energetically drive them away if they approach the nest. Starting immediately after the nestlings fledge, however, adults relax this vigilance and on intensively observed territories in Ontario and Quebec some non-breeders have accounted for over 30% of all observed feedings of the young (189, 190). Proposed explanation for this pattern holds that, compared to other jays, Canada Jays are particularly vulnerable to nest predators because they have poorer defensive abilities (being smaller and generally having only one extra group member, if any). In such a species, suppression of allofeeding, along with a smaller than expected clutch size and a very low provisioning rate by the adults (achieved by bringing largest possible loads at the consequently minimum possible frequency), may reduce predator-attracting visits to the nest and thus contribute to higher breeding success (166, 191). Strickland, D. and T. A. Waite. (2001). Does initial suppression of allofeeding in small jays help to conceal their nests? Canadian Journal of Zoology 79 (12):2128-2146. Strickland, D. (2003). Ontario Gray Jays help on the world stage: Part 2. Ontario Birds 21 (1):15-22."
Perisoreus_infaustus,Siberian Jay,Passeriformes,Corvidae,"Crows, Jays, and Magpies",Oscine,1,"Breeds late Mar to May. Monogamous, with lifelong pair-bond. Solitary nester, but additional bird sometimes present with pair and may help with incubation or brood-feeding (such helpers probably relatives and young birds from previous breeding season);"
Petrochelidon_pyrrhonota,NA,Passeriformes,Hirundinidae,Swallows,Oscine,0,Does not occur. Reports of 3 birds tending a single nest (Bent 1942b) are likely erroneous.
Phainopepla_nitens,Phainopepla,Passeriformes,Ptiliogonatidae,Silky-flycatchers,Oscine,NA,Not observed
Phalacrocorax_carbo,Great Cormorant,Suliformes,Phalacrocoracidae,Cormorants and Shags,Nonpasserine,NA,Not reported
Phalaropus_fulicarius,Red Phalarope,Charadriiformes,Scolopacidae,Sandpipers and Allies,Nonpasserine,NA,Not reported or suspected
Phalaropus_lobatus,Red-necked Phalarope,Charadriiformes,Scolopacidae,Sandpipers and Allies,Nonpasserine,NA,None reported or suspected; solitary males incubate and accompany precocial young.
Philetairus_socius,Sociable Weaver,Passeriformes,Ploceidae,Weavers and Allies,Oscine,1,"Often breeds co-operatively, with up to nine helpers (both adults and young), these most often related to young in nest at which they help; those still helping when older than 1 year are always males (artificial provision of extra food at a colony promoted earlier breeding, with more independent breeding pairs and fewer birds as helpers). Colonial breeder; up to several hundred individuals at a single nest."
Phoeniculus_purpureus,Green Woodhoopoe,Bucerotiformes,Phoeniculidae,Woodhoopoes and Scimitarbills,Nonpasserine,1,"Co-operative breeder, typically in small to medium-sized groups with helpers (numbering 1–10 birds) (2), despite that presence of helpers does not appear to positively impact on survival of breeding adults (9)Fry, C. H., S. Keith, and E. K. Urban, Editors (1988). The Birds of Africa. Volume 3. Academic Press, London & San Diego. du Plessis, M.A. and Williams, J.B. (1994). Communal cavity roosting in Green Woodhoopoes: consequences for energy expenditure and the seasonal pattern of mortality. Auk. 111(2): 292-299."
Pica_hudsonia,Black-billed Magpie,Passeriformes,Corvidae,"Crows, Jays, and Magpies",Oscine,NA,Not known to occur
Pica_pica,Black-billed Magpie,Passeriformes,Corvidae,"Crows, Jays, and Magpies",Oscine,NA,Not known to occur
Pipilo_crissalis,California Towhee,Passeriformes,Passerellidae,New World Sparrows,Oscine,NA,Not reported
Pipilo_maculatus,NA,Passeriformes,Passerellidae,New World Sparrows,Oscine,0,None
Piranga_olivacea,Scarlet Tanager,Passeriformes,Cardinalidae,Cardinals and Allies,Oscine,NA,Not reported
Plectrophenax_nivalis,Snow Bunting,Passeriformes,Calcariidae,Longspurs and Snow Buntings,Oscine,0,Does not occur
Pluvialis_dominica,American Golden Plover,Charadriiformes,Charadriidae,Plovers and Lapwings,Nonpasserine,NA,Never observed
Porphyrio_hochstetteri,Takahe,Gruiformes,Rallidae,"Rails, Gallinules, and Coots",Nonpasserine,1,"Breeds in family groups; juveniles sometimes ejected, but first-year birds may assist with incubation and care of young; multiple male helpers reported in captivity."
Progne_subis,Purple Martin,Passeriformes,Hirundinidae,Swallows,Oscine,0,"Does not occur. In rare instances, a bird that loses its mate during nesting is joined by a replacement, and in one case a male replacement helped care for the young (Brown 1983a)."
Pyrocephalus_rubinus,Vermilion Flycatcher,Passeriformes,Tyrannidae,Tyrant Flycatchers,Suboscine,NA,Not known to occur
Quiscalus_mexicanus,Great-tailed Grackle,Passeriformes,Icteridae,Troupials and Allies,Oscine,NA,Not reported
Riparia_riparia,Sand Martin,Passeriformes,Hirundinidae,Swallows,Oscine,NA,Not known to occur
Rissa_tridactyla,Black-legged Kittiwake,Charadriiformes,Laridae,"Gulls, Terns, and Skimmers",Nonpasserine,NA,Not known to occur
Sayornis_nigricans,Black Phoebe,Passeriformes,Tyrannidae,Tyrant Flycatchers,Suboscine,NA,Not known to occur.
Sayornis_phoebe,NA,Passeriformes,Tyrannidae,Tyrant Flycatchers,Suboscine,NA,Not known to occur
Setophaga_ruticilla,American Redstart,Passeriformes,Parulidae,New World Warblers,Oscine,NA,Not described
Sialia_currucoides,Mountain Bluebird,Passeriformes,Turdidae,Thrushes and Allies,Oscine,0,"Mills (316) reported an instance of three juveniles, thought to be from the parents’ first brood (these individuals, however, were not marked), helping to feed the parents’ second brood. E. L. O’Brien (unpublished observations) captured a banded female juvenile from a first brood feeding the offspring of her parents’ second brood in central British Columbia. G.R. Ryder (in 238) reported two pairs of adults present at a nest in British Columbia. Both females fed the young, but one of the males did not and was repeatedly chased away by the other male. 316Mills, E. A. (1931). Bird memories of the Rockies. Houghton Mifflin, Boston, MA, USA.) Cannings, R. A., R. J. Cannings, and S. G. Cannings (1987). Birds of the Okanagan Valley, British Columbia. Royal British Columbia Museum, Victoria, BC, Canada."
Sialia_sialis,Eastern Bluebird,Passeriformes,Turdidae,Thrushes and Allies,Oscine,NA,"In contrast to Western Bluebirds, Eastern Bluebirds rarely have helpers. In joint nesting, 2 females lay 2 clutches of eggs synchronously in the same nest, then incubate synchronously and sequentially, and cooperate with a male in feeding nestlings and fledglings. In S. Carolina, 5 of 4,299 nesting attempts in field seasons 1977–1991 were joint nesting ventures; 2 of these 5 attempts were by the same previously known and banded females, so it was reliably inferred that these jointly-nesting females were mother and daughter (PAG, JHP). Juvenile helpers are rare; almost all reports are of juveniles entering nesting cavities when adults are feeding later broods (Pinkowski 1975d)—something documented on video films twice by PAG and JHP. Adult helpers seen occasionally and irregularly (Pinkowski 1976d, PAG), usually second-year son of current breeders."
Spiza_americana,Dickcissel,Passeriformes,Cardinalidae,Cardinals and Allies,Oscine,NA,None Reported
Spizella_pusilla,Field Sparrow,Passeriformes,Passerellidae,New World Sparrows,Oscine,NA,Not observed
Steganopus_tricolor,Wilson's Phalarope,Charadriiformes,Scolopacidae,Sandpipers and Allies,Nonpasserine,NA,Not reported.
Sterna_caspia,Caspian Tern,Charadriiformes,Laridae,"Gulls, Terns, and Skimmers",Nonpasserine,NA,No evidence that cooperative breeding occurs in this species.
Sterna_hirundo,Common Tern,Charadriiformes,Laridae,"Gulls, Terns, and Skimmers",Nonpasserine,NA,"Cooperative breeding is apparently rare (< 0.1%), but is likely to be under-reported because it requires detailed observation. Several male-female-female trios were detected at Bermuda in a period when the sex ratio was strongly female-biased (see Behavior: Mating System and Sex Ratio). One male-male-female trio has been reported in Germany (Ludwigs 2004). Otherwise, cooperative breeding has not been investigated at the sites where supernormal clutches are most frequent (see Eggs: Clutch Size, above)."
Stipiturus_malachurus,Southern Emuwren,Passeriformes,Maluridae,Fairywrens,Oscine,1,"Breeds as a pair; territorial; male helpers present with 8% of pairs. Nest built by female, fed by male during 10-day construction period; a domed oval with side entrance, more spherical than Malurus nests, loosely woven from grass and moss, lined with fine grass, plant down and feathers or fur, placed in dense shrub or grass tussock. Clutch 2–4 eggs, mainly 3; incubation by female, period 13–14 days; chicks fed by both parents (and helpers), leave nest at 11–15 days;"
Sturnus_vulgaris,Common Starling,Passeriformes,Sturnidae,Starlings,Oscine,0,"Communal or cooperative breeding has occasionally been reported (see references in Kessel 1957), but this behavior is believed to be aberrant."
Sula_sula,Red-footed Booby,Suliformes,Sulidae,Boobies and Gannets,Nonpasserine,NA,None reported
Sylvia_atricapilla,Blackcap,Passeriformes,Sylviidae,"Sylviid Warblers, Parrotbills, and Allies",Oscine,0,"Monogamous, with rare reports of bigamy and of single helpers at nest; territorial"
Tachycineta_bicolor,Tree Swallow,Passeriformes,Hirundinidae,Swallows,Oscine,0,"True helping does not occur in this species (Lombardo 1986b): investigatory visits may have been misinterpreted as helping (e.g. Wetherbee 1933). Rarely, apparent “helping” behavior may result when multiple females attempt to breed in same box (Rendell 1992). Only one confirmed case (by RRC) in which two males were delivering food to the same nestlings."
Thamnophilus_atrinucha,NA,Passeriformes,Thamnophilidae,Typical Antbirds,Suboscine,1,"Fledglings have been observed helping build nests (Tarwater 2006). This appears to be more beneficial for offspring in terms of learning rather than helping parents. The fledglings collected nest material and in some cases they put the nesting material on the nest (but did not actually weave the material into the nest) and in other cases they dropped the nesting material while trying to fly with it. Older fledglings, which have developed the ability to sing, will help defend the natal territory with their parents (Tarwater 2006)."
Thryothorus_ludovicianus,Carolina Wren,Passeriformes,Troglodytidae,Wrens,Oscine,NA,Not reported in species
Troglodytes_aedon,House Wren,Passeriformes,Troglodytidae,Wrens,Oscine,0,"Extremely rare if not absent in most temperate populations. One report from California of a juvenile from a first brood helping its father (and possibly mother; she was unmarked) feed young of a second brood in the same season (275. Second report from Kansas of a juvenile of unknown origin feeding young and removing a fecal sac from a nest at least one time (Timson and Farley 2003). Helpers-at-the-nest also reported in Costa Rica, but not in all nests and such behavior was apparently rare (Skutch 1940, 176, Skutch 1983, Winnett-Murray 1986). Skutch (1983) speculated helping was more likely when young from a previous brood sleep with the mother in the nest while she incubates in a subsequent breeding attempt. In one case in Costa Rica, an individual known not to be the offspring of a resident parents' previous brood attempted to feed young; parents repeatedly attacked that individual (Winnett-Murray 1986: 23)."
Tryngites_subruficollis,Buff-breasted Sandpiper,Charadriiformes,Scolopacidae,Sandpipers and Allies,Nonpasserine,NA,Not known to occur
Turdus_migratorius,American Robin,Passeriformes,Turdidae,Thrushes and Allies,Oscine,0,None
Tyrannus_forficatus,Scissor-tailed Flycatcher,Passeriformes,Tyrannidae,Tyrant Flycatchers,Suboscine,NA,No evidence of cooperative breeding
Tyrannus_tyrannus,Eastern Kingbird,Passeriformes,Tyrannidae,Tyrant Flycatchers,Suboscine,0,"Does not occur (17, MTM). Trios of adults occasionally form, but are rarely stable; a trio in New York remained together from early in nestling period to > 1 mo after young had fledged (MTM). The fate of the third bird in next year was determined in 2 of 3 cases in which the third bird was banded and sex determined. In one case, a female returned to breed on territory where she was seen in previous year (former male and female occupants of territory failed to return). In the other case, a male established residence on adjacent territory in following year. Third birds in trios probably represent birds prospecting for a breeding site in the next year. One case of incest is known: an experienced female (> 9 yr old) bred with a son raised in previous year (MTM).  Smith, W. J. (1966d). Communication and relationships in the genus Tyrannus. Publications of the Nuttall Ornithological Club 6:1-250."
Uria_aalge,Common Guillemot,Charadriiformes,Alcidae,"Auks, Murres, and Puffins",Nonpasserine,NA,Not known to occur
Uria_lomvia,Thick-billed Murre,Charadriiformes,Alcidae,"Auks, Murres, and Puffins",Nonpasserine,NA,"Not reported. Intermittent brooding of chicks by neighbors common. Occasional full adoption of chicks occurs after chick falls from 1 ledge to another (Gaston et al. 1995). Brooding and feeding of chicks by nonparents probably constitutes misdirected parental care (see Egg-laying: incidence of egg-stealing, adoption of chicks, above).Gaston, A. J., C. Eberl, M. Hipfner and K. Lefevre. (1995). Adoption of chicks among Thick-billed Murres. Auk 112:508-510."
Vermivora_chrysoptera,Golden-winged Warbler,Passeriformes,Parulidae,New World Warblers,Oscine,NA,Not known to occur
Vireo_griseus,White-eyed Vireo,Passeriformes,Vireonidae,"Vireos, Shrike-Babblers, and Erpornis",Oscine,NA,Not known
Vireo_olivaceus,Red-eyed Vireo,Passeriformes,Vireonidae,"Vireos, Shrike-Babblers, and Erpornis",Oscine,NA,No information
Vireo_solitarius,Blue-headed Vireo,Passeriformes,Vireonidae,"Vireos, Shrike-Babblers, and Erpornis",Oscine,NA,Not known to occur
Wilsonia_canadensis,Canada Warbler,Passeriformes,Parulidae,New World Warblers,Oscine,NA,One instance of a female and male feeding at the nest that were not social members of the nests they visited (Goodnow et al. unpubl. data).
Wilsonia_citrina,Hooded Warbler,Passeriformes,Parulidae,New World Warblers,Oscine,NA,"One case of a second male feeding young at the nest of a pair (Tarof and Stutchbury 1996). This male also responded to simulated territorial intrusion, however not as aggressively as the primary mate."
Wilsonia_pusilla,Wilson's Warbler,Passeriformes,Parulidae,New World Warblers,Oscine,NA,"None reported. High rate of extra-pair paternity (EPP: 53%) in n. Colorado site (R. Bereson, J. Rhymer, and R. Fleischer unpubl.) suggests possibility of cooperative breeding. (See example of cooperative breeding in population of congener Hooded Warbler, where EPP rate 40%; Tarof and Stutchbury 1996 .)"
Zonotrichia_albicollis,White-throated Sparrow,Passeriformes,Passerellidae,New World Sparrows,Oscine,NA,Not known to occur
Zonotrichia_leucophrys,White-crowned Sparrow,Passeriformes,Passerellidae,New World Sparrows,Oscine,NA,Not known to occur