"","tempfile","OphiladelphiaSyllrep","OphiladelphiaSyllsong","OphiladelphiaSongrep","VruficapillaSyllrep","VruficapillaSyllsong","VruficapillaSongrep","V8"
"temprow","2021-08-18_working_coop_breed.csv","column not present","column not present","column not present","column not present","column not present","column not present","0"
"temprow.1","2021-08-18CoopSong_AnyCoopEqualsCoop_NatCommsSubset.csv",NA,"2.4","1.5",NA,NA,"1","3"
"temprow.2","2021-08-18CoopSong_MeanCoop_NatCommsSubset.csv",NA,"2.4","1.5",NA,NA,"1","3"
"temprow.3","2022-03-07_working_coop_breed.csv","column not present","column not present","column not present","column not present","column not present","column not present","0"
"temprow.4","2022-03-07CoopSong_AnyCoopEqualsCoop_All.csv",NA,"2.4","1.5",NA,NA,"1","3"
"temprow.5","2022-03-07CoopSong_AnyCoopEqualsCoop_NatCommsSubset.csv",NA,"2.4","1.5",NA,NA,"1","3"
"temprow.6","2022-03-08_working_coop_breed.csv","column not present","column not present","column not present","column not present","column not present","column not present","0"
"temprow.7","2022-03-08CoopSong_AnyCoopEqualsCoop_All.csv",NA,"2.4","1.5",NA,NA,"1","3"
"temprow.8","2022-03-08CoopSong_MeanCoop_All.csv",NA,"2.4","1.5",NA,NA,"1","3"
"temprow.9","2022-03-09_working_coop_breed.csv","column not present","column not present","column not present","column not present","column not present","column not present","0"
"temprow.10","2022-03-09CoopSong__All_preJetzCorrection.csv",NA,"2.4","1.5",NA,NA,"1","3"
"temprow.11","2022-03-10_working_coop_breed.csv","column not present","column not present","column not present","column not present","column not present","column not present","0"
"temprow.12","2022-03-10CoopSong__All.csv",NA,"2.4","1.5",NA,NA,"1","3"
"temprow.13","2022-03-10CoopSong_All.csv",NA,"2.4","1.5",NA,NA,"1","3"
"temprow.14","2023-05-04_Female Song Data_GSheetDownload.csv","column not present","column not present","column not present","column not present","column not present","column not present","0"
"temprow.15","2023-05-07_Female Song Data_GSheetDownload.csv","column not present","column not present","column not present","column not present","column not present","column not present","0"
"temprow.16","2023-05-08_Female Song Data_GSheetDownload.csv","column not present","column not present","column not present","column not present","column not present","column not present","0"
"temprow.17","2023-05-21_Female Song Data_GSheetDownload.csv","column not present","column not present","column not present","column not present","column not present","column not present","0"
"temprow.18","2023-05-30_Aggregate_Source_Data_AllColumns.csv","2.4","2.4","1","2.7","2.7","1","0"
"temprow.19","2023-05-30_CoopSongFS_RColumns.csv",NA,"2.4","1.5",NA,NA,"1","3"
"temprow.20","2023-05-30_Female Song Data_GSheetDownload.csv","column not present","column not present","column not present","column not present","column not present","column not present","0"
"temprow.21","2023-05-30_working_coop_breed.csv","column not present","column not present","column not present","column not present","column not present","column not present","0"
"temprow.22","2023-05-30CoopSong_All.csv",NA,"2.4","1.5",NA,NA,"1","3"
"temprow.23","2023-06-01_CoopSongFS_RColumns.csv",NA,"2.4","1.5",NA,NA,"1","3"
"temprow.24","2023-06-13_Aggregate_Source_Data_AllColumns_WithNonBirdtreeSpecies.csv","2.4","2.4","1","2.7","2.7","1","0"
"temprow.25","2023-06-13_Aggregate_Source_Data_AllColumns.csv","2.4","2.4","1","2.7","2.7","1","0"
"temprow.26","2023-06-14_Aggregate_Source_Data_AllColumns.csv","2.4","2.4","1","2.7","2.7","1","0"
"temprow.27","2023-06-14_CoopSongFS_AllColumns.csv","column not present","column not present","column not present","column not present","column not present","column not present","0"
"temprow.28","2023-06-14_CoopSongFS_AllSourceColumns.csv","2.4","2.4","1","2.7","2.7","1","0"
"temprow.29","2023-06-14_CoopSongFS_RColumns.csv","2.4","2.4","1","2.7","2.7","1","0"
"temprow.30","2023-06-14_Female Song Data_GSheet2023-05-30_addedMikula.csv","column not present","column not present","column not present","column not present","column not present","column not present","0"
"temprow.31","2023-06-14_working_coop_breed.csv","column not present","column not present","column not present","column not present","column not present","column not present","0"
"temprow.32","2023-06-14CoopSong_All.csv",NA,"2.4","1.5",NA,NA,"1","3"
"temprow.33","2023-06-16_Aggregate_Source_Data_AllColumns.csv","2.4","2.4","1","2.7","2.7","1","0"
"temprow.34","2023-06-16_Female Song Data_GSheet2023-05-30_addedMikula.csv","column not present","column not present","column not present","column not present","column not present","column not present","0"
"temprow.35","2023-06-16_Female Song Data_GSheetDownload.csv","column not present","column not present","column not present","column not present","column not present","column not present","0"
"temprow.36","2023-06-20_Aggregate_Source_Data_AllCoopBreedColumns.csv","2.4","2.4","1","2.7","2.7","1","0"
"temprow.37","2023-06-20_Female Song Data_GSheetDownload_withHighConfFS01.csv","column not present","column not present","column not present","column not present","column not present","column not present","0"
"temprow.38","2023-06-20_Female Song Data_GSheetDownload.csv","column not present","column not present","column not present","column not present","column not present","column not present","0"
"temprow.39","2023-06-20_working_coop_breed.csv","column not present","column not present","column not present","column not present","column not present","column not present","0"
"temprow.40","2023-06-20CoopSong_All.csv",NA,"2.4","1.5",NA,NA,"1","3"
"temprow.41","2023-09-13_Female Song Data_GSheetDownload_withHighConfFS01.csv","column not present","column not present","column not present","column not present","column not present","column not present","0"
"temprow.42","2023-09-14_Aggregate_CBSource_Data_AllCoopBreedColumns.csv","2.4","2.4","1","2.7","2.7","1","0"
"temprow.43","2023-09-14_CoopBreed-FemaleSong-Song_Data_R.csv",NA,"2.4","1.5",NA,NA,"1","3"
"temprow.44","2023-09-14_working_coop_breed.csv","column not present","column not present","column not present","column not present","column not present","column not present","0"
"temprow.45","2023-09-14CoopSong_All.csv",NA,"2.4","1.5",NA,NA,"1","3"
"temprow.46","2023-10-26_Aggregate_CBSource_Data_AllColumns.csv","2.4","2.4","1","2.7","2.7","1","0"
"temprow.47","2023-10-26_CoopBreed-FemaleSong-Song-Sociality_Data_R.csv",NA,"2.4","1.5",NA,NA,"1","3"
"temprow.48","2023-10-26_CoopBreed-FemaleSong-Song-Sociality01_PasseriformesData_R.csv",NA,"2.4","1.5",NA,NA,"1","3"
"temprow.49","2023-10-26_working_coop_breed.csv","column not present","column not present","column not present","column not present","column not present","column not present","0"
"temprow.50","2023-10-26CoopSong_All.csv",NA,"2.4","1.5",NA,NA,"1","3"
"temprow.51","2023-10-26CoopSong_R.csv",NA,"2.4","1.5",NA,NA,"1","3"
"temprow.52","2024-01-08_CoopBreed-FemaleSong-Song-Sociality01_PasseriformesData_R.csv",NA,"2.4","1.5",NA,NA,"1","3"
"temprow.53","2024-02-23_Aggregate_CBSource_Data_AllColumns.csv","2.4","2.4","1","2.7","2.7","1","0"
"temprow.54","2024-02-24_Aggregate_CBSource_Data_AllColumns.csv","2.4","2.4","1","2.7","2.7","1","0"
"temprow.55","2024-02-24_CoopBreed-FemaleSong-Song-Sociality01_PasseriformesData_HighConfCoopCol_R.csv",NA,"2.4","1.5",NA,NA,"1","3"
"temprow.56","2024-02-24_CoopBreed-FemaleSong-Song-Sociality01_PasseriformesData_R.csv",NA,"2.4","1.5",NA,NA,"1","3"
"temprow.57","2024-02-24_CoopClassesWSourceColumns_HighConfCoopColumn.csv","column not present","column not present","column not present","column not present","column not present","column not present","0"
"temprow.58","2024-02-24_CoopClassesWSourceColumns_R.csv","2.4","2.4","1","2.7","2.7","1","0"
"temprow.59","2024-02-24_CoopClassesWSourceColumns_subsetPasserineSourceDiscrepancy_HighConfColumn.csv","column not present","column not present","column not present","column not present","column not present","column not present","0"
"temprow.60","2024-02-24_CoopClassesWSourceColumns_subsetPasserineSourceDiscrepancy.csv","column not present","column not present","column not present","column not present","column not present","column not present","0"
"temprow.61","2024-02-24_CoopClassesWSourceColumns.csv","column not present","column not present","column not present","column not present","column not present","column not present","0"
"temprow.62","2024-02-24_working_coop_breed.csv","column not present","column not present","column not present","column not present","column not present","column not present","0"
"temprow.63","Aggregate_Source_Data_AllColumns.csv","2.4","2.4","1","2.7","2.7","1","0"
"temprow.64","Aggregate_Source_Data_unifiedCommonNames.csv","column not present","column not present","column not present","column not present","column not present","column not present","0"
"temprow.65","Aggregate_Source_Data.csv","column not present","column not present","column not present","column not present","column not present","column not present","0"
"temprow.66","Austin et al 2021 - Female Song etc.xlsx","column not present","column not present","column not present","column not present","column not present","column not present","0"
"temprow.67","AVONET Supplementary dataset 1.xlsx","column not present","column not present","column not present","column not present","column not present","column not present","0"
"temprow.68","Biagolini_data_BirdTreeNames_nodups.csv","column not present","column not present","column not present","column not present","column not present","column not present","0"
"temprow.69","Biagolini_data_BirdTreeNames.csv","column not present","column not present","column not present","column not present","column not present","column not present","0"
"temprow.70","Biagolini_SuppTable1.csv","column not present","column not present","column not present","column not present","column not present","column not present","0"
"temprow.71","Biagolini_SuppTable1.xlsx","column not present","column not present","column not present","column not present","column not present","column not present","0"
"temprow.72","BOW CB data - merged w species with CB source discrepancies and FSvalue 2024-02-21_kts-added-bow-data.xlsx","column not present","column not present","column not present","column not present","column not present","column not present","0"
"temprow.73","BOW CB data - merged w species with CB source discrepancies and FSvalue 2024-02-21.csv","column not present","column not present","column not present","column not present","column not present","column not present","0"
"temprow.74","BOW CB data - merged w species with CB source discrepancies and SongRepvalue 2024-02-22_kts-added-bow-data.csv","column not present","column not present","column not present","column not present","column not present","column not present","0"
"temprow.75","BOW CB data - merged w species with CB source discrepancies and SongRepvalue 2024-02-22.csv","column not present","column not present","column not present","column not present","column not present","column not present","0"
"temprow.76","BOW Cooperative Breeding Data.csv","column not present","column not present","column not present","column not present","column not present","column not present","0"
"temprow.77","Check song data for V_ruficapilla and O_philadelphia.csv","column not present","column not present","column not present","column not present","column not present","column not present","0"
"temprow.78","Check song data for V_ruficapilla and O_philadelphia2.csv","column not present","column not present","column not present","column not present","column not present","column not present","0"
"temprow.79","Cockburn2006_data_BirdTreeNames_nodups.csv","column not present","column not present","column not present","column not present","column not present","column not present","0"
"temprow.80","Cockburn2006_data_BirdTreeNames.csv","column not present","column not present","column not present","column not present","column not present","column not present","0"
"temprow.81","Cockburn2006_data.csv","column not present","column not present","column not present","column not present","column not present","column not present","0"
"temprow.82","Downing supp table2_kts edited.csv","column not present","column not present","column not present","column not present","column not present","column not present","0"
"temprow.83","Dunn supp data 977sp.csv","column not present","column not present","column not present","column not present","column not present","column not present","0"
"temprow.84","FemaleSong_OdomWebb.csv","column not present","column not present","column not present","column not present","column not present","column not present","0"
"temprow.85","FemaleSong_OdomWebbGaramszegi.csv","column not present","column not present","column not present","column not present","column not present","column not present","0"
"temprow.86","FemaleSongData_OdomEtal2014_PresentAbsentSubset_BirdTreeNames.csv","column not present","column not present","column not present","column not present","column not present","column not present","0"
"temprow.87","FemaleSongData_OdomEtal2014_PresentAbsentSubset.csv","column not present","column not present","column not present","column not present","column not present","column not present","0"
"temprow.88","FemaleSongData_OdomEtal2014_PresentAbsentSubset.xls","column not present","column not present","column not present","column not present","column not present","column not present","0"
"temprow.89","Garamszegi et al 2006 - Appendix 1 - Female Song Data .csv","column not present","column not present","column not present","column not present","column not present","column not present","0"
"temprow.90","Garamszegi et al 2006 - Appendix 1 - Female Song Data .xlsx","column not present","column not present","column not present","column not present","column not present","column not present","0"
"temprow.91","Griesser et al 2023 pnas.csv","column not present","column not present","column not present","column not present","column not present","column not present","0"
"temprow.92","Griesser supp table1.csv","column not present","column not present","column not present","column not present","column not present","column not present","0"
"temprow.93","Griesser2017 matched species names.csv","column not present","column not present","column not present","column not present","column not present","column not present","0"
"temprow.94","Griesser2017_data_matchedCommonNames_eBird.csv","column not present","column not present","column not present","column not present","column not present","column not present","0"
"temprow.95","Griesser2017_data_matchedCommonNames.csv","column not present","column not present","column not present","column not present","column not present","column not present","0"
"temprow.96","Griesser2017_data_matchedCommonNames2.csv","column not present","column not present","column not present","column not present","column not present","column not present","0"
"temprow.97","inconsistent_species_names_BirdTree.csv","column not present","column not present","column not present","column not present","column not present","column not present","0"
"temprow.98","Jetz_data_BirdTreeNames_nodups.csv","column not present","column not present","column not present","column not present","column not present","column not present","0"
"temprow.99","Jetz_data_BirdTreeNames.csv","column not present","column not present","column not present","column not present","column not present","column not present","0"
"temprow.100","Jetz2011_data_clean.csv","column not present","column not present","column not present","column not present","column not present","column not present","0"
"temprow.101","Mikula_data.xlsx","column not present","column not present","column not present","column not present","column not present","column not present","0"
"temprow.102","misspelled_missing_Cockburn_species.csv","column not present","column not present","column not present","column not present","column not present","column not present","0"
"temprow.103","OCPaperData.csv","column not present","column not present","column not present","column not present","column not present","column not present","0"
"temprow.104","OCPaperDataAll (2020_03_04 22_03_48 UTC).csv","species not present","species not present","species not present","species not present","species not present","species not present","0"
"temprow.105","OCPaperDataAll.csv","species not present","species not present","species not present","species not present","species not present","species not present","0"
"temprow.106","plumage_scores_Dale et al 2016.csv","column not present","column not present","column not present","column not present","column not present","column not present","0"
"temprow.107","Price et al 2009 female song and latitude in New World blackbirds.csv","column not present","column not present","column not present","column not present","column not present","column not present","0"
"temprow.108","Riehl 2013 supp data columns lines_kts edited.csv","column not present","column not present","column not present","column not present","column not present","column not present","0"
"temprow.109","Riehl 2013 supp data columns lines.csv","column not present","column not present","column not present","column not present","column not present","column not present","0"
"temprow.110","Riehl_data_BirdTreeNames_columnKey.xlsx","column not present","column not present","column not present","column not present","column not present","column not present","0"
"temprow.111","Riehl_data_BirdTreeNames.csv","column not present","column not present","column not present","column not present","column not present","column not present","0"
"temprow.112","RubensteinLovette_data_BirdTreeNames.csv","column not present","column not present","column not present","column not present","column not present","column not present","0"
"temprow.113","RubensteinLovette2007_data_clean.csv","column not present","column not present","column not present","column not present","column not present","column not present","0"
"temprow.114","SongData_R_Update.csv",NA,"2.4","1.5",NA,NA,"1","3"
"temprow.115","SupplementDataRefs_Update.csv","2.4","2.4","1","2.7","2.7","1","0"
"temprow.116","SupplementDataRefs_Update.xlsx","species not present","species not present","species not present","species not present","species not present","species not present","0"
"temprow.117","SupplementDataRefs.xlsx","species not present","species not present","species not present","species not present","species not present","species not present","0"
"temprow.118","Szekely et al 2022 - Supp Data - SexroleEcologyFinal.xlsx","column not present","column not present","column not present","column not present","column not present","column not present","0"
