Latin_binomial,Common name,Taxonomy for Latin binomial & common name,Latin family name (IOC 3.5),Female Song Score,Species used in reconstruction
Gerygone_palpebrosa,Fairy Gerygone,Sibley & Monroe (1990),Acanthizidae,Absent,Yes
Coracina_melanoptera,Black-headed Cuckooshrike,Sibley & Monroe (1990),Campephagidae,Absent,Yes
Coracina_morio,Sulawesi Cicadabird,Sibley & Monroe (1990),Campephagidae,Absent,Yes
Coracina_newtoni,Reunion Cuckooshrike,Sibley & Monroe (1990),Campephagidae,Absent,Yes
Coracina_pectoralis,White-breasted Cuckooshrike,Sibley & Monroe (1990),Campephagidae,Absent,Yes
Cnemophilus_loriae,Loria's bird-of-paradise,Sibley & Monroe (1990),Cnemophilinae,Absent,Yes
Loboparadisea_sericea,Silken satinbird / Yellow-breasted bird-of-paradise,Sibley & Monroe (1990),Cnemophilinae,Absent,Yes
Corvus_frugilegus,Rook,Sibley & Monroe (1990),Corvidae,Absent,Yes
Nucifraga_caryocatactes,Spotted Nutcracker,Sibley & Monroe (1990),Corvidae,Absent,Yes
Mohoua_albicilla,Whitehead,Sibley & Monroe (1990),Incertae,Absent,Yes
Mohoua_ochrocephala,Yellowhead,Sibley & Monroe (1990),Incertae,Absent,Yes
Lanius_bucephalus,Bull-headed Shrike,Sibley & Monroe (1990),Laniidae,Absent,Yes
Lanius_collurio,Red-backed Shrike,Sibley & Monroe (1990),Laniidae,Absent,Yes
Lanius_cristatus,Brown Shrike,Sibley & Monroe (1990),Laniidae,Absent,Yes
Lanius_isabellinus,Rufous-tailed Shrike,Sibley & Monroe (1990),Laniidae,Absent,Yes
Lanius_minor,Lesser Grey Shrike,Sibley & Monroe (1990),Laniidae,Absent,Yes
Lanius_nubicus,Masked Shrike,Sibley & Monroe (1990),Laniidae,Absent,Yes
Chlorophoneus_sulfureopectus,Sulphur-breasted Bushshrike,Sibley & Monroe (1990) (Genus: IOC 2.4),Malaconotidae,Absent,Yes
Telophorus_olivaceus,Olive Bushshrike,Sibley & Monroe (1990),Malaconotidae,Absent,No
Amytornis_textilis,Thick-billed Grasswren,Sibley & Monroe (1990),Maluridae,Absent,Yes
Stipiturus_ruficeps,Rufous-crowned Emuwren,Sibley & Monroe (1990),Maluridae,Absent,Yes
Anthochaera_lunulata,Little Wattlebird,Sibley & Monroe (1990),Meliphagidae,Absent,Yes
Lichenostomus_plumulus,Grey-fronted Honeyeater,Sibley & Monroe (1990),Meliphagidae,Absent,Yes
Lichenostomus_virescens,Singing Honeyeater,Sibley & Monroe (1990),Meliphagidae,Absent,Yes
Meliphaga_albonotata,Scrub Honeyeater,Sibley & Monroe (1990),Meliphagidae,Absent,Yes
Myzomela_caledonica,New Caledonian Myzomela,Sibley & Monroe (1990),Meliphagidae,Absent,No
Myzomela_chloroptera,Sulawesi Myzomela,Sibley & Monroe (1990),Meliphagidae,Absent,No
Myzomela_erythrocephala,Red-headed Myzomela,Sibley & Monroe (1990),Meliphagidae,Absent,Yes
Myzomela_jugularis,Orange-breasted Myzomela,Sibley & Monroe (1990),Meliphagidae,Absent,No
Philemon_argenticeps,Silver-crowned Friarbird,Sibley & Monroe (1990),Meliphagidae,Absent,Yes
Phylidonyris_nigra,White-cheeked Honeyeater,Sibley & Monroe (1990),Meliphagidae,Absent,Yes
Phylidonyris_novaehollandiae,New Holland Honeyeater,Sibley & Monroe (1990),Meliphagidae,Absent,Yes
Phylidonyris_pyrrhoptera,Crescent Honeyeater,Sibley & Monroe (1990),Meliphagidae,Absent,Yes
Sugomel_niger,Black Honeyeater,Sibley & Monroe (1990) (Genus: IOC 2.4),Meliphagidae,Absent,Yes
Carterornis_chrysomela,Golden Monarch,Sibley & Monroe (1990) (Genus: IOC 2.4),Monarchidae,Absent,Yes
Chasiempis_sandwichensis,Elepaio,Sibley & Monroe (1990),Monarchidae,Absent,Yes
Clytorhynchus_nigrogularis,Black-throated Shrikebill,Sibley & Monroe (1990),Monarchidae,Absent,No
Monarcha_melanopsis,Black-faced Monarch,Sibley & Monroe (1990),Monarchidae,Absent,Yes
Pomarea_dimidiata,Rarotonga Monarch,Sibley & Monroe (1990),Monarchidae,Absent,Yes
Terpsiphone_paradisi,Asian Paradise-Flycatcher,Sibley & Monroe (1990),Monarchidae,Absent,Yes
Terpsiphone_viridis,African Paradise-Flycatcher,Sibley & Monroe (1990),Monarchidae,Absent,Yes
Notiomystis_cincta,Stitchbird,Sibley & Monroe (1990),Notiomystidae,Absent,Yes
Oriolus_xanthornus,Black-hooded Oriole,Sibley & Monroe (1990),Oriolidae,Absent,Yes
Astrapia_mayeri,Ribbon-tailed Astrapia,Sibley & Monroe (1990),Paradisaeinae,Absent,Yes
Cicinnurus_regius,King Bird-of-paradise,Sibley & Monroe (1990),Paradisaeinae,Absent,Yes
Diphyllodes_respublica,Wilson's Bird-of-paradise,Sibley & Monroe (1990) (Genus: IOC 2.4),Paradisaeinae,Absent,Yes
Drepanornis_albertisi,Black-billed Sicklebill,Sibley & Monroe (1990) (Genus: IOC 2.4),Paradisaeinae,Absent,Yes
Drepanornis_bruijnii,Pale-billed Sicklebill,Sibley & Monroe (1990) (Genus: IOC 2.4),Paradisaeinae,Absent,Yes
Epimachus_fastuosus,Black Sicklebill,Sibley & Monroe (1990),Paradisaeinae,Absent,Yes
Epimachus_meyeri,Brown Sicklebill,Sibley & Monroe (1990),Paradisaeinae,Absent,Yes
Lophorina_superba,Superb Bird-of-paradise,Sibley & Monroe (1990),Paradisaeinae,Absent,Yes
Manucodia_atra,Glossy-mantled Manucode,Sibley & Monroe (1990),Paradisaeinae,Absent,Yes
Paradisaea_apoda,Greater Bird-of-paradise,Sibley & Monroe (1990),Paradisaeinae,Absent,Yes
Paradisaea_decora,Goldie's Bird-of-paradise,Sibley & Monroe (1990),Paradisaeinae,Absent,Yes
Paradisaea_guilielmi,Emperor Bird-of-paradise,Sibley & Monroe (1990),Paradisaeinae,Absent,Yes
Paradisaea_minor,Lesser Bird-of-paradise,Sibley & Monroe (1990),Paradisaeinae,Absent,Yes
Paradisaea_raggiana,Raggiana Bird-of-paradise,Sibley & Monroe (1990),Paradisaeinae,Absent,Yes
Paradisaea_rubra,Red Bird-of-paradise,Sibley & Monroe (1990),Paradisaeinae,Absent,Yes
Paradisaea_rudolphi,Blue Bird-of-paradise,Sibley & Monroe (1990),Paradisaeinae,Absent,Yes
Parotia_carolae,Carola's Parotia,Sibley & Monroe (1990),Paradisaeinae,Absent,Yes
Parotia_sefilata,Western Parotia,Sibley & Monroe (1990),Paradisaeinae,Absent,Yes
Phonygammus_keraudrenii,Trumpet Manucode,Sibley & Monroe (1990) (Genus: IOC 2.4),Paradisaeinae,Absent,Yes
Ptiloris_victoriae,Victoria's Riflebird,Sibley & Monroe (1990),Paradisaeinae,Absent,Yes
Seleucidis_melanoleuca,Twelve-wired Bird-of-paradise,Sibley & Monroe (1990),Paradisaeinae,Absent,Yes
Semioptera_wallacii,Standardwing Bird-of-paradise,Sibley & Monroe (1990),Paradisaeinae,Absent,Yes
Drymodes_brunneopygia,Southern Scrub-Robin,Sibley & Monroe (1990),Petroicidae,Absent,Yes
Melanodryas_cucullata,Hooded Robin,Sibley & Monroe (1990),Petroicidae,Absent,Yes
Microeca_flavigaster,Lemon-bellied Flyrobin,Sibley & Monroe (1990),Petroicidae,Absent,Yes
Petroica_rodinogaster,Pink Robin,Sibley & Monroe (1990),Petroicidae,Absent,Yes
Petroica_traversi,Chatham Islands Robin,Sibley & Monroe (1990),Petroicidae,Absent,Yes
Platysteira_concreta,Yellow-bellied Wattle-eye,Sibley & Monroe (1990),Platysteiridae,Absent,Yes
Cinclosoma_castaneothorax,Chestnut-breasted Quail-thrush,Sibley & Monroe (1990),Psophodidae,Absent,Yes
Cinclosoma_cinnamomeum,Cinnamon Quail-thrush,Sibley & Monroe (1990),Psophodidae,Absent,Yes
Cinclosoma_punctatum,Spotted Quail-thrush,Sibley & Monroe (1990),Psophodidae,Absent,Yes
Ptilorrhoa_caerulescens,Blue Jewel-babbler,Sibley & Monroe (1990),Psophodidae,Absent,Yes
Amblyornis_flavifrons,Golden-fronted Bowerbird,Sibley & Monroe (1990),Ptilonorhynchidae,Absent,No
Amblyornis_inornatus,Vogelkop Bowerbird,Sibley & Monroe (1990),Ptilonorhynchidae,Absent,Yes
Amblyornis_macgregoriae,Macgregor's Bowerbird,Sibley & Monroe (1990),Ptilonorhynchidae,Absent,Yes
Archboldia_papuensis,Archbold's Bowerbird,Sibley & Monroe (1990),Ptilonorhynchidae,Absent,Yes
Chlamydera_lauterbachi,Yellow-breasted Bowerbird,Sibley & Monroe (1990),Ptilonorhynchidae,Absent,Yes
Prionodura_newtoniana,Golden Bowerbird,Sibley & Monroe (1990),Ptilonorhynchidae,Absent,Yes
Scenopoeetes_dentirostris,Tooth-billed Catbird,Sibley & Monroe (1990) (Genus: IOC 2.4),Ptilonorhynchidae,Absent,Yes
Sericulus_chrysocephalus,Regent Bowerbird,Sibley & Monroe (1990),Ptilonorhynchidae,Absent,Yes
Artamella_viridis,White-headed Vanga,Sibley & Monroe (1990),Vangidae,Absent,Yes
Calicalicus_madagascariensis,Red-tailed Vanga,Sibley & Monroe (1990),Vangidae,Absent,Yes
Calicalicus_rufocarpalis,Red-shouldered Vanga,IOC 2.4,Vangidae,Absent,No
Hylophilus_poicilotis,Rufous-crowned Greenlet,Sibley & Monroe (1990),Vireonidae,Absent,Yes
Vireo_atricapillus,Black-capped Vireo,Sibley & Monroe (1990),Vireonidae,Absent,Yes
Vireo_cassinii,Cassin's Vireo,Sibley & Monroe (1990),Vireonidae,Absent,Yes
Vireo_olivaceus,Red-eyed Vireo,Sibley & Monroe (1990),Vireonidae,Absent,Yes
Vireo_philadelphicus,Philadelphia Vireo,Sibley & Monroe (1990),Vireonidae,Absent,Yes
Vireo_plumbeus,Plumbeous Vireo,Sibley & Monroe (1990),Vireonidae,Absent,Yes
Vireo_solitarius,Blue-headed Vireo,Sibley & Monroe (1990),Vireonidae,Absent,Yes
Vireolanius_melitophrys,Chestnut-sided Shrike-Vireo,Sibley & Monroe (1990),Vireonidae,Absent,Yes
Acanthiza_chrysorrhoa,Yellow-rumped Thornbill,Sibley & Monroe (1990),Acanthizidae,Present,Yes
Acanthiza_inornata,Western Thornbill,Sibley & Monroe (1990),Acanthizidae,Present,Yes
Acanthiza_pusilla,Brown Thornbill,Sibley & Monroe (1990),Acanthizidae,Present,Yes
Calamanthus_campestris,Rufous Calamanthus,Sibley & Monroe (1990),Acanthizidae,Present,Yes
Calamanthus_pyrrhopygius,Chestnut-rumped Hylacola,Sibley & Monroe (1990) (Genus: IOC 2.4),Acanthizidae,Present,Yes
Gerygone_albofrontata,Chatham Islands Gerygone,Sibley & Monroe (1990),Acanthizidae,Present,No
Gerygone_igata,Grey Gerygone,Sibley & Monroe (1990),Acanthizidae,Present,Yes
Gerygone_magnirostris,Large-billed Gerygone,Sibley & Monroe (1990),Acanthizidae,Present,Yes
Gerygone_mouki,Brown Gerygone,Sibley & Monroe (1990),Acanthizidae,Present,Yes
Gerygone_olivacea,White-throated Gerygone,Sibley & Monroe (1990),Acanthizidae,Present,Yes
Gerygone_tenebrosa,Dusky Gerygone,Sibley & Monroe (1990),Acanthizidae,Present,No
Pycnoptilus_floccosus,Pilotbird,Sibley & Monroe (1990),Acanthizidae,Present,Yes
Pyrrholaemus_brunneus,Redthroat,Sibley & Monroe (1990),Acanthizidae,Present,Yes
Pyrrholaemus_sagittatus,Speckled Warbler,Sibley & Monroe (1990) (Genus: IOC 2.4),Acanthizidae,Present,Yes
Sericornis_citreogularis,Yellow-throated Scrubwren,Sibley & Monroe (1990),Acanthizidae,Present,Yes
Sericornis_frontalis,White-browed Scrubwren,Sibley & Monroe (1990),Acanthizidae,Present,Yes
Smicrornis_brevirostris,Weebill,Sibley & Monroe (1990),Acanthizidae,Present,Yes
Artamus_personatus,Masked Woodswallow,Sibley & Monroe (1990),Artamidae ,Present,Yes
Atrichornis_clamosus,Noisy Scrub-bird,Sibley & Monroe (1990),Atrichornithidae,Present,Yes
Callaeas_cinerea,Kokako,Sibley & Monroe (1990),Callaeidae,Present,Yes
Heteralocha_acutirostris,Huia,Sibley & Monroe (1990),Callaeidae,Present,No
Philesturnus_carunculatus,Saddleback,Sibley & Monroe (1990),Callaeidae,Present,Yes
Campephaga_phoenicea,Red-shouldered Cuckoo-shrike,Sibley & Monroe (1990),Campephagidae,Present,Yes
Campochaera_sloetii,Golden Cuckooshrike,Sibley & Monroe (1990),Campephagidae,Present,Yes
Coracina_boyeri,Boyer's Cuckooshrike,Sibley & Monroe (1990),Campephagidae,Present,Yes
Coracina_lineata,Yellow-eyed Cuckooshrike,Sibley & Monroe (1990),Campephagidae,Present,Yes
Coracina_montana,Black-bellied Cuckooshrike,Sibley & Monroe (1990),Campephagidae,Present,Yes
Coracina_schistacea,Slaty Cuckooshrike,Sibley & Monroe (1990),Campephagidae,Present,Yes
Coracina_schisticeps,Grey-headed Cuckooshrike,Sibley & Monroe (1990),Campephagidae,Present,No
Coracina_tenuirostris,Slender-billed Cicadabird,Sibley & Monroe (1990),Campephagidae,Present,Yes
Coracina_typica,Mauritius Cuckooshrike,Sibley & Monroe (1990),Campephagidae,Present,Yes
Lalage_atrovirens,Black-browed Triller,Sibley & Monroe (1990),Campephagidae,Present,Yes
Lalage_leucomela,Varied Triller,Sibley & Monroe (1990),Campephagidae,Present,Yes
Lalage_sueurii,White-shouldered Triller,Sibley & Monroe (1990),Campephagidae,Present,Yes
Chaetops_aurantius,Orange-breasted Rock-jumper,Sibley & Monroe (1990),Chaetopidae,Present,Yes
Climacteris_affinis,White-browed Treecreeper,Sibley & Monroe (1990),Climacteridae,Present,No
Climacteris_melanura,Black-tailed Treecreeper,Sibley & Monroe (1990),Climacteridae,Present,No
Climacteris_picumnus,Brown Treecreeper,Sibley & Monroe (1990),Climacteridae,Present,Yes
Climacteris_rufa,Rufous Treecreeper,Sibley & Monroe (1990),Climacteridae,Present,Yes
Cormobates_leucophaea,White-throated Treecreeper,Sibley & Monroe (1990),Climacteridae,Present,Yes
Aphelocoma_insularis,Santa Cruz Jay,Sibley & Monroe (1990),Corvidae,Present,Yes
Coloeus_monedula,Eurasian Jackdaw,Sibley & Monroe (1990) (Genus: IOC 2.4),Corvidae,Present,Yes
Corvus_corone,Carrion Crow,Sibley & Monroe (1990),Corvidae,Present,Yes
Corvus_coronoides,Australian Raven,Sibley & Monroe (1990),Corvidae,Present,Yes
Corvus_typicus,Piping Crow,Sibley & Monroe (1990),Corvidae,Present,No
Perisoreus_canadensis,Grey Jay,Sibley & Monroe (1990),Corvidae,Present,Yes
Pica_pica,Black-billed Magpie,Sibley & Monroe (1990),Corvidae,Present,Yes
Pyrrhocorax_graculus,Yellow-billed Chough,Sibley & Monroe (1990),Corvidae,Present,Yes
Pyrrhocorax_pyrrhocorax,Red-billed Chough,Sibley & Monroe (1990),Corvidae,Present,Yes
Temnurus_temnurus,Ratchet-tailed Treepie,Sibley & Monroe (1990),Corvidae,Present,Yes
Zavattariornis_stresemanni,Stresemann's Bush-Crow,Sibley & Monroe (1990),Corvidae,Present,Yes
Cracticus_cassicus,Hooded Butcherbird,Sibley & Monroe (1990),Cracticidae,Present,No
Cracticus_mentalis,Black-backed Butcherbird,Sibley & Monroe (1990),Cracticidae,Present,Yes
Cracticus_nigrogularis,Pied Butcherbird,Sibley & Monroe (1990),Cracticidae,Present,Yes
Cracticus_quoyi,Black Butcherbird,Sibley & Monroe (1990),Cracticidae,Present,Yes
Cracticus_torquatus,Grey Butcherbird,Sibley & Monroe (1990),Cracticidae,Present,Yes
Gymnorhina_tibicen,Australian Magpie,Sibley & Monroe (1990),Cracticidae,Present,Yes
Strepera_fuliginosa,Black Currawong,Sibley & Monroe (1990),Cracticidae,Present,Yes
Strepera_graculina,Pied Currawong,Sibley & Monroe (1990),Cracticidae,Present,Yes
Dasyornis_brachypterus,Eastern Bristlebird,Sibley & Monroe (1990),Dasyornithidae,Present,Yes
Dasyornis_broadbenti,Rufous Bristlebird,Sibley & Monroe (1990),Dasyornithidae,Present,No
Dasyornis_longirostris,Western Bristlebird,Sibley & Monroe (1990),Dasyornithidae,Present,No
Dicrurus_adsimilis,Fork-tailed Drongo,Sibley & Monroe (1990),Dicuridae,Present,Yes
Dicrurus_aldabranus,Aldabra Drongo,Sibley & Monroe (1990),Dicuridae,Present,Yes
Dicrurus_annectans,Crow-billed Drongo,Sibley & Monroe (1990),Dicuridae,Present,Yes
Dicrurus_atripennis,Shining Drongo,Sibley & Monroe (1990),Dicuridae,Present,Yes
Dicrurus_balicassius,Balicassiao,Sibley & Monroe (1990),Dicuridae,Present,Yes
Dicrurus_bracteatus,Spangled Drongo,Sibley & Monroe (1990),Dicuridae,Present,Yes
Dicrurus_fuscipennis,Comoro Drongo,Sibley & Monroe (1990),Dicuridae,Present,Yes
Dicrurus_ludwigii,Square-tailed Drongo,Sibley & Monroe (1990),Dicuridae,Present,Yes
Dicrurus_macrocercus,Black Drongo,Sibley & Monroe (1990),Dicuridae,Present,Yes
Dicrurus_modestus,Velvet-mantled Drongo,Sibley & Monroe (1990),Dicuridae,Present,Yes
Dicrurus_montanus,Sulawesi Drongo,Sibley & Monroe (1990),Dicuridae,Present,No
Dicrurus_paradiseus,Greater Racket-tailed Drongo,Sibley & Monroe (1990),Dicuridae,Present,Yes
Dicrurus_waldenii,Mayotte Drongo,Sibley & Monroe (1990),Dicuridae,Present,Yes
Finschia_novaeseelandiae,Pipipi (Brown Creeper),Sibley & Monroe (1990) (Genus: IOC 2.4),Incertae,Present,Yes
Melampitta_lugubris,Lesser Melampitta,Sibley & Monroe (1990),Incertae,Present,Yes
Lanius_cabanisi,Long-tailed Fiscal,Sibley & Monroe (1990),Laniidae,Present,Yes
Lanius_collaris,Common Fiscal,Sibley & Monroe (1990),Laniidae,Present,Yes
Lanius_excubitor,Northern Shrike,Sibley & Monroe (1990),Laniidae,Present,Yes
Lanius_ludovicianus,Loggerhead Shrike,Sibley & Monroe (1990),Laniidae,Present,Yes
Lanius_senator,Woodchat Shrike,Sibley & Monroe (1990),Laniidae,Present,Yes
Bocagia_minuta,Marsh Tchagra,Sibley & Monroe (1990) (Genus: IOC 2.4),Malaconotidae,Present,Yes
Chlorophoneus_bocagei,Grey-green Bushshrike,Sibley & Monroe (1990) (Genus: IOC 2.4),Malaconotidae,Present,Yes
Chlorophoneus_nigrifrons,Black-fronted Bushshrike,Sibley & Monroe (1990) (Genus: IOC 2.4),Malaconotidae,Present,Yes
Dryoscopus_cubla,Black-backed Puffback,Sibley & Monroe (1990),Malaconotidae,Present,Yes
Dryoscopus_sabini,Large-billed Puffback,Sibley & Monroe (1990),Malaconotidae,Present,No
Laniarius_aethiopicus,Tropical Boubou,Sibley & Monroe (1990),Malaconotidae,Present,Yes
Laniarius_atrococcineus,Crimson-breasted Gonolek,Sibley & Monroe (1990),Malaconotidae,Present,Yes
Laniarius_atroflavus,Yellow-breasted Boubou,Sibley & Monroe (1990),Malaconotidae,Present,Yes
Laniarius_barbarus,Common Gonolek,Sibley & Monroe (1990),Malaconotidae,Present,Yes
Laniarius_bicolor,Gabon Boubou,Sibley & Monroe (1990),Malaconotidae,Present,Yes
Laniarius_erythrogaster,Black-headed Gonolek,Sibley & Monroe (1990),Malaconotidae,Present,Yes
Laniarius_ferrugineus,Southern Boubou,Sibley & Monroe (1990),Malaconotidae,Present,Yes
Laniarius_fuelleborni,Fuelleborn's Boubou,Sibley & Monroe (1990),Malaconotidae,Present,Yes
Laniarius_funebris,Slate-colored Boubou,Sibley & Monroe (1990),Malaconotidae,Present,Yes
Laniarius_leucorhynchus,Sooty Boubou,Sibley & Monroe (1990),Malaconotidae,Present,Yes
Laniarius_luehderi,Luehder's Bushshrike,Sibley & Monroe (1990),Malaconotidae,Present,Yes
Laniarius_mufumbiri,Papyrus Gonolek,Sibley & Monroe (1990),Malaconotidae,Present,Yes
Laniarius_poensis,Mountain Boubou,Sibley & Monroe (1990),Malaconotidae,Present,Yes
Laniarius_ruficeps,Red-naped Bushshrike,Sibley & Monroe (1990),Malaconotidae,Present,Yes
Laniarius_turatii,Turati's Boubou,Sibley & Monroe (1990),Malaconotidae,Present,Yes
Malaconotus_blanchoti,Grey-headed Bushshrike,Sibley & Monroe (1990),Malaconotidae,Present,Yes
Malaconotus_lagdeni,Lagden's Bushshrike,Sibley & Monroe (1990),Malaconotidae,Present,No
Nilaus_afer,Brubru,Sibley & Monroe (1990),Malaconotidae,Present,Yes
Rhodophoneus_cruentus,Rosy-patched Bushshrike,Sibley & Monroe (1990),Malaconotidae,Present,Yes
Tchagra_australis,Brown-crowned Tchagra,Sibley & Monroe (1990),Malaconotidae,Present,Yes
Tchagra_senegala,Black-crowned Tchagra,Sibley & Monroe (1990),Malaconotidae,Present,Yes
Tchagra_tchagra,Southern Tchagra,Sibley & Monroe (1990),Malaconotidae,Present,No
Telophorus_multicolor,Many-colored Bushshrike,Sibley & Monroe (1990),Malaconotidae,Present,No
Telophorus_viridis,Perrin's Bushshrike,Sibley & Monroe (1990),Malaconotidae,Present,No
Telophorus_zeylonus,Bokmakierie Bushshrike,Sibley & Monroe (1990),Malaconotidae,Present,Yes
Amytornis_goyderi,Eyrean Grasswren,Sibley & Monroe (1990),Maluridae,Present,Yes
Amytornis_housei,Black Grasswren,Sibley & Monroe (1990),Maluridae,Present,Yes
Amytornis_purnelli,Dusky Grasswren,Sibley & Monroe (1990),Maluridae,Present,Yes
Amytornis_striatus,Striated Grasswren,Sibley & Monroe (1990),Maluridae,Present,Yes
Amytornis_woodwardi,White-throated Grasswren,Sibley & Monroe (1990),Maluridae,Present,Yes
Malurus_amabilis,Lovely Fairywren,Sibley & Monroe (1990),Maluridae,Present,Yes
Malurus_coronatus,Purple-crowned Fairywren,Sibley & Monroe (1990),Maluridae,Present,Yes
Malurus_cyaneus,Superb Fairywren,Sibley & Monroe (1990),Maluridae,Present,Yes
Malurus_elegans,Red-winged Fairywren,Sibley & Monroe (1990),Maluridae,Present,Yes
Malurus_lamberti,Variegated Fairywren,Sibley & Monroe (1990),Maluridae,Present,Yes
Malurus_leucopterus,White-winged Fairywren,Sibley & Monroe (1990),Maluridae,Present,Yes
Malurus_melanocephalus,Red-backed Fairywren,Sibley & Monroe (1990),Maluridae,Present,Yes
Malurus_splendens,Splendid Fairywren,Sibley & Monroe (1990),Maluridae,Present,Yes
Acanthagenys_rufogularis,Spiny-cheeked Honeyeater,Sibley & Monroe (1990),Meliphagidae,Present,Yes
Anthochaera_carunculata,Red Wattlebird,Sibley & Monroe (1990),Meliphagidae,Present,Yes
Anthornis_melanura,New Zealand Bellbird,Sibley & Monroe (1990),Meliphagidae,Present,Yes
Certhionyx_variegatus,Pied Honeyeater,Sibley & Monroe (1990),Meliphagidae,Present,Yes
Cissomela_pectoralis,Banded Honeyeater,Sibley & Monroe (1990) (Genus: IOC 2.4),Meliphagidae,Present,Yes
Conopophila_albogularis,Rufous-banded Honeyeater,Sibley & Monroe (1990),Meliphagidae,Present,Yes
Conopophila_rufogularis,Rufous-throated Honeyeater,Sibley & Monroe (1990),Meliphagidae,Present,Yes
Foulehaio_carunculata,Wattled Honeyeater,Sibley & Monroe (1990),Meliphagidae,Present,Yes
Gymnomyza_viridis,Giant Honeyeater,Sibley & Monroe (1990),Meliphagidae,Present,No
Lichenostomus_flavescens,Yellow-tinted Honeyeater,Sibley & Monroe (1990),Meliphagidae,Present,Yes
Lichenostomus_flavicollis,Yellow-throated Honeyeater,Sibley & Monroe (1990),Meliphagidae,Present,Yes
Lichenostomus_flavus,Yellow Honeyeater,Sibley & Monroe (1990),Meliphagidae,Present,Yes
Lichenostomus_unicolor,White-gaped Honeyeater,Sibley & Monroe (1990),Meliphagidae,Present,Yes
Lichenostomus_versicolor,Varied Honeyeater,Sibley & Monroe (1990),Meliphagidae,Present,Yes
Lichmera_indistincta,Brown Honeyeater,Sibley & Monroe (1990),Meliphagidae,Present,Yes
Manorina_melanocephala,Noisy Miner,Sibley & Monroe (1990),Meliphagidae,Present,Yes
Melidectes_belfordi,Belford's Melidectes,Sibley & Monroe (1990),Meliphagidae,Present,Yes
Melidectes_ochromelas,Cinnamon-browed Melidectes,Sibley & Monroe (1990),Meliphagidae,Present,Yes
Melidectes_rufocrissalis,Yellow-browed Melidectes,Sibley & Monroe (1990),Meliphagidae,Present,No
Melithreptus_gularis,Black-chinned Honeyeater,Sibley & Monroe (1990),Meliphagidae,Present,Yes
Philemon_buceroides,Helmeted Friarbird,Sibley & Monroe (1990),Meliphagidae,Present,Yes
Philemon_cockerelli,New Britain Friarbird,Sibley & Monroe (1990),Meliphagidae,Present,No
Philemon_corniculatus,Noisy Friarbird,Sibley & Monroe (1990),Meliphagidae,Present,Yes
Philemon_moluccensis,Black-faced Friarbird,Sibley & Monroe (1990),Meliphagidae,Present,No
Philemon_plumigenis,Tanimbar Friarbird,IOC 2.4,Meliphagidae,Present,No
Plectorhyncha_lanceolata,Striped Honeyeater,Sibley & Monroe (1990),Meliphagidae,Present,Yes
Prosthemadera_novaeseelandiae,Tui,Sibley & Monroe (1990),Meliphagidae,Present,Yes
Xanthotis_flaviventer,Tawny-breasted Honeyeater,Sibley & Monroe (1990),Meliphagidae,Present,Yes
Menura_alberti,Albert's Lyrebird,Sibley & Monroe (1990),Menuridae,Present,No
Menura_novaehollandiae,Superb Lyrebird,Sibley & Monroe (1990),Menuridae,Present,Yes
Grallina_cyanoleuca,Magpie-lark,Sibley & Monroe (1990),Monarchidae,Present,Yes
Monarcha_trivirgatus,Spectacled Monarch,Sibley & Monroe (1990),Monarchidae,Present,No
Myiagra_alecto,Shining Flycatcher,Sibley & Monroe (1990),Monarchidae,Present,Yes
Myiagra_cyanoleuca,Satin Flycatcher,Sibley & Monroe (1990),Monarchidae,Present,Yes
Myiagra_inquieta,Restless Flycatcher,Sibley & Monroe (1990),Monarchidae,Present,No
Terpsiphone_bourbonnensis,Mascarene Paradise-Flycatcher,Sibley & Monroe (1990),Monarchidae,Present,No
Terpsiphone_corvina,Seychelles Paradise-Flycatcher,Sibley & Monroe (1990),Monarchidae,Present,No
Terpsiphone_rufiventer,Black-headed Paradise-Flycatcher,Sibley & Monroe (1990),Monarchidae,Present,Yes
Oriolus_larvatus,African Black-headed Oriole,Sibley & Monroe (1990),Oriolidae,Present,Yes
Oriolus_melanotis,Olive-brown Oriole,Sibley & Monroe (1990),Oriolidae,Present,Yes
Oriolus_nigripennis,Black-winged Oriole,Sibley & Monroe (1990),Oriolidae,Present,Yes
Oriolus_oriolus,Eurasian Golden-Oriole,Sibley & Monroe (1990),Oriolidae,Present,Yes
Oriolus_percivali,Black-tailed Oriole,Sibley & Monroe (1990),Oriolidae,Present,Yes
Oriolus_sagittatus,Olive-backed Oriole,Sibley & Monroe (1990),Oriolidae,Present,Yes
Oriolus_szalayi,Brown Oriole,Sibley & Monroe (1990),Oriolidae,Present,Yes
Orthonyx_spaldingii,Chowchilla,Sibley & Monroe (1990),Orthonychidae,Present,Yes
Orthonyx_temminckii,Logrunner,Sibley & Monroe (1990),Orthonychidae,Present,Yes
Colluricincla_harmonica,Grey Shrike-thrush,Sibley & Monroe (1990),Pachycephalidae,Present,Yes
Oreoica_gutturalis,Crested Bellbird,Sibley & Monroe (1990),Pachycephalidae,Present,Yes
Pachycephala_implicata,Hooded Whistler,Sibley & Monroe (1990),Pachycephalidae,Present,No
Pachycephala_inornata,Gilbert's Whistler,Sibley & Monroe (1990),Pachycephalidae,Present,Yes
Pachycephala_lanioides,White-breasted Whistler,Sibley & Monroe (1990),Pachycephalidae,Present,Yes
Pachycephala_pectoralis,Golden Whistler,Sibley & Monroe (1990),Pachycephalidae,Present,Yes
Pachycephala_rufiventris,Rufous Whistler,Sibley & Monroe (1990),Pachycephalidae,Present,Yes
Pitohui_cristatus,Crested Pitohui,Sibley & Monroe (1990),Pachycephalidae,Present,Yes
Pitohui_incertus,White-bellied Pitohui,Sibley & Monroe (1990),Pachycephalidae,Present,Yes
Pitohui_kirhocephalus,Variable Pitohui,Sibley & Monroe (1990),Pachycephalidae,Present,Yes
Astrapia_splendidissima,Splendid Astrapia,Sibley & Monroe (1990),Paradisaeinae,Present,Yes
Diphyllodes_magnificus,Magnificent Bird-of-paradise,Sibley & Monroe (1990) (Genus: IOC 2.4),Paradisaeinae,Present,Yes
Manucodia_comrii,Curl-crested Manucode,Sibley & Monroe (1990),Paradisaeinae,Present,Yes
Pardalotus_punctatus,Spotted Pardalote,Sibley & Monroe (1990),Pardalotidae,Present,Yes
Pardalotus_rubricatus,Red-browed Pardalote,Sibley & Monroe (1990),Pardalotidae,Present,Yes
Pardalotus_striatus,Striated Pardalote,Sibley & Monroe (1990),Pardalotidae,Present,Yes
Heteromyias_albispecularis,Ashy Robin,Sibley & Monroe (1990),Petroicidae,Present,Yes
Petroica_australis,New Zealand Robin,Sibley & Monroe (1990),Petroicidae,Present,Yes
Petroica_boodang,Scarlet Robin,IOC 2.4,Petroicidae,Present,Yes
Petroica_goodenovii,Red-capped Robin,Sibley & Monroe (1990),Petroicidae,Present,Yes
Petroica_macrocephala,Tomtit,Sibley & Monroe (1990),Petroicidae,Present,Yes
Petroica_phoenicea,Flame Robin,Sibley & Monroe (1990),Petroicidae,Present,Yes
Batis_capensis,Cape Batis,Sibley & Monroe (1990),Platysteiridae,Present,Yes
Batis_molitor,Chinspot Batis,Sibley & Monroe (1990),Platysteiridae,Present,Yes
Batis_soror,Pale Batis,Sibley & Monroe (1990),Platysteiridae,Present,Yes
Bias_musicus,Black-and-white Shrike-flycatcher,Sibley & Monroe (1990),Platysteiridae,Present,Yes
Lanioturdus_torquatus,Chatshrike,Sibley & Monroe (1990),Platysteiridae,Present,Yes
Megabyas_flammulatus,African Shrike-flycatcher,Sibley & Monroe (1990) (Genus: IOC 2.4),Platysteiridae,Present,Yes
Platysteira_cyanea,Brown-throated Wattle-eye,Sibley & Monroe (1990),Platysteiridae,Present,Yes
Platysteira_peltata,Black-throated Wattle-eye,Sibley & Monroe (1990),Platysteiridae,Present,Yes
Platysteira_tonsa,White-spotted Wattle-eye,Sibley & Monroe (1990),Platysteiridae,Present,Yes
Pomatostomus_temporalis,Grey-crowned Babbler,Sibley & Monroe (1990),Pomatostomidae,Present,Yes
Prionops_alberti,Yellow-crested Helmetshrike,Sibley & Monroe (1990),Prionopidae,Present,No
Prionops_caniceps,Chestnut-bellied Helmetshrike,Sibley & Monroe (1990),Prionopidae,Present,No
Prionops_plumatus,White Helmetshrike,Sibley & Monroe (1990),Prionopidae,Present,Yes
Prionops_retzii,Retz's Helmetshrike,Sibley & Monroe (1990),Prionopidae,Present,Yes
Prionops_rufiventris,Gabon Helmetshrike,Sibley & Monroe (1990),Prionopidae,Present,No
Prionops_scopifrons,Chestnut-fronted Helmetshrike,Sibley & Monroe (1990),Prionopidae,Present,Yes
Cinclosoma_ajax,Painted Quail-thrush,Sibley & Monroe (1990),Psophodidae,Present,Yes
Psophodes_cristatus,Chirruping Wedgebill,Sibley & Monroe (1990),Psophodidae,Present,No
Psophodes_nigrogularis,Western Whipbird,Sibley & Monroe (1990),Psophodidae,Present,No
Psophodes_occidentalis,Chiming Wedgebill,Sibley & Monroe (1990),Psophodidae,Present,No
Psophodes_olivaceus,Eastern Whipbird,Sibley & Monroe (1990),Psophodidae,Present,Yes
Ailuroedus_crassirostris,Green Catbird,Sibley & Monroe (1990),Ptilonorhynchidae,Present,Yes
Ailuroedus_melanotis,Spotted Catbird,Sibley & Monroe (1990),Ptilonorhynchidae,Present,Yes
Rhipidura_albiscapa,Grey Fantail,IOC 2.4,Rhipiduridae,Present,Yes
Rhipidura_fuliginosa,New Zealand Fantail,Sibley & Monroe (1990),Rhipiduridae,Present,Yes
Rhipidura_leucophrys,Willie-wagtail,Sibley & Monroe (1990),Rhipiduridae,Present,Yes
Falculea_palliata,Sickle-billed Vanga,Sibley & Monroe (1990),Vangidae,Present,Yes
Xenopirostris_damii,Van Dam's Vanga,Sibley & Monroe (1990),Vangidae,Present,Yes
Xenopirostris_polleni,Pollen's Vanga,Sibley & Monroe (1990),Vangidae,Present,No
Hylophilus_amaurocephalus,Grey-eyed Greenlet,Sibley & Monroe (1990),Vireonidae,Present,No
Hylophilus_decurtatus,Lesser Greenlet,Sibley & Monroe (1990),Vireonidae,Present,Yes
Vireo_bellii,Bell's Vireo,Sibley & Monroe (1990),Vireonidae,Present,Yes
Vireo_gilvus,Eastern Warbling-Vireo,Sibley & Monroe (1990),Vireonidae,Present,Yes
Vireo_griseus,White-eyed Vireo,Sibley & Monroe (1990),Vireonidae,Present,Yes
Vireo_vicinior,Grey Vireo,Sibley & Monroe (1990),Vireonidae,Present,Yes