BirdtreeSpecies,Species,Female song,No. of words,No. of papers,Melanin dichromatism,Carotenoid dichromatism
Acrocephalus_agricola,Acrocephalus_agricola,2 ,806 ,1 ,0 ,0 
Acrocephalus_arundinaceus,Acrocephalus_arundinaceus,2 ,"2,175 ",141 ,0 ,0 
Acrocephalus_brevipennis,Acrocephalus_brevipennis,1 ,820 ,3 ,0 ,0 
Acrocephalus_dumetorum,Acrocephalus_dumetorum,2 ,"1,780 ",4 ,0 ,0 
Acrocephalus_melanopogon,Acrocephalus_melanopogon,1 ,"1,206 ",11 ,0 ,0 
Acrocephalus_paludicola,Acrocephalus_paludicola,1 ,"1,685 ",23 ,0 ,0 
Acrocephalus_palustris,Acrocephalus_palustris,2 ,"2,051 ",25 ,0 ,0 
Acrocephalus_schoenobaenus,Acrocephalus_schoenobaenus,2 ,"1,529 ",47 ,0 ,0 
Acrocephalus_scirpaceus,Acrocephalus_scirpaceus,2 ,"1,241 ",98 ,0 ,0 
Acrocephalus_stentoreus,Acrocephalus_stentoreus,1 ,"1,527 ",2 ,0 ,0 
Aegithalos_caudatus,Aegithalos_caudatus,2 ,410 ,40 ,0 ,0 
Alaemon_alaudipes,Alaemon_alaudipes,2 ,"1,028 ",7 ,1 ,0 
Alauda_arvensis,Alauda_arvensis,2 ,"1,920 ",145 ,0 ,0 
Ammomanes_cincturus,Ammomanes_cincturus,1 ,989 ,1 ,0 ,0 
Ammomanes_deserti,Ammomanes_deserti,1 ,888 ,5 ,0 ,0 
Anthreptes_metallicus,Anthreptes_metallicus,1 ,353 ,0 ,1 ,0 
Anthreptes_platurus,Anthreptes_platurus,1 ,82 ,0 ,1 ,0 
Anthus_berthelotii,Anthus_berthelotii,1 ,461 ,1 ,0 ,0 
Anthus_campestris,Anthus_campestris,2 ,"1,425 ",0 ,0 ,0 
Anthus_cervinus,Anthus_cervinus,1 ,"2,006 ",1 ,0 ,1 
Anthus_gustavi,Anthus_gustavi,1 ,888 ,0 ,0 ,0 
Anthus_hodgsoni,Anthus_hodgsoni,1 ,"1,728 ",2 ,0 ,0 
Anthus_novaeseelandiae,Anthus_novaeseelandiae,1 ,673 ,5 ,0 ,0 
Anthus_pratensis,Anthus_pratensis,1 ,"1,547 ",39 ,0 ,0 
Bombycilla_garrulus,Bombycilla_garrulus,2 ,814 ,3 ,1 ,1 
Bucanetes_githagineus,Bucanetes_githagineus,1 ,656 ,2 ,0 ,1 
Bucanetes_mongolicus,Bucanetes_mongolicus,1 ,317 ,0 ,0 ,1 
Calandrella_brachydactyla,Calandrella_brachydactyla,1 ,"1,687 ",6 ,1 ,0 
Calandrella_rufescens,Calandrella_rufescens,1 ,"1,524 ",8 ,0 ,0 
Calcarius_lapponicus,Calcarius_lapponicus,1 ,"1,370 ",28 ,1 ,0 
Carduelis_cannabina,Carduelis_cannabina,2 ,"2,007 ",27 ,0 ,1 
Carduelis_carduelis,Carduelis_carduelis,2 ,"1,400 ",18 ,0 ,1 
Carduelis_chloris,Carduelis_chloris,2 ,"1,369 ",88 ,1 ,1 
Carduelis_flammea,Carduelis_flammea,1 ,"1,781 ",30 ,0 ,1 
Carduelis_flavirostris,Carduelis_flavirostris,1 ,"1,584 ",6 ,0 ,1 
Carduelis_hornemanni,Carduelis_hornemanni,1 ,"1,340 ",3 ,0 ,1 
Carduelis_spinus,Carduelis_spinus,2 ,"2,082 ",36 ,1 ,1 
Carpodacus_erythrinus,Carpodacus_erythrinus,2 ,"1,737 ",17 ,0 ,1 
Carpodacus_rubicilla,Carpodacus_rubicilla,2 ,"1,170 ",0 ,0 ,1 
Carpodacus_synoicus,Carpodacus_synoicus,1 ,458 ,0 ,0 ,1 
Carpospiza_brachydactyla,Carpospiza_brachydactyla,1 ,889 ,2 ,0 ,0 
Cercomela_melanura,Cercomela_melanura,1 ,460 ,2 ,0 ,0 
Certhia_brachydactyla,Certhia_brachydactyla,1 ,"1,749 ",17 ,0 ,0 
Certhia_familiaris,Certhia_familiaris,1 ,"2,585 ",45 ,0 ,0 
Cettia_cetti,Cettia_cetti,2 ,"1,844 ",5 ,0 ,0 
Chersophilus_duponti,Chersophilus_duponti,1 ,800 ,4 ,0 ,0 
Cinclus_cinclus,Cinclus_cinclus,2 ,933 ,112 ,0 ,0 
Cisticola_juncidis,Cisticola_juncidis,1 ,"1,320 ",13 ,0 ,0 
Coccothraustes_coccothraustes,Coccothraustes_coccothraustes,2 ,791 ,11 ,1 ,0 
Corvus_corax,Corvus_corax,1 ,"1,244 ",137 ,0 ,0 
Corvus_frugilegus,Corvus_frugilegus,1 ,"1,034 ",57 ,0 ,0 
Corvus_monedula,Corvus_monedula,2 ,896 ,62 ,0 ,0 
Cyanopica_cyanus,Cyanopica_cyanus,1 ,766 ,10 ,0 ,0 
Delichon_urbicum,Delichon_urbica,2 ,796 ,94 ,0 ,0 
Emberiza_aureola,Emberiza_aureola,1 ,967 ,2 ,1 ,1 
Emberiza_buchanani,Emberiza_buchanani,1 ,661 ,0 ,1 ,0 
Emberiza_caesia,Emberiza_caesia,1 ,600 ,1 ,1 ,0 
Emberiza_cia,Emberiza_cia,2 ,974 ,8 ,1 ,0 
Emberiza_cirlus,Emberiza_cirlus,2 ,"1,342 ",30 ,1 ,1 
Emberiza_citrinella,Emberiza_citrinella,2 ,"1,661 ",93 ,1 ,1 
Emberiza_hortulana,Emberiza_hortulana,1 ,"1,527 ",16 ,1 ,0 
Emberiza_melanocephala,Emberiza_melanocephala,1 ,853 ,38 ,1 ,1 
Emberiza_pallasi,Emberiza_pallasi,1 ,612 ,0 ,1 ,0 
Emberiza_pusilla,Emberiza_pusilla,1 ,"1,042 ",3 ,0 ,0 
Emberiza_rustica,Emberiza_rustica,2 ,595 ,1 ,1 ,0 
Emberiza_schoeniclus,Emberiza_schoeniclus,1 ,"1,202 ",51 ,1 ,0 
Eremalauda_dunni,Eremalauda_dunni,1 ,967 ,4 ,0 ,0 
Eremophila_alpestris,Eremophila_alpestris,2 ,"1,916 ",41 ,1 ,1 
Eremophila_bilopha,Eremophila_bilopha,1 ,502 ,0 ,1 ,1 
Eremopterix_nigriceps,Eremopterix_nigriceps,2 ,988 ,1 ,1 ,0 
Erithacus_rubecula,Erithacus_rubecula,2 ,"2,058 ",194 ,0 ,0 
Erythropygia_galactotes,Cercotrichas_galactotes,2 ,857 ,21 ,0 ,0 
Ficedula_albicollis,Ficedula_albicollis,1 ,"1,847 ",178 ,1 ,0 
Ficedula_hypoleuca,Ficedula_hypoleuca,1 ,"1,749 ",733 ,1 ,0 
Ficedula_parva,Ficedula_parva,1 ,"1,683 ",6 ,0 ,1 
Ficedula_semitorquata,Ficedula_semitorquata,1 ,995 ,0 ,1 ,0 
Fringilla_coelebs,Fringilla_coelebs,2 ,"1,318 ",168 ,1 ,0 
Fringilla_montifringilla,Fringilla_montifringilla,1 ,"1,615 ",30 ,1 ,0 
Fringilla_teydea,Fringilla_teydea,1 ,378 ,3 ,1 ,0 
Galerida_cristata,Galerida_cristata,2 ,"2,113 ",13 ,0 ,0 
Galerida_theklae,Galerida_theklae,1 ,"1,583 ",6 ,0 ,0 
Garrulus_glandarius,Garrulus_glandarius,2 ,"1,113 ",45 ,0 ,0 
Hippolais_caligata,Hippolais_caligata,1 ,968 ,2 ,0 ,0 
Hippolais_icterina,Hippolais_icterina,2 ,"1,517 ",13 ,0 ,0 
Hippolais_languida,Hippolais_languida,1 ,997 ,0 ,0 ,0 
Hippolais_olivetorum,Hippolais_olivetorum,1 ,424 ,0 ,0 ,0 
Hippolais_polyglotta,Hippolais_polyglotta,2 ,"1,371 ",8 ,0 ,0 
Hirundo_daurica,Hirundo_daurica,1 ,694 ,2 ,0 ,0 
Hirundo_rustica,Hirundo_rustica,1 ,843 ,587 ,1 ,0 
Hypocolius_ampelinus,Hypocolius_ampelinus,1 ,623 ,0 ,1 ,0 
Irania_gutturalis,Irania_gutturalis,2 ,"1,269 ",0 ,1 ,0 
Lanius_collurio,Lanius_collurio,1 ,"1,172 ",65 ,1 ,0 
Lanius_excubitor,Lanius_excubitor,2 ,"1,191 ",36 ,0 ,0 
Lanius_isabellinus,Lanius_isabellinus,1 ,445 ,1 ,1 ,0 
Lanius_minor,Lanius_minor,1 ,"1,172 ",14 ,1 ,0 
Lanius_nubicus,Lanius_nubicus,1 ,602 ,2 ,1 ,0 
Lanius_senator,Lanius_senator,2 ,"1,560 ",13 ,1 ,0 
Locustella_fluviatilis,Locustella_fluviatilis,1 ,"1,928 ",5 ,0 ,0 
Locustella_lanceolata,Locustella_lanceolata,1 ,"1,033 ",1 ,0 ,0 
Locustella_luscinioides,Locustella_luscinioides,2 ,"2,081 ",12 ,0 ,0 
Locustella_naevia,Locustella_naevia,2 ,"2,390 ",8 ,0 ,0 
Loxia_curvirostra,Loxia_curvirostra,2 ,"1,837 ",47 ,0 ,1 
Loxia_leucoptera,Loxia_leucoptera,2 ,"1,712 ",16 ,0 ,1 
Loxia_pytyopsittacus,Loxia_pytyopsittacus,2 ,"1,464 ",1 ,0 ,1 
Loxia_scotica,Loxia_scotica,2 ,"1,338 ",3 ,0 ,1 
Lullula_arborea,Lullula_arborea,2 ,"2,167 ",15 ,0 ,0 
Luscinia_calliope,Luscinia_calliope,2 ,"1,110 ",0 ,1 ,0 
Luscinia_luscinia,Luscinia_luscinia,2 ,"1,774 ",15 ,0 ,0 
Luscinia_megarhynchos,Luscinia_megarhynchos,2 ,"1,494 ",79 ,0 ,0 
Luscinia_svecica,Luscinia_svecica,2 ,"2,108 ",43 ,1 ,0 
Melanocorypha_bimaculata,Melanocorypha_bimaculata,1 ,730 ,1 ,0 ,0 
Melanocorypha_calandra,Melanocorypha_calandra,1 ,"1,440 ",2 ,0 ,0 
Melanocorypha_leucoptera,Melanocorypha_leucoptera,1 ,557 ,0 ,1 ,0 
Melanocorypha_yeltoniensis,Melanocorypha_yeltoniensis,1 ,836 ,0 ,1 ,0 
Miliaria_calandra,Miliaria_calandra,0 ,"1,520 ",68 ,0 ,0 
Monticola_saxatilis,Monticola_saxatilis,2 ,858 ,3 ,1 ,0 
Monticola_solitarius,Monticola_solitarius,2 ,"1,283 ",2 ,1 ,0 
Montifringilla_nivalis,Montifringilla_nivalis,2 ,"1,901 ",4 ,1 ,0 
Motacilla_alba,Motacilla_alba,1 ,949 ,38 ,1 ,0 
Motacilla_cinerea,Motacilla_cinerea,1 ,872 ,21 ,1 ,1 
Motacilla_citreola,Motacilla_citreola,1 ,519 ,4 ,1 ,1 
Motacilla_flava,Motacilla_flava,1 ,"1,329 ",27 ,1 ,1 
Muscicapa_striata,Muscicapa_striata,1 ,838 ,13 ,0 ,0 
Nectarinia_osea,Nectarinia_osea,1 ,660 ,22 ,1 ,1 
Nucifraga_caryocatactes,Nucifraga_caryocatactes,1 ,"1,395 ",12 ,0 ,0 
Oenanthe_albonigra,Oenanthe_alboniger,0 ,389 ,0 ,1 ,0 
Oenanthe_deserti,Oenanthe_deserti,2 ,"1,066 ",0 ,1 ,0 
Oenanthe_finschii,Oenanthe_finschii,2 ,"1,117 ",1 ,1 ,0 
Oenanthe_hispanica,Oenanthe_hispanica,2 ,"1,362 ",7 ,1 ,0 
Oenanthe_isabellina,Oenanthe_isabellina,2 ,"1,470 ",2 ,1 ,0 
Oenanthe_leucopyga,Oenanthe_leucopyga,2 ,"1,302 ",1 ,1 ,0 
Oenanthe_leucura,Oenanthe_leucura,2 ,"1,113 ",11 ,1 ,0 
Oenanthe_lugens,Oenanthe_lugens,2 ,903 ,1 ,1 ,0 
Oenanthe_moesta,Oenanthe_moesta,2 ,889 ,0 ,1 ,0 
Oenanthe_monacha,Oenanthe_monacha,0 ,293 ,0 ,1 ,0 
Oenanthe_oenanthe,Oenanthe_oenanthe,2 ,"1,697 ",72 ,1 ,0 
Oenanthe_pleschanka,Oenanthe_pleschanka,2 ,"1,700 ",5 ,1 ,0 
Oenanthe_xanthoprymna,Oenanthe_xanthoprymna,2 ,"1,436 ",0 ,1 ,0 
Oriolus_oriolus,Oriolus_oriolus,2 ,"1,778 ",10 ,1 ,1 
Panurus_biarmicus,Panurus_biarmicus,1 ,679 ,23 ,1 ,0 
Parus_ater,Parus_ater,2 ,"1,144 ",67 ,0 ,0 
Parus_caeruleus,Parus_caeruleus,2 ,"1,153 ",331 ,1 ,1 
Parus_cinctus,Parus_cinctus,1 ,297 ,24 ,0 ,0 
Parus_cristatus,Parus_cristatus,1 ,270 ,40 ,0 ,0 
Parus_cyanus,Parus_cyanus,1 ,191 ,0 ,1 ,0 
Parus_lugubris,Parus_lugubris,1 ,597 ,2 ,0 ,0 
Parus_major,Parus_major,2 ,"1,811 ","1,231 ",1 ,1 
Parus_montanus,Parus_montanus,2 ,"1,630 ",192 ,0 ,0 
Parus_palustris,Parus_palustris,2 ,"1,131 ",94 ,0 ,0 
Passer_domesticus,Passer_domesticus,1 ,747 ,661 ,1 ,0 
Passer_hispaniolensis,Passer_hispaniolensis,1 ,374 ,15 ,1 ,0 
Passer_iagoensis,Passer_iagoensis,1 ,116 ,0 ,1 ,0 
Passer_moabiticus,Passer_moabiticus,1 ,216 ,1 ,1 ,0 
Passer_montanus,Passer_montanus,1 ,613 ,68 ,0 ,0 
Perisoreus_infaustus,Perisoreus_infaustus,1 ,732 ,27 ,0 ,0 
Petronia_petronia,Petronia_petronia,2 ,"1,899 ",13 ,0 ,1 
Petronia_xanthocollis,Petronia_xanthocollis,1 ,472 ,11 ,0 ,1 
Phoenicurus_erythrogaster,Phoenicurus_erythrogaster,1 ,230 ,0 ,1 ,0 
Phoenicurus_erythronotus,Phoenicurus_erythronotus,1 ,244 ,0 ,1 ,0 
Phoenicurus_moussieri,Phoenicurus_moussieri,1 ,524 ,0 ,1 ,0 
Phoenicurus_ochruros,Phoenicurus_ochruros,2 ,"1,210 ",26 ,1 ,0 
Phoenicurus_phoenicurus,Phoenicurus_phoenicurus,2 ,"1,141 ",37 ,1 ,0 
Phylloscopus_bonelli,Phylloscopus_bonelli,1 ,"2,284 ",3 ,0 ,0 
Phylloscopus_borealis,Phylloscopus_borealis,1 ,"1,480 ",1 ,0 ,0 
Phylloscopus_collybita,Phylloscopus_collybita,2 ,"3,200 ",62 ,0 ,0 
Phylloscopus_inornatus,Phylloscopus_inornatus,1 ,"1,107 ",3 ,0 ,0 
Phylloscopus_sibilatrix,Phylloscopus_sibilatrix,1 ,"2,770 ",22 ,0 ,0 
Phylloscopus_trochiloides,Phylloscopus_trochiloides,2 ,"2,098 ",9 ,0 ,0 
Phylloscopus_trochilus,Phylloscopus_trochilus,2 ,"3,392 ",126 ,0 ,0 
Pica_pica,Pica_pica,2 ,"1,321 ",238 ,0 ,0 
Pinicola_enucleator,Pinicola_enucleator,2 ,"1,358 ",8 ,0 ,1 
Prinia_gracilis,Prinia_gracilis,0 ,845 ,5 ,0 ,0 
Prunella_atrogularis,Prunella_atrogularis,1 ,349 ,0 ,0 ,0 
Prunella_collaris,Prunella_collaris,2 ,"1,540 ",25 ,0 ,0 
Prunella_modularis,Prunella_modularis,2 ,"1,057 ",175 ,0 ,0 
Prunella_montanella,Prunella_montanella,1 ,352 ,0 ,0 ,0 
Prunella_ocularis,Prunella_ocularis,1 ,244 ,0 ,0 ,0 
Pycnonotus_leucogenys,Pycnonotus_leucogenys,1 ,342 ,4 ,0 ,0 
Pyrrhocorax_graculus,Pyrrhocorax_graculus,1 ,781 ,20 ,0 ,0 
Pyrrhocorax_pyrrhocorax,Pyrrhocorax_pyrrhocorax,1 ,670 ,56 ,0 ,0 
Pyrrhula_pyrrhula,Pyrrhula_pyrrhula,2 ,"1,229 ",31 ,0 ,1 
Regulus_ignicapilla,Regulus_ignicapillus,0 ,"1,362 ",7 ,0 ,1 
Regulus_regulus,Regulus_regulus,2 ,"1,486 ",33 ,0 ,1 
Remiz_pendulinus,Remiz_pendulinus,1 ,"1,254 ",38 ,1 ,0 
Rhamphocoris_clotbey,Rhamphocoris_clotbey,1 ,630 ,1 ,1 ,0 
Rhodopechys_sanguineus,Rhodopechys_sanguinea,2 ,"1,013 ",0 ,0 ,1 
Riparia_riparia,Riparia_riparia,2 ,670 ,88 ,0 ,0 
Saxicola_dacotiae,Saxicola_dacotiae,0 ,191 ,4 ,1 ,0 
Saxicola_rubetra,Saxicola_rubetra,0 ,650 ,18 ,1 ,0 
Saxicola_torquata,Saxicola_torquata,1 ,"1,013 ",62 ,1 ,0 
Scotocerca_inquieta,Scotocerca_inquieta,2 ,906 ,1 ,0 ,0 
Serinus_canaria,Serinus_canaria,2 ,872 ,117 ,0 ,1 
Serinus_citrinella,Serinus_citrinella,1 ,"1,589 ",14 ,0 ,1 
Serinus_pusillus,Serinus_pusillus,2 ,972 ,1 ,0 ,1 
Serinus_serinus,Serinus_serinus,2 ,"1,304 ",32 ,0 ,1 
Serinus_syriacus,Serinus_syriacus,1 ,627 ,0 ,0 ,0 
Sitta_europaea,Sitta_europaea,1 ,709 ,92 ,1 ,0 
Sitta_krueperi,Sitta_krueperi,1 ,339 ,0 ,1 ,0 
Sitta_neumayer,Sitta_neumayer,2 ,643 ,0 ,0 ,0 
Sitta_tephronota,Sitta_tephronota,2 ,383 ,0 ,0 ,0 
Sturnus_roseus,Sturnus_roseus,2 ,484 ,3 ,1 ,1 
Sturnus_unicolor,Sturnus_unicolor,2 ,684 ,28 ,1 ,0 
Sturnus_vulgaris,Sturnus_vulgaris,2 ,"2,427 ","1,187 ",1 ,1 
Sylvia_atricapilla,Sylvia_atricapilla,2 ,"1,946 ",192 ,1 ,0 
Sylvia_borin,Sylvia_borin,2 ,"1,046 ",163 ,0 ,0 
Sylvia_cantillans,Sylvia_cantillans,1 ,807 ,1 ,1 ,0 
Sylvia_communis,Sylvia_communis,1 ,"1,747 ",44 ,1 ,0 
Sylvia_conspicillata,Sylvia_conspicillata,1 ,957 ,1 ,1 ,0 
Sylvia_curruca,Sylvia_curruca,1 ,"1,437 ",7 ,0 ,0 
Sylvia_deserticola,Sylvia_deserticola,1 ,596 ,0 ,1 ,0 
Sylvia_hortensis,Sylvia_hortensis,2 ,"1,142 ",3 ,1 ,0 
Sylvia_leucomelaena,Sylvia_leucomelaena,2 ,339 ,3 ,1 ,0 
Sylvia_melanocephala,Sylvia_melanocephala,1 ,"1,141 ",11 ,1 ,0 
Sylvia_melanothorax,Sylvia_melanothorax,1 ,796 ,0 ,1 ,0 
Sylvia_mystacea,Sylvia_mystacea,1 ,798 ,0 ,1 ,0 
Sylvia_nana,Sylvia_nana,1 ,"1,230 ",2 ,0 ,0 
Sylvia_nisoria,Sylvia_nisoria,2 ,"1,461 ",6 ,1 ,0 
Sylvia_rueppelli,Sylvia_rueppelli,1 ,712 ,0 ,1 ,0 
Sylvia_sarda,Sylvia_sarda,1 ,"1,063 ",1 ,1 ,0 
Sylvia_undata,Sylvia_undata,1 ,"1,403 ",10 ,1 ,0 
Tarsiger_cyanurus,Tarsiger_cyanurus,1 ,"1,333 ",0 ,1 ,0 
Tichodroma_muraria,Tichodroma_muraria,2 ,"1,708 ",3 ,1 ,1 
Troglodytes_troglodytes,Troglodytes_troglodytes,2 ,"1,755 ",127 ,0 ,0 
Turdoides_altirostris,Turdoides_altirostris,1 ,588 ,0 ,0 ,0 
Turdoides_squamiceps,Turdoides_squamiceps,2 ,929 ,30 ,0 ,0 
Turdus_iliacus,Turdus_iliacus,1 ,"1,073 ",19 ,0 ,0 
Turdus_merula,Turdus_merula,2 ,"2,079 ",265 ,1 ,1 
Turdus_philomelos,Turdus_philomelos,0 ,"1,623 ",60 ,0 ,0 
Turdus_pilaris,Turdus_pilaris,1 ,"1,163 ",46 ,0 ,0 
Turdus_ruficollis,Turdus_ruficollis,1 ,912 ,1 ,1 ,0 
Turdus_torquatus,Turdus_torquatus,1 ,806 ,5 ,1 ,0 
Turdus_viscivorus,Turdus_viscivorus,1 ,"1,826 ",9 ,0 ,0 
Zoothera_dauma,Zoothera_dauma,1 ,"1,126 ",2 ,0 ,0 