in_database,species_in_birdtree,final_check
Acanthorhynchus_supercili,Acanthorhynchus_superciliosus,
Acanthorhynchus_tenuirost,Acanthorhynchus_tenuirostris,
Acanthornis_magnus,Acanthornis_magna,
Accipiter_madagascariensi,Accipiter_madagascariensis,
Acrocephalus_arundinaceu,Acrocephalus_arundinaceus,
Acrocephalus_luscinia,Acrocephalus_luscinius,
Acrocephalus_melanopogo,Acrocephalus_melanopogon,
Acrocephalus_schoenobaen,Acrocephalus_schoenobaenus,
Aenigmatolimnas_marginal,Aenigmatolimnas_marginalis,
Aethopyga_primigenius,Aethopyga_primigenia,
Agelaius_xanthophthalmus,Agelasticus_xanthophthalmus,
Agelaoides_badius,Agelaioides_badius,
Agriornis_livida,Agriornis_lividus,
Agriornis_microptera,Agriornis_micropterus,
Agriornis_montana,Agriornis_montanus,
Agriornis_murina,Agriornis_murinus,
Alcedo_cyanopecta,Alcedo_cyanopectus,
Alectroenas_madagascarie,Alectroenas_madagascariensis,
Alopochen_aegyptiacus,Alopochen_aegyptiaca,
Amaurocichla_bocagii,Amaurocichla_bocagei,
Amaurornis_isabellinus,Amaurornis_isabellina,
Amaurornis_moluccanus,Amaurornis_moluccana,
Amaurornis_olivaceus,Amaurornis_olivacea,
Amazona_xanthops,Alipiopsitta_xanthops,replaced
Amblyornis_inornatus,Amblyornis_inornata,
Amblyramphus_holosericeu,Amblyramphus_holosericeus,
Ambylramphus_holosericeus,Amblyramphus_holosericeus,
Ammomanes_cincturus,Ammomanes_cinctura,
Ammomanes_phoenicurus,Ammomanes_phoenicura,
Anas_specularis,Speculanas_specularis,replaced
Anodorhynchus_hyacinthin,Anodorhynchus_hyacinthinus,
Anthracothorax_veraguensi,Anthracothorax_veraguensis,
Anthreptes_rhodolaema,Anthreptes_rhodolaemus,
Aplonis_brunneicapilla,Aplonis_brunneicapillus,
Apteryx_rowi,NA,
Ara_ambigua,Ara_ambiguus,
Ara_manilata,Orthopsittaca_manilata,replaced
Ara_nobilis,Diopsittaca_nobilis,replaced
Ara_severa,Ara_severus,
Aratinga_auricapilla,Aratinga_auricapillus,
Aratinga_leucophthalmus,Aratinga_leucophthalma,
Aratinga_rubritorques,Aratinga_rubritorquis,
Atlapetes_melanops,Atlapetes_melanopsis,replaced
Augastes_lumachellus,Augastes_lumachella,
Aulacorhynchus_coeruleici,Aulacorhynchus_coeruleicinctis,
Aulacorhynchus_haematop,Aulacorhynchus_haematopygus,
Bambusicola_thoracica,Bambusicola_thoracicus,
Basileuterus_leucoblepharu,Basileuterus_leucoblepharus,
Basilornis_miranda,Basilornis_mirandus,
Bathmocercus_cerviniventri,Bathmocercus_cerviniventris,
Batrachostomus_poliolophu,Batrachostomus_poliolophus,
Bias_flammulatus,Megabyas_flammulatus,
Bleda_canicapilla,Bleda_canicapillus,
Bleda_eximia,Bleda_eximius,
Bleda_syndactyla,Bleda_syndactylus,
Bolborhynchus_ferrugineifr,Bolborhynchus_ferrugineifrons,
Bolborhynchus_orbygnesiu,Bolborhynchus_orbygnesius,
Brachypteracias_leptosomu,Brachypteracias_leptosomus,
Brachypteracias_squamigera,Brachypteracias_squamiger,
Brotogeris_chrysopterus,Brotogeris_chrysoptera,
Brotogeris_pyrrhopterus,Brotogeris_pyrrhoptera,
Buteo_nitida,Buteo_nitidus,
Butorides_striatus,Butorides_striata,
Cacatua_goffini,Cacatua_ducorpsii,replaced
Calicalicus_madagascarien,Calicalicus_madagascariensis,
Callaeas_cinerea,Callaeas_cinereus,
Caloperdix_oculea,Caloperdix_oculeus,
Campephilus_guatemalensi,Campephilus_guatemalensis,
Campephilus_haematogaste,Campephilus_haematogaster,
Campylopterus_hemileucur,Campylopterus_hemileucurus,
Campylopterus_hyperythru,Campylopterus_hyperythrus,
Campylopterus_phainopepl,Campylopterus_phainopeplus,
Campylopterus_villaviscens,Campylopterus_villaviscensio,
Campylorhamphus_falcular,Campylorhamphus_falcularius,
Campylorhamphus_procurv,Campylorhamphus_procurvoides,
Campylorhamphus_pucher,Campylorhamphus_pucherani,
Campylorhamphus_trochili,Campylorhamphus_trochilirostris,
Campylorhynchus_albobru,Campylorhynchus_albobrunneus,
Campylorhynchus_brunneic,Campylorhynchus_brunneicapillus,
Campylorhynchus_chiapens,Campylorhynchus_chiapensis,
Campylorhynchus_megalop,Campylorhynchus_megalopterus,
Campylorhynchus_rufinuch,Campylorhynchus_rufinucha,
Campylorhynchus_yucatani,Campylorhynchus_yucatanicus,
Caprimulgus_hirundinaceu,Caprimulgus_hirundinaceus,
Caprimulgus_madagascari,Caprimulgus_madagascariensis,
Caprimulgus_nigriscapular,Caprimulgus_nigriscapularis,
Caprimulgus_sericocaudat,Caprimulgus_sericocaudatus,
Carduelis_cannabina,NA,
Carduelis_cannabina,NA,
Carpodacus_rodochrous,Carpodacus_rodochroa,
Carpornis_cucullatus,Carpornis_cucullata,
Carpornis_melanocephalus,Carpornis_melanocephala,
Casiornis_fusca,Casiornis_fuscus,
Casiornis_rufa,Casiornis_rufus,
Casuarius_unappendiculatu,Casuarius_unappendiculatus,
Catamblyrhynchus_diadem,Catamblyrhynchus_diadema,
Catharacta_maccormicki,NA,
Catoptrophorus_semipalma,Catoptrophorus_semipalmatus,
Catreus_wallichii,Catreus_wallichi,
Cecropis_senegalensis,Hirundo_senegalensis,replaced
Cercomacra_tyrannina,Cercomacra_tyrannina,replaced
Certhiaxis_cinnamomea,Certhiaxis_cinnamomeus,
Certhiaxis_mustelina,Certhiaxis_mustelinus,
Certhilauda_erythrochlamy,Certhilauda_erythrochlamys,
Ceyx_erithacus,Ceyx_erithaca,
Chaetornis_striatus,Chaetornis_striata,
Chaetura_spinicauda,Chaetura_spinicaudus,
Chaimarrornis_leucocephal,Chaimarrornis_leucocephalus,
Chen_rossii,Chen_rossii,
Cheramoeca_leucosternus,Cheramoeca_leucosterna,
Chionis_alba,Chionis_albus,
Chlidonias_hybridus,Chlidonias_hybrida,
Chlorestes_notatus,Chlorestes_notata,
Chlorospingus_ophthalmic,Chlorospingus_ophthalmicus,
Chlorostilbon_stenura,Chlorostilbon_stenurus,
Chrysococcyx_xanthorhync,Chrysococcyx_xanthorhynchus,
Chthonicola_sagittatus,Chthonicola_sagittatus,
Cinclosoma_castaneothora,Cinclosoma_castaneothorax,
Cinclosoma_castanotus,Cinclosoma_castanotum,
Cissopis_leveriana,Cissopis_leverianus,
Cisticola_cherinus,Cisticola_cherina,
Cisticola_chinianus,Cisticola_chiniana,
Cisticola_fulvicapillus,Cisticola_fulvicapilla,
Cisticola_melanura,Cisticola_melanurus,
Cisticola_subruficapillus,Cisticola_subruficapilla,
Cladorhynchus_leucocepha,Cladorhynchus_leucocephalus,
Clibanornis_dendrocolapto,Clibanornis_dendrocolaptoides,
Climacteris_melanura,Climacteris_melanurus,
Climacteris_rufa,Climacteris_rufus,
Clytorhynchus_pachycepha,Clytorhynchus_pachycephaloides,
Coccothraustes_coccothrau,Coccothraustes_coccothraustes,
Cochlearius_cochlearia,Cochlearius_cochlearius,
Coeligena_eos,NA,
Collocalia_leucophaeus,Collocalia_leucophaea,
Collocalia_spodiopygius,Collocalia_spodiopygia,
Columba_oenops,Patagioenas_oenops,replaced
Columba_torringtoni,Columba_torringtoniae,
Conirostrum_ferrugineivent,Conirostrum_ferrugineiventre,
Conopias_albovittata,Conopias_albovittatus,
Conopias_parva,Conopias_parvus,
Conopias_trivirgata,Conopias_trivirgatus,
Conopophaga_melanogaste,Conopophaga_melanogaster,
Coracias_abyssinica,Coracias_abyssinicus,
Coracias_caudata,Coracias_caudatus,
Coracias_spatulata,Coracias_spatulatus,
Coracopsis_vasa,NA,
Cormobates_leucophaeus,Cormobates_leucophaea,
Corythopis_torquata,Corythopis_torquatus,
Coturnicops_noveboracensi,Coturnicops_noveboracensis,
Creurgops_dentata,Creurgops_dentatus,
Crossoptilon_mantchuricu,Crossoptilon_mantchuricum,
Cryptosylvicola_randrianas,Cryptosylvicola_randrianasoloi,
Cyanochen_cyanopterus,Cyanochen_cyanoptera,
Cyanocorax_melanocyaneu,Cyanocorax_melanocyaneus,
Cyanolanius_madagascarin,Cyanolanius_madagascarinus,
Cyanoliseus_patagonus,Cyanoliseus_patagonus,
Cyanolyca_viridicyana,Cyanolyca_viridicyanus,
Cyanopica_cyana,Cyanopica_cyanus,
Cyanoramphus_novaezelan,Cyanoramphus_novaezelandiae,
Cygnus_melanocorypha,Cygnus_melancoryphus,
Cymbilaimus_sanctaemaria,Cymbilaimus_sanctaemariae,
Cymbirhynchus_macrorhyn,Cymbirhynchus_macrorhynchos,
Cyphorhinus_aradus,Cyphorhinus_arada,
Cyphorhinus_phaeocephalu,Cyphorhinus_phaeocephalus,
Delichon_nipalensis,Delichon_nipalense,
Delichon_urbica,Delichon_urbicum,
Delothraupis_castaneovent,Delothraupis_castaneoventris,
Dendrocolaptes_platyrostri,Dendrocolaptes_platyrostris,
Dendrocolaptes_sanctithom,Dendrocolaptes_sanctithomae,
Dendroica_petechia,Dendroica_aestiva,replaced
Dendropicos_obsoletus,NA,
Dendropicos_poecilolaemu,Dendropicos_poecilolaemus,
Dendropicos_spodocephalu,Dendropicos_spodocephalus,
Discosura_longicauda,Discosura_longicaudus,
Dives_atroviolacea,Dives_atroviolaceus,
Donacobius_atricapillus,Donacobius_atricapilla,
Enicognathus_leptorhynchu,Enicognathus_leptorhynchus,
Ephippiorhynchus_asiaticu,Ephippiorhynchus_asiaticus,
Ephippiorhynchus_senegale,Ephippiorhynchus_senegalensis,
Eremopterix_grisea,Eremopterix_griseus,
Eremopterix_signata,Eremopterix_signatus,
Eriocnemis_vestitus,Eriocnemis_vestita,
Eudynamys_scolopacea,Eudynamys_scolopaceus,
Eulabeornis_castaneoventri,Eulabeornis_castaneoventris,
Eumyias_albicaudata,Eumyias_albicaudatus,
Eumyias_sordida,Eumyias_sordidus,
Eumyias_thalassina,Eumyias_thalassinus,
Euplectes_macrourus,Euplectes_macroura,
Eupodotis_bengalensis,Houbaropsis_bengalensis,replaced
Eupodotis_indica,Sypheotides_indicus,replaced
Euscarthmus_rufomarginat,Euscarthmus_rufomarginatus,
Euschistospiza_cinereovina,Euschistospiza_cinereovinacea,
Falco_tinnunculus,Falco_tinnunculus,
Forpus_crassirostris,NA,
Forpus_sclateri,NA,
Foulehaio_carunculata,Foulehaio_carunculatus,
Galbalcyrhynchus_purusia,Galbalcyrhynchus_purusianus,
Gallicolumba_criniger,Gallicolumba_crinigera,
Gallicolumba_sanctaecruci,Gallicolumba_sanctaecrucis,
Gallinula_chloropus ,Gallinula_chloropus,
Gerygone_chloronotus,Gerygone_chloronota,
Glaucis_aenea,Glaucis_aeneus,
Glaucis_hirsuta,Glaucis_hirsutus,
Glossopsitta_porphyroceph,Glossopsitta_porphyrocephala,
Grallaria_andicola,Grallaria_andicolus,
Grallaricula_ferrugineipect,Grallaricula_ferrugineipectus,
Graydidascalus_brachyuru,Graydidascalus_brachyurus,
Gymnopithys_lunulata,Gymnopithys_lunulatus,
Gymnorhinus_cyanocephal,Gymnorhinus_cyanocephalus,
Harpactes_reinwardtii,Apalharpactes_reinwardtii,
Heliactin_bilophum,Heliactin_bilophus,
Heliolais_erythroptera,Heliolais_erythropterus,
Heliopais_personata,Heliopais_personatus,
Heliothryx_aurita,Heliothryx_auritus,
Helmitheros_vermivorus,Helmitheros_vermivorum,
Hemiphaga_novaeseelandi,Hemiphaga_novaeseelandiae,
Hemispingus_rufosupercili,Hemispingus_rufosuperciliaris,
Hemispingus_xanthophthal,Hemispingus_xanthophthalmus,
Hemitriccus_cinnamomeipe,Hemitriccus_cinnamomeipectus,
Hemitriccus_margaritaceiv,Hemitriccus_margaritaceiventer,
Herpsilochmus_dorsimacul,Herpsilochmus_dorsimaculatus,
Herpsilochmus_motacilloid,Herpsilochmus_motacilloides,
Herpsilochmus_rufimargin,Herpsilochmus_rufimarginatus,
Herpsilochmus_stictocepha,Herpsilochmus_stictocephalus,
Heterocercus_aurantiiverte,Heterocercus_aurantiivertex,
Heterospingus_xanthopygiu,Heterospingus_xanthopygius,
Himantopus_novaezelandia,Himantopus_novaezelandiae,
Hirundapus_cochinchinensi,Hirundapus_cochinchinensis,
Hirundo_fulva,Petrochelidon_fulva,replaced
Histurgops_ruficauda,Histurgops_ruficaudus,
Hodgsonius_phaenicuroide,Hodgsonius_phaenicuroides,
Hylacola_cautus,Hylacola_cauta,
Hylocichla_mustelinus,Hylocichla_mustelina,
Hylocryptus_erythrocephal,Hylocryptus_erythrocephalus,
Hylophilus_amaurocephalu,Hylophilus_amaurocephalus,
Hylophylax_naevia,Hylophylax_naevius,
Hylophylax_punctulata,Hylophylax_punctulatus,
Hymenolaimus_malacorhyn,Hymenolaimus_malacorhynchos,
Hypocnemoides_maculicau,Hypocnemoides_maculicauda,
Hypocnemoides_melanopog,Hypocnemoides_melanopogon,
Hypocryptadius_cinnamom,Hypocryptadius_cinnamomeus,
Hypogramma_hypogrammi,Hypogramma_hypogrammicum,
Hypopyrrhus_pyrohypogast,Hypopyrrhus_pyrohypogaster,
Hypsipetes_madagascarien,Hypsipetes_madagascariensis,
Irena_cyanogaster,Irena_cyanogastra,
Iridophanes_pulcherrima,Iridophanes_pulcherrimus,
Iridosornis_porphyrocephal,Iridosornis_porphyrocephalus,
Kaupifalco_monogrammicu,Kaupifalco_monogrammicus,
Lagonosticta_sanguinodors,Lagonosticta_sanguinodorsalis,
Lagonosticta_umbrinodors,Lagonosticta_umbrinodorsalis,
Lagopus_leucurus,Lagopus_leucura,
Lagopus_mutus,Lagopus_muta,
Lamprotornis_iris,Coccycolius_iris,replaced
Lamprotornis_purpuropter,Lamprotornis_purpuroptera,
Lamprotornis_purpuropterus,Lamprotornis_purpuroptera,
Larus_scoresbii,Leucophaeus_scoresbii,
Lepidocolaptes_albolineatu,Lepidocolaptes_albolineatus,
Lepidocolaptes_angustirost,Lepidocolaptes_angustirostris,
Lepidopyga_coeruleogulari,Lepidopyga_coeruleogularis,
Lepidothrix_coeruleocapill,Lepidothrix_coeruleocapilla,
Leptasthenura_aegithaloide,Leptasthenura_aegithaloides,
Leptopogon_amaurocephal,Leptopogon_amaurocephalus,
Leucopternis_lacernulata,Leucopternis_lacernulatus,
Leucopternis_plumbea,Leucopternis_plumbeus,
Leucopternis_polionota,Leucopternis_polionotus,
Leucopternis_schistacea,Leucopternis_schistaceus,
Leucopternis_semiplumbea,Leucopternis_semiplumbeus,
Lewinia_mirificus,Lewinia_mirifica,
Lichenostomus_fasciogulari,Lichenostomus_fasciogularis,
Limnodromus_semipalmatu,Limnodromus_semipalmatus,
Lonchura_fuscata,Padda_fuscata,replaced
Lophornis_brachylopha,Lophornis_brachylophus,
Lophospingus_griseocristat,Lophospingus_griseocristatus,
Lophozosterops_goodfellow,Lophozosterops_goodfellowi,
Lophozosterops_squamicep,Lophozosterops_squamiceps,
Lophozosterops_superciliar,Lophozosterops_superciliaris,
Lorius_albidinuchus,Lorius_albidinucha,
Lysurus_crassirostris,Arremon_crassirostris,replaced
Machaerirhynchus_flaviven,Machaerirhynchus_flaviventer,
Machaerirhynchus_nigripe,Machaerirhynchus_nigripectus,
Machaeropterus_pyrocepha,Machaeropterus_pyrocephalus,
Machetornis_rixosus,Machetornis_rixosa,
Malacocincla_sepiarium,Malacocincla_sepiaria,
Malacopteron_palawanens,Malacopteron_palawanense,
Malacorhynchus_membran,Malacorhynchus_membranaceus,
Manucodia_atra,Manucodia_ater,
Manucodia_chalybata,Manucodia_chalybatus,
Margaroperdix_madagaren,Margaroperdix_madagascariensis,
Marmaronetta_angustirostr,Marmaronetta_angustirostris,
Mecocerculus_poecilocercu,Mecocerculus_poecilocercus,
Megalaima_rubricapilla,Megalaima_rubricapillus,
Melanerpes_erythrocephalu,Melanerpes_erythrocephalus,
Melanocorypha_yeltoniensi,Melanocorypha_yeltoniensis,
Melanodera_xanthogramm,Melanodera_xanthogramma,
Melanoperdix_nigra,Melanoperdix_niger,
Melozone_biarcuatum,Melozone_biarcuata,
Mesitornis_variegata,Mesitornis_variegatus,
Metopothrix_aurantiacus,Metopothrix_aurantiaca,
Microhierax_melanoleucus,Microhierax_melanoleucos,
Mitu_tomentosa,Mitu_tomentosum,
Mitu_tuberosa,Mitu_tuberosum,
Molothrus_oryzivora,Molothrus_oryzivorus,
Monarcha_guttulus,Monarcha_guttula,
Muscisaxicola_alpina,Muscisaxicola_alpinus,
Muscisaxicola_capistrata,Muscisaxicola_capistratus,
Muscisaxicola_cinerea,Muscisaxicola_cinereus,
Muscisaxicola_grisea,Muscisaxicola_griseus,
Muscisaxicola_macloviana,Muscisaxicola_maclovianus,
Muscisaxicola_maculirostri,Muscisaxicola_maculirostris,
Myioborus_castaneocapillu,Myioborus_castaneocapilla,
Myiodynastes_chrysocephal,Myiodynastes_chrysocephalus,
Myiophobus_ochraceiventri,Myiophobus_ochraceiventris,
Myrmecocichla_arnotti,Myrmecocichla_arnoti,
Myrmecocichla_formicivor,Myrmecocichla_formicivora,
Myrmotherula_surinamensi,Myrmotherula_surinamensis,
Nectarinia_neergaardi,Nectarinia_neergardi,
Neocrex_colombianus,Neocrex_colombiana,
Neopsittacus_musschenbro,Neopsittacus_musschenbroekii,
Nigrita_canicapilla,Nigrita_canicapillus,
Nigrita_fusconota,Nigrita_fusconotus,
Nomonyx_dominica,Nomonyx_dominicus,
Notharchus_macrorhyncho,Notharchus_macrorhynchos,
Numenius_madagascariensi,Numenius_madagascariensis,
Ochthoeca_cinnamomeiven,Ochthoeca_cinnamomeiventris,
Odontophorus_columbianu,Odontophorus_columbianus,
Odontophorus_melanonotu,Odontophorus_melanonotus,
Oenanthe_alboniger,Oenanthe_albonigra,
Onychognathus_tenuirostri,Onychognathus_tenuirostris,
Onychorhynchus_mexicanu,Onychorhynchus_mexicanus,
Onychorhynchus_occidenta,Onychorhynchus_occidentalis,
Oreotrochilus_melanogaste,Oreotrochilus_melanogaster,
Ornithion_brunneicapillum,Ornithion_brunneicapillus,
Otus_albogularis,Megascops_albogularis,replaced
Otus_atricapillus,Megascops_atricapilla,replaced
Otus_barbarus,Megascops_barbarus,replaced
Otus_clarkii,Megascops_clarkii,replaced
Otus_cooperi,Megascops_cooperi,replaced
Otus_flammeolus,NA,
Otus_koepckeae,Megascops_koepckeae,replaced
Otus_lawrencii,Gymnoglaux_lawrencii,replaced
Otus_sanctaecatarinae,Megascops_sanctaecatarinae,replaced
Otus_vermiculatus,NA,
Oxylabes_madagascariensi,Oxylabes_madagascariensis,
Pachycare_flavogrisea,Pachycare_flavogriseum,
Pachycephala_phaionotus,Pachycephala_phaionota,
Pachycephala_philippinens,Pachycephala_philippinensis,
Pachycephalopsis_hattame,Pachycephalopsis_hattamensis,
Pachycephalopsis_polioso,Pachycephalopsis_poliosoma,
Pachyramphus_cinnamome,Pachyramphus_cinnamomeus,
Pachyramphus_homochrou,Pachyramphus_homochrous,
Pachyramphus_polychopter,Pachyramphus_polychopterus,
Pachyramphus_xanthogeny,Pachyramphus_xanthogenys,
Paradoxornis_atrosupercili,Paradoxornis_atrosuperciliaris,
Paradoxornis_conspicillatu,Paradoxornis_conspicillatus,
Paradoxornis_webbianus,Paradoxornis_webbianus,
Parus_bicolor,Baeolophus_bicolor,replaced
Parus_cristatus,Parus_cristatus,
Parus_minor,NA,
Parus_montanus,Parus_montanus,
Pelargopsis_amauropterus,Pelargopsis_amauroptera,
Pelargopsis_melanorhynch,Pelargopsis_melanorhyncha,
Pellorneum_fuscocapillum,Pellorneum_fuscocapillus,
Peneothello_bimaculatus,Peneothello_bimaculata,
Peneothello_cryptoleucus,Peneothello_cryptoleuca,
Periporphyrus_erythromela,Periporphyrus_erythromelas,
Petroica_australis,Petroica_australis,
Phacellodomus_erythropht,Phacellodomus_erythrophthalmus,
Phacellodomus_maculipect,Phacellodomus_maculipectus,
Phaenicophaeus_calyorhyn,Phaenicophaeus_calyorhynchus,
Phaenicophaeus_chloropha,Phaenicophaeus_chlorophaeus,
Phaenicophaeus_curvirostr,Phaenicophaeus_curvirostris,
Phaenicophaeus_leschenau,Phaenicophaeus_leschenaultii,
Phaenicophaeus_pyrrhocep,Phaenicophaeus_pyrrhocephalus,
Phaenicophaeus_sumatran,Phaenicophaeus_sumatranus,
Phaenicophaeus_supercilio,Phaenicophaeus_superciliosus,
Phaenicophaeus_viridirostr,Phaenicophaeus_viridirostris,
Phaenicophilus_poliocepha,Phaenicophilus_poliocephalus,
Phaethornis_syrmatophoru,Phaethornis_syrmatophorus,
Phalacrocorax_melanoleuc,Phalacrocorax_melanoleucos,
Phalaropus_fulicaria,Phalaropus_fulicarius,
Phalcoboenus_carunculatu,Phalcoboenus_carunculatus,
Phalcoboenus_megalopteru,Phalcoboenus_megalopterus,
Phapitreron_amethystina,Phapitreron_amethystinus,
Phelpsia_inornata,Phelpsia_inornatus,
Pheucticus_melanocephalu,Pheucticus_melanocephalus,
Philentoma_pyrhopterum,Philentoma_pyrhoptera,
Philentoma_velatum,Philentoma_velata,
Philydor_erythrocercus,Philydor_erythrocercum,
Philydor_erythropterus,Philydor_erythropterum,
Philydor_fuscipennis,Philydor_fuscipenne,
Philydor_ruficaudatus,Philydor_ruficaudatum,
Philydor_rufus,Philydor_rufum,
Phoenicopterus_andinus,Phoenicoparrus_andinus,
Phoenicopterus_jamesi,Phoenicoparrus_jamesi,
Phoenicurus_caeruleoceph,Phoenicurus_caeruleocephala,
Phoenicurus_caeruleocephalus,Phoenicurus_caeruleocephala,
Phoenicurus_erythrogaster,Phoenicurus_erythrogastrus,
Phoenicurus_erythronota,Phoenicurus_erythronotus,had been also classified as erythrogastrus
Phylidonyris_nigra,Phylidonyris_niger,
Phylidonyris_novaehollandi,Phylidonyris_novaehollandiae,
Phylidonyris_pyrrhoptera,Phylidonyris_pyrrhopterus,
Phylidonyris_undulata,Phylidonyris_undulatus,
Phyllastrephus_cerviniventr,Phyllastrephus_cerviniventris,
Phyllastrephus_flavostriatu,Phyllastrephus_flavostriatus,
Phyllastrephus_poliocephal,Phyllastrephus_poliocephalus,
Phylloscartes_paulistus,Phylloscartes_paulista,
Phylloscopus_poliocephalu,Phylloscopus_poliocephalus,
Phylloscopus_ruficapillus,Phylloscopus_ruficapilla,
Picumnus_dorbygnianus,Picumnus_dorbignyanus,
Pinicola_subhimachalus,Pinicola_subhimachala,
Pionites_melanocephala,Pionites_melanocephalus,
Pipra_coronata,Pipra_cornuta,
Piprites_pileatus,Piprites_pileata,
Pithys_castanea,Pithys_castaneus,
Pitta_arquata,Pitta_arcuata,
Ploceus_dicrocephalus,Ploceus_dichrocephalus,
Ploceus_nigrimentum,Ploceus_nigrimentus,
Poliocephalus_poliocephal,Poliocephalus_poliocephalus,
Polyplectron_schleiermach,Polyplectron_schleiermacheri,
Pomatorhinus_erythrocnem,NA,
Pomatorhinus_erythrogeny,Pomatorhinus_erythrogenys,
Pomatorhinus_ochraceicep,Pomatorhinus_ochraceiceps,
Pomatostomus_superciliosu,Pomatostomus_superciliosus,
Poospiza_baeri,Compsospiza_baeri,
Poospiza_garleppi,Compsospiza_garleppi,
Porphyrio_martinicus,Porphyrio_martinica,
Porphyrolaema_porphyrola,Porphyrolaema_porphyrolaema,
Porphyrospiza_caerulescen,Porphyrospiza_caerulescens,
Prinia_criniger,Prinia_crinigera,
Procnias_alba,Procnias_albus,
Procnias_tricarunculata,Procnias_tricarunculatus,
Prosthemadera_novaeseela,Prosthemadera_novaeseelandiae,
Pseudocalyptomena_grauer,Pseudocalyptomena_graueri,
Pseudochelidon_eurystomin,Pseudochelidon_eurystomina,
Pseudocolaptes_boissonnea,Pseudocolaptes_boissonneautii,
Pseudocolopteryx_acutipen,Pseudocolopteryx_acutipennis,
Pseudocolopteryx_dinellian,Pseudocolopteryx_dinelliana,
Pseudocolopteryx_flavivent,Pseudocolopteryx_flaviventris,
Psittacula_echo,Psittacula_eques,replaced
Psittaculirostris_desmaresti,Psittaculirostris_desmarestii,
Psophocichla_litsipsirupa,Psophocichla_litsitsirupa,
Pteroglossus_beauharnaesi,Pteroglossus_beauharnaesii,
Ptilinopus_hyogastra,Ptilinopus_hyogastrus,
Ptilinopus_melanospila,Ptilinopus_melanospilus,
Pycnonotus_erythropthalm,Pycnonotus_erythropthalmos,
Pycnonotus_leucogrammic,Pycnonotus_leucogrammicus,
Pygoscelis_antarctica,Pygoscelis_antarcticus,
Pyrrhomyias_cinnamomea,Pyrrhomyias_cinnamomeus,
Ramphocelus_costaricensis,Ramphocelus_costaricensis,
Ramphocoris_clotbey,Rhamphocoris_clotbey,
Ramphomicron_microrhync,Ramphomicron_microrhynchum,
Ramphotrigon_megacephal,Ramphotrigon_megacephalum,
Regulus_ignicapillus,Regulus_ignicapilla,
Reinwardtoena_crassirostri,Reinwardtoena_crassirostris,
Reinwardtoena_reinwardtii,Reinwardtoena_reinwardtsi,
Rhamphomantis_megarhyn,Rhamphomantis_megarhynchus,
Rhegmatorhina_melanostict,Rhegmatorhina_melanosticta,
Rhinomyias_addita,Rhinomyias_additus,
Rhinomyias_brunneata,Rhinomyias_brunneatus,
Rhinomyias_olivacea,Rhinomyias_olivaceus,
Rhinopomastus_cyanomela,Rhinopomastus_cyanomelas,
Rhipidura_nigrocinnamome,Rhipidura_nigrocinnamomea,
Rhodopechys_obsoleta,Rhodopechys_obsoletus,
Rhodopechys_sanguinea,Rhodopechys_sanguineus,
Rhopornis_ardesiaca,Rhopornis_ardesiacus,
Rhyacornis_fuliginosus,Rhyacornis_fuliginosa,
Rhynchopsitta_pachyrhync,Rhynchopsitta_pachyrhyncha,
Rhynchostruthus_socotranu,Rhynchostruthus_socotranus,
Rupicola_peruviana,Rupicola_peruvianus,
Saxicola_ferrea,Saxicola_ferreus,
Saxicola_leucura,Saxicola_leucurus,
Saxicola_macrorhyncha,Saxicola_macrorhynchus,
Saxicola_torquata,Saxicola_torquatus,
Saxicoloides_fulicata,Saxicoloides_fulicatus,
Scenopooetes_dentirostris,Scenopoeetes_dentirostris,
Schiffornis_turdinus,Schiffornis_turdina,
Schoenicola_platyura,Schoenicola_platyurus,
Schoeniophylax_phryganop,Schoeniophylax_phryganophilus,
Schoeniophylax_phryganophila,Schoeniophylax_phryganophilus,
Schoutedenapus_schoutede,Schoutedenapus_schoutedeni,
Scytalopus_indigoticus,Eleoscytalopus_indigoticus,
Scytalopus_psychopompus,Eleoscytalopus_psychopompus,
Scytalopus_spillmani,Scytalopus_spillmanni,
Seiurus_aurocapillus,Seiurus_aurocapilla,
Seleucidis_melanoleuca,Seleucidis_melanoleucus,
Sericornis_magnirostris,Sericornis_magnirostra,
Serinus_citrinella,Carduelis_citrinella,Eleoscytalopus_indigoticus
Siptornopsis_hypochondria,Siptornopsis_hypochondriaca,
Spizaetus_lanceolatus,Nisaetus_lanceolatus,
Spizaetus_philippensis,Nisaetus_philippensis,
Spizastur_melanoleucus,Spizaetus_melanoleucus,
Spiziapteryx_circumcinctus,Spiziapteryx_circumcincta,
Stephanophorus_diadematu,Stephanophorus_diadematus,
Sternula_albifrons,Sterna_albifrons,
Sternula_antillarum,Sterna_antillarum,
Sternula_balaenarum,Sterna_balaenarum,
Sternula_lorata,Sterna_lorata,
Sternula_nereis,Sterna_nereis,
Sternula_saundersi,Sterna_saundersi,
Sternula_superciliaris,Sterna_superciliaris,
Strigops_habroptilus,Strigops_habroptila,
Strix_albitarsus,Strix_albitarsis,
Sturnus_senex,Sturnus_albofrontatus,Eleoscytalopus_indigoticus
Sylvia_subcaeruleum,Sylvia_subcaerulea,
Sylviorthorhynchus_desmur,Sylviorthorhynchus_desmursii,
Sypheotides_indica,Sypheotides_indicus,
Tachybaptus_novaehollandi,Tachybaptus_novaehollandiae,
Tachycineta_meyeni,Tachycineta_meyeni,
Tangara_meyerdeschauens,Tangara_meyerdeschauenseei,
Tanygnathus_megalorynch,Tanygnathus_megalorynchos,
Tauraco_schuettii,Tauraco_schuetti,
Tchagra_minuta,Tchagra_minutus,
Tchagra_senegala,Tchagra_senegalus,
Tephrodornis_pondicerianu,Tephrodornis_pondicerianus,
Terpsiphone_bourbonnensi,Terpsiphone_bourbonnensis,
Thamnomanes_schistogynu,Thamnomanes_schistogynus,
Thamnophilus_caerulescen,Thamnophilus_caerulescens,
Thamnophilus_nigrocinere,Thamnophilus_nigrocinereus,
Thamnophilus_stictocephal,Thamnophilus_stictocephalus,
Thamnophilus_tenuepuncta,Thamnophilus_tenuepunctatus,
Threskiornis_melanocephal,Threskiornis_melanocephalus,
Thripadectes_melanorhync,Thripadectes_melanorhynchus,
Tiaris_canora,Tiaris_canorus,
Tiaris_fuliginosa,Tiaris_fuliginosus,
Tiaris_obscura,Tiaris_obscurus,
Tiaris_olivacea,Tiaris_olivaceus,
Tigriornis_leucolophus,Tigriornis_leucolopha,
Todiramphus_cinnamominu,Todiramphus_cinnamominus,
Todiramphus_pyrrhopygia,Todiramphus_pyrrhopygius,
Todirhamphus_albonotatus,Todiramphus_albonotatus,
Todirhamphus_chloris,Todiramphus_chloris,
Todirhamphus_cinnamominus,Todiramphus_cinnamominus,
Todirhamphus_macleayii,Todiramphus_macleayii,
Todirhamphus_pyrrhopygia,Todiramphus_pyrrhopygius,
Todirhamphus_sanctus,Todiramphus_sanctus,
Todirhamphus_tuta,Todiramphus_tutus,
Todirostrum_chrysocrotaph,Todirostrum_chrysocrotaphum,
Todirostrum_poliocephalu,Todirostrum_poliocephalum,
Torgos_tracheliotus,Torgos_tracheliotos,
Touit_batavica,Touit_batavicus,
Touit_dilectissima,Touit_dilectissimus,
Touit_purpurata,Touit_purpuratus,
Touit_stictoptera,Touit_stictopterus,
Touit_surda,Touit_surdus,
Toxorhamphus_novaeguine,Toxorhamphus_novaeguineae,
Trachyphonus_erythroceph,Trachyphonus_erythrocephalus,
Trachyphonus_margaritatu,Trachyphonus_margaritatus,
Treron_bicincta,Treron_bicinctus,
Treron_calva,Treron_calvus,
Treron_oxyura,Treron_oxyurus,
Treron_phoenicoptera,Treron_phoenicopterus,
Treron_psittacea,Treron_psittaceus,
Treron_sphenura,Treron_sphenurus,
Trichixos_pyrropyga,Trichixos_pyrropygus,
Trichoglossus_chlorolepido,Trichoglossus_chlorolepidotus,
Tricholaema_melanocephal,Tricholaema_melanocephala,
Tringa_brevipes,Aratinga_brevipes,NO - THESE ARE 2 DIFF SPECIES
Turdoides_caudatus,Turdoides_caudata,
Turdoides_fulvus,Turdoides_fulva,
Turdoides_hypoleucus,Turdoides_hypoleuca,
Turdoides_leucocephalus,Turdoides_leucocephala,
Turdoides_leucopygius,Turdoides_leucopygia,
Turdoides_reinwardtii,Turdoides_reinwardii,
Turdoides_rubiginosus,Turdoides_rubiginosa,
Turdoides_squamulatus,Turdoides_squamulata,
Turdoides_striatus,Turdoides_striata,
Turdoides_subrufus,Turdoides_subrufa,
Turdoides_tenebrosus,Turdoides_tenebrosa,
Turnix_castanota,Turnix_castanotus,
Turnix_hottentotta,Turnix_hottentottus,
Turnix_maculosa,Turnix_maculosus,
Turnix_ocellata,Turnix_ocellatus,
Turnix_sylvatica,Turnix_sylvaticus,
Turnix_varia,Turnix_varius,
Tympanuchus_pallidicinctu,Tympanuchus_pallidicinctus,
Uraeginthus_cyanocephalu,Uraeginthus_cyanocephalus,
Uraeginthus_granatina,Uraeginthus_granatinus,
Urolais_epichlora,Urolais_epichlorus,
Vireo_atricapillus,Vireo_atricapilla,
Wetmorethraupis_sterrhopt,Wetmorethraupis_sterrhopteron,
Xanthocephalus_xanthocep,Xanthocephalus_xanthocephalus,
Xanthotis_macleayana,Xanthotis_macleayanus,
Xanthotis_polygramma,Xanthotis_polygrammus,
Xiphirhynchus_superciliari,Xiphirhynchus_superciliaris,
Xiphocolaptes_promeropirh,Xiphocolaptes_promeropirhynchus,
Xiphorhynchus_erythropygi,Xiphorhynchus_erythropygius,
Xiphorhynchus_lachrymosu,Xiphorhynchus_lachrymosus,
Xolmis_cinerea,Xolmis_cinereus,
Xolmis_coronata,Xolmis_coronatus,
Xolmis_dominicana,Xolmis_dominicanus,
Xolmis_rufiventris,Neoxolmis_rufiventris,
Xolmis_velata,Xolmis_velatus,
Zimmerius_cinereicapillus,Zimmerius_cinereicapilla,
Zoothera_cameronensis,Zoothera_camaronensis,
Zosterops_atricapillus,Zosterops_atricapilla,
Zosterops_chloronothos,Zosterops_chloronothus,
Zosterops_citrinellus,Zosterops_citrinella,
Zosterops_fuscicapillus,Zosterops_fuscicapilla,
Zosterops_poliogaster,Zosterops_poliogastrus,
Zosterops_xanthochrous,Zosterops_xanthochroa,