in_database,species_in_birdtree,final_check,source
Acanthorhynchus_supercili,Acanthorhynchus_superciliosus,,
Acanthorhynchus_tenuirost,Acanthorhynchus_tenuirostris,,
Acanthornis_magnus,Acanthornis_magna,,
Accipiter_francesii,NA,,Cockburn
Accipiter_madagascariensi,Accipiter_madagascariensis,,
Acestrura_astreans,Chaetocercus_astreans,,Cockburn
Acestrura_berlepschi,Chaetocercus_berlepschi,,Cockburn
Acestrura_bombus,Chaetocercus_bombus,,Cockburn
Acestrura_heliodor,Chaetocercus_heliodor,,Cockburn
Acestrura_mulsant,Chaetocercus_mulsant,,Cockburn
Acritillas_indica,NA,,Cockburn
Acrocephalus_arundinaceu,Acrocephalus_arundinaceus,,
Acrocephalus_luscinia,Acrocephalus_luscinius,,
Acrocephalus_melanopogo,Acrocephalus_melanopogon,,
Acrocephalus_schoenobaen,Acrocephalus_schoenobaenus,,
Aegithalos_glaucogularis,NA,,Biagolini
Aenigmatolimnas_marginal,Aenigmatolimnas_marginalis,,
Aerodramus_bartschi,Collocalia_bartschi,,Jetz
Aerodramus_brevirostris,Collocalia_brevirostris,,Jetz
Aerodramus_elaphrus,Collocalia_elaphra,,Jetz
Aerodramus_francicus,Collocalia_francica,,Jetz
Aerodramus_fuciphagus,Collocalia_fuciphaga,,Jetz
Aerodramus_hirundinacea,Collocalia_hirundinacea,,Jetz
Aerodramus_infuscata,Collocalia_infuscata,,Jetz
Aerodramus_inquieta,Collocalia_inquieta,,Jetz
Aerodramus_maximus,Collocalia_maxima,,Jetz
Aerodramus_mearnsi,Collocalia_mearnsi,,Jetz
Aerodramus_nuditarsus,Collocalia_nuditarsus,,Jetz
Aerodramus_orientalis,Collocalia_orientalis,,Jetz
Aerodramus_papuensis,Collocalia_papuensis,,Jetz
Aerodramus_pelewensis,Collocalia_pelewensis,,Jetz
Aerodramus_salanganus,Collocalia_salangana,,Jetz
Aerodramus_spodiopygius,Collocalia_spodiopygia,,Jetz
Aerodramus_terraereginae,Collocalia_terraereginae,,Jetz
Aerodramus_unicolor,Collocalia_unicolor,,Jetz
Aerodramus_vanikorensis,Collocalia_vanikorensis,,Jetz
Aerodramus_whiteheadi,Collocalia_whiteheadi,,Jetz
Aethopyga_primigenius,Aethopyga_primigenia,,
Afrotis_afra,NA,,Cockburn
Afrotis_afraoides,NA,,Cockburn
Agelaioides_bolivianus,NA,,Cockburn
Agelaius_cyanopus,Agelasticus_cyanopus,,Jetz
Agelaius_flavus,Xanthopsar_flavus,,Jetz
Agelaius_icterocephalus,Chrysomus_icterocephalus,,Jetz
Agelaius_ruficapillus,Chrysomus_ruficapillus,,Jetz
Agelaius_thilius,Agelasticus_thilius,,Jetz
Agelaius_xanthophthalmus,Agelasticus_xanthophthalmus,,
Agelaoides_badius,Agelaioides_badius,,
Agriocharis_ocellata,NA,,Cockburn
Agriornis_andicola,NA,,Cockburn
Agriornis_livida,Agriornis_lividus,,
Agriornis_microptera,Agriornis_micropterus,,
Agriornis_montana,Agriornis_montanus,,
Agriornis_murina,Agriornis_murinus,,
Agyrtria_rondoniae,Amazilia_versicolor,,Jetz
Ajaia_ajaja,NA,,Cockburn
Alario_leucolaemus,NA,Part of Serinus alario,Jetz
Alcedo_cyanopecta,Alcedo_cyanopectus,,
Alcedo_nais,NA,,Cockburn
Alcedo_thomensis,NA,,Cockburn
Alectroenas_madagascarie,Alectroenas_madagascariensis,,
Alethe_castanea,NA,,Cockburn
Alopochen_aegyptiacus,Alopochen_aegyptiaca,,
Amaurocichla_bocagii,Amaurocichla_bocagei,,
Amaurornis_isabellinus,Amaurornis_isabellina,,
Amaurornis_moluccanus,Amaurornis_moluccana,,
Amaurornis_olivaceus,Amaurornis_olivacea,,
Amazilia_alticola,NA,,Jetz
Amazilia_chionopectus,NA,,Cockburn
Amazilia_distans,NA,,Cockburn
Amazona_xanthops,Alipiopsitta_xanthops,replaced,
Amblyornis_inornatus,Amblyornis_inornata,,
Amblyramphus_holosericeu,Amblyramphus_holosericeus,,
Ambylramphus_holosericeus,Amblyramphus_holosericeus,,
Ammomanes_cincturus,Ammomanes_cinctura,,
Ammomanes_phoenicurus,Ammomanes_phoenicura,,
Ampelion_rubrocristata,NA,,Cockburn
Amytornis_kalkadoon,NA,,Cockburn
Amytornis_merrotsoyi,NA,,Cockburn
Anas_specularioides,NA,,Cockburn
Anas_specularis,Speculanas_specularis,replaced,
Andropadus_chlorigula,NA,,Cockburn
Andropadus_hallae,NA,,Cockburn
Andropadus_kakamegae,NA,,Cockburn
Andropadus_olivaceiceps,NA,,Cockburn
Anisognathus_flavinuchus,Anisognathus_somptuosus,,Jetz
Anodorhynchus_hyacinthin,Anodorhynchus_hyacinthinus,,
Anser_caerulescens,Chen_caerulescens,,Biagolini
Anser_canagica,NA,,Cockburn
Anser_rossii,Chen_rossii,,Cockburn
Anthoscopus_sylviella,NA,,Cockburn
Anthracothorax_veraguensi,Anthracothorax_veraguensis,,
Anthreptes_axillaris,NA,,Cockburn
Anthreptes_rhodolaema,Anthreptes_rhodolaemus,,
Anthus_bannermani,NA,,Cockburn
Anthus_camaroonensis,NA,,Cockburn
Anthus_cinnamomeus,NA,,Cockburn
Anthus_latistriatus,NA,,Cockburn
Anthus_nyassae,NA,,Cockburn
Antigone_canadensis,Grus_canadensis,,Biagolini
Apalis_kaboboensis,NA,,Cockburn
Apalis_moreaui,Artisornis_moreaui,,Jetz
Apalis_pulchra,Oreolais_pulchra,,Cockburn
Apalis_rufifrons,NA,,Cockburn
Apalis_ruwenzorii,Oreolais_ruwenzorii,,Cockburn
Apalis_viridiceps,NA,,Cockburn
Aplonis_brunneicapilla,Aplonis_brunneicapillus,,
Aplonis_mavornata,NA,,Cockburn
Apteryx_rowi,NA,,
Ara_ambigua,Ara_ambiguus,,
Ara_auricollis,Primolius_auricollis,,Cockburn
Ara_couloni,Primolius_couloni,,Cockburn
Ara_manilata,Orthopsittaca_manilata,replaced,
Ara_maracana,Primolius_maracana,,Cockburn
Ara_nobilis,Diopsittaca_nobilis,replaced,
Ara_severa,Ara_severus,,
Aratinga_auricapilla,Aratinga_auricapillus,,
Aratinga_guarouba,NA,,Cockburn
Aratinga_leucophthalmus,Aratinga_leucophthalma,,
Aratinga_rubritorques,Aratinga_rubritorquis,,
Aratinga_strenua,NA,,Cockburn
Arborophila_merlini,NA,,Cockburn
Arcanator_orostruthus,NA,,Cockburn
Archboldia_sanfordi,NA,,Cockburn
Ardea_alba,NA,,Cockburn
Ardea_ibis,NA,,Cockburn
Ardea_intermedia,NA,,Cockburn
Ardea_modesta,NA,,Cockburn
Ardenna_tenuirostris,Puffinus_tenuirostris,,Biagolini
Arundinicola_risora,NA,,Cockburn
Arundinicola_tricolor,NA,,Cockburn
Asio_clamator,NA,,Cockburn
Asturina_nitida,NA,,Cockburn
Asturina_plagiata,NA,,Cockburn
Athene_blewitti,NA,,Cockburn
Atlapetes_atricapillus,NA,,Cockburn
Atlapetes_brunneinucha,NA,,Cockburn
Atlapetes_gutturalis,NA,,Cockburn
Atlapetes_melanops,Atlapetes_melanopsis,replaced,
Atlapetes_torquatus,NA,,Cockburn
Atlapetes_virenticeps,NA,,Cockburn
Augastes_geoffroyi,NA,,Cockburn
Augastes_lumachellus,Augastes_lumachella,,
Aulacorhynchus_coeruleici,Aulacorhynchus_coeruleicinctis,,
Aulacorhynchus_haematop,Aulacorhynchus_haematopygus,,
Automolus_dorsalis,NA,,Cockburn
Automolus_roraimae,NA,,Cockburn
Baillonius_bailloni,NA,,Cockburn
Bambusicola_thoracica,Bambusicola_thoracicus,,
Barnardius_barnardi,NA,,Cockburn
Basileuterus_delattrii,Basileuterus_rufifrons,,Jetz
Basileuterus_fulvicauda,NA,,Cockburn
Basileuterus_leucoblepharu,Basileuterus_leucoblepharus,,
Basileuterus_rivularis,NA,,Cockburn
Basileuterus_roraimae,Basileuterus_bivittatus,,Jetz
Basilornis_miranda,Basilornis_mirandus,,
Bathmocercus_cerviniventri,Bathmocercus_cerviniventris,,
Batis_dimorpha,NA,,Cockburn
Batis_reichenowi,NA,,Cockburn
Batrachostomus_poliolophu,Batrachostomus_poliolophus,,
Bias_flammulatus,Megabyas_flammulatus,,
Bleda_canicapilla,Bleda_canicapillus,,
Bleda_eximia,Bleda_eximius,,
Bleda_syndactyla,Bleda_syndactylus,,
Bolborhynchus_aurifrons,Psilopsiagon_aurifrons,,Cockburn
Bolborhynchus_aymara,Psilopsiagon_aymara,,Cockburn
Bolborhynchus_ferrugineifr,Bolborhynchus_ferrugineifrons,,
Bolborhynchus_orbygnesiu,Bolborhynchus_orbygnesius,,
Brachypteracias_leptosomu,Brachypteracias_leptosomus,,
Brachypteracias_squamigera,Brachypteracias_squamiger,,
Brachypteryx_major,Myiomela_major,,Jetz
Bradornis_pumilus,NA,,Cockburn
Bradypterus_mariae,NA,,Cockburn
Brotogeris_chrysopterus,Brotogeris_chrysoptera,,
Brotogeris_pyrrhopterus,Brotogeris_pyrrhoptera,,
Buceros_vigil,NA,,Cockburn
Bucorvus_leadbeateri,NA,,Cockburn
Burhinus_giganteus,NA,,Cockburn
Burhinus_recurvirostris,NA,,Cockburn
Buteo_nitida,Buteo_nitidus,,
Buteo_poecilochrous,NA,,Cockburn
Buteogallus_subtilis,NA,,Cockburn
Butorides_striatus,Butorides_striata,,
Butorides_sundevalli,NA,,Cockburn
Cacatua_goffini,Cacatua_ducorpsii,replaced,
Cacomantis_leucolophus,NA,,Cockburn
Cacomantis_pallidus,NA,,Cockburn
Calamonastes_fasciolatus,NA,,Cockburn
Calamonastes_simplex,NA,,Cockburn
Calamonastes_stierlingi,NA,,Cockburn
Calamonastes_undosus,Camaroptera_undosa,,Jetz
Calandrella_athensis,NA,,Cockburn
Calandrella_blanfordi,NA,,Cockburn
Calandrella_erlangeri,NA,,Cockburn
Calicalicus_madagascarien,Calicalicus_madagascariensis,,
Calidris_subruficollis,Tryngites_subruficollis,,Biagolini
Callaeas_cinerea,Callaeas_cinereus,,
Caloperdix_oculea,Caloperdix_oculeus,,
Camarhynchus_crassirostri,Platyspiza_crassirostris,,Jetz
Camarhynchus_crassirostris,Platyspiza_crassirostris,,Cockburn
Camaroptera_brevicaudata,NA,,Cockburn
Camaroptera_harterti,NA,,Cockburn
Campephilus_guatemalensi,Campephilus_guatemalensis,,
Campephilus_haematogaste,Campephilus_haematogaster,,
Campilicoides_bifasciata,NA,,Cockburn
Campylopterus_hemileucur,Campylopterus_hemileucurus,,
Campylopterus_hyperythru,Campylopterus_hyperythrus,,
Campylopterus_phainopepl,Campylopterus_phainopeplus,,
Campylopterus_villaviscens,Campylopterus_villaviscensio,,
Campylorhamphus_falcular,Campylorhamphus_falcularius,,
Campylorhamphus_procurv,Campylorhamphus_procurvoides,,
Campylorhamphus_pucher,Campylorhamphus_pucherani,,
Campylorhamphus_trochili,Campylorhamphus_trochilirostris,,
Campylorhynchus_albobru,Campylorhynchus_albobrunneus,,
Campylorhynchus_brunneic,Campylorhynchus_brunneicapillus,,
Campylorhynchus_chiapens,Campylorhynchus_chiapensis,,
Campylorhynchus_megalop,Campylorhynchus_megalopterus,,
Campylorhynchus_rufinuch,Campylorhynchus_rufinucha,,
Campylorhynchus_yucatani,Campylorhynchus_yucatanicus,,
Campyloryhnchus_zonatus,Campylorhynchus_zonatus,,Riehl
Caprimulgus_candicans,NA,,Cockburn
Caprimulgus_hirundinaceu,Caprimulgus_hirundinaceus,,
Caprimulgus_madagascari,Caprimulgus_madagascariensis,,
Caprimulgus_nigriscapular,Caprimulgus_nigriscapularis,,
Caprimulgus_sericocaudat,Caprimulgus_sericocaudatus,,
Caracara_lutosus,NA,,Cockburn
Caracopsis_vasa,NA,probable coracopsis vasa,Riehl
Carduelis_cannabina,NA,,
Carpodacus_rodochrous,Carpodacus_rodochroa,,
Carpornis_cucullatus,Carpornis_cucullata,,
Carpornis_melanocephalus,Carpornis_melanocephala,,
Carpospiza_brachydactyla,NA,,Cockburn
Caryothraustes_humeralis,NA,,Cockburn
Casiornis_fusca,Casiornis_fuscus,,
Casiornis_rufa,Casiornis_rufus,,
Casuarius_unappendiculatu,Casuarius_unappendiculatus,,
Catamblyrhynchus_diadem,Catamblyrhynchus_diadema,,
Catharacta_maccormicki,NA,,
Catharus_mustelinus,Hylocichla_mustelina,,Jetz
Catoptrophorus_semipalma,Catoptrophorus_semipalmatus,,
Catreus_wallichii,Catreus_wallichi,,
Cecropis_abyssinica,Hirundo_abyssinica,,Cockburn
Cecropis_cucullata,Hirundo_cucullata,,Cockburn
Cecropis_daurica,Hirundo_daurica,,Cockburn
Cecropis_domicella,NA,,Cockburn
Cecropis_semirufa,Hirundo_semirufa,,Cockburn
Cecropis_senegalensis,Hirundo_senegalensis,replaced,
Cecropis_striolata,Hirundo_striolata,,Cockburn
Centropus_burchelli,NA,,Cockburn
Centropus_neumanni,NA,,Cockburn
Cerasophila_thompsoni,NA,,Cockburn
Ceratogymna_albotibialis,Bycanistes_albotibialis,,Cockburn
Ceratogymna_brevis,Bycanistes_brevis,,Cockburn
Ceratogymna_bucinator,Bycanistes_bucinator,,Cockburn
Ceratogymna_cylindricus,Bycanistes_cylindricus,,Cockburn
Ceratogymna_fistulator,Bycanistes_fistulator,,Cockburn
Ceratogymna_subcylindric,Bycanistes_subcylindricus,,Jetz
Ceratogymna_subcylindricus,Bycanistes_subcylindricus,,Cockburn
Cercomacra_tyrannina,Cercomacra_tyrannina,replaced,
Cercotrichas_barbata,Erythropygia_barbata,,Jetz
Cercotrichas_coryphaeus,Erythropygia_coryphaeus,,Jetz
Cercotrichas_galactotes,Erythropygia_galactotes,,Jetz
Cercotrichas_hartlaubi,Erythropygia_hartlaubi,,Jetz
Cercotrichas_leucophrys,Erythropygia_leucophrys,,Jetz
Cercotrichas_leucosticta,Erythropygia_leucosticta,,Jetz
Cercotrichas_paena,Erythropygia_paena,,Jetz
Cercotrichas_quadrivirgata,Erythropygia_quadrivirgata,,Jetz
Cercotrichas_signata,Erythropygia_signata,,Jetz
Certhiaxis_cinnamomea,Certhiaxis_cinnamomeus,,
Certhiaxis_mustelina,Certhiaxis_mustelinus,,
Certhilauda_erythrochlamy,Certhilauda_erythrochlamys,,
Ceuthmochares_australia,NA,,Cockburn
Ceyx_erithacus,Ceyx_erithaca,,
Chaetornis_striatus,Chaetornis_striata,,
Chaetura_andrei,NA,,Cockburn
Chaetura_spinicauda,Chaetura_spinicaudus,,
Chaimarrornis_leucocephal,Chaimarrornis_leucocephalus,,
Charadrius_rubricollis,NA,,Cockburn
Chen_rossi,Chen_rossii,,
Cheramoeca_leucosternus,Cheramoeca_leucosterna,,
Chilia_melanura,NA,,Cockburn
Chionis_alba,Chionis_albus,,
Chlidonias_albostriatus,Sterna_albostriata,,Cockburn
Chlidonias_hybridus,Chlidonias_hybrida,,
Chloebia_gouldiae,NA,,Cockburn
Chlorestes_notatus,Chlorestes_notata,,
Chloropipo_flavicapilla,Xenopipo_flavicapilla,,Cockburn
Chloropipo_holochlora,Xenopipo_holochlora,,Cockburn
Chloropipo_unicolor,Xenopipo_unicolor,,Cockburn
Chloropipo_uniformis,Xenopipo_uniformis,,Cockburn
Chlorospingus_ophthalmic,Chlorospingus_ophthalmicus,,
Chlorostilbon_aureoventris,NA,,Cockburn
Chlorostilbon_bracei,NA,,Cockburn
Chlorostilbon_stenura,Chlorostilbon_stenurus,,
Chordeiles_vielliardi,NA,,Jetz
Chrysococcyx_megarhynchus,NA,,Cockburn
Chrysococcyx_rufomerus,NA,,Cockburn
Chrysococcyx_xanthorhync,Chrysococcyx_xanthorhynchus,,
Chthonicola_sagittatus,Chthonicola_sagittatus,,
Cichlherminia_lherminieri,NA,,Cockburn
Cinclosoma_castaneothora,Cinclosoma_castaneothorax,,
Cinclosoma_castanotus,Cinclosoma_castanotum,,
Cinnyris_osea,Nectarinia_osea,,Biagolini
Cissopis_leveriana,Cissopis_leverianus,,
Cisticola_angolensis,Cisticola_robustus,,Cockburn
Cisticola_cherinus,Cisticola_cherina,,
Cisticola_chinianus,Cisticola_chiniana,,
Cisticola_distinctus,Cisticola_lais,,Cockburn
Cisticola_dorsti,Cisticola_guinea,,Cockburn
Cisticola_emini,Cisticola_aberrans,,Cockburn
Cisticola_fulvicapillus,Cisticola_fulvicapilla,,
Cisticola_incanus,Incana_incana,,Cockburn
Cisticola_lepe,Cisticola_erythrops,,Cockburn
Cisticola_melanura,Cisticola_melanurus,,
Cisticola_mongalla,Cisticola_ruficeps,,Cockburn
Cisticola_subruficapillus,Cisticola_subruficapilla,,
Cladorhynchus_leucocepha,Cladorhynchus_leucocephalus,,
Clibanornis_dendrocolapto,Clibanornis_dendrocolaptoides,,
Climacteris_melanura,Climacteris_melanurus,,
Climacteris_rufa,Climacteris_rufus,,
Clytorhynchus_pachycepha,Clytorhynchus_pachycephaloides,,
Coccothraustes_coccothrau,Coccothraustes_coccothraustes,,
Coccyzus_cinereus,Coccycua_cinerea,,Jetz
Coccyzus_pumilus,Coccycua_pumila,,Jetz
Cochlearius_cochlearia,Cochlearius_cochlearius,,
Coeligena_eos,NA,,
Coeligena_inca,NA,,Jetz
Collocalia_leucophaeus,Collocalia_leucophaea,,
Collocalia_spodiopygius,Collocalia_spodiopygia,,
Columba_araucana,Patagioenas_araucana,,Cockburn
Columba_caribaea,Patagioenas_caribaea,,Cockburn
Columba_cayennensis,Patagioenas_cayennensis,,Cockburn
Columba_corensis,Patagioenas_corensis,,Cockburn
Columba_fasciata,Patagioenas_fasciata,,Cockburn
Columba_flavirostris,Patagioenas_flavirostris,,Cockburn
Columba_goodsoni,Patagioenas_goodsoni,,Cockburn
Columba_inornata,Patagioenas_inornata,,Cockburn
Columba_larvata,NA,,Cockburn
Columba_leucocephala,Patagioenas_leucocephala,,Cockburn
Columba_maculosa,Patagioenas_maculosa,,Cockburn
Columba_mayeri,NA,,Cockburn
Columba_nigrirostris,Patagioenas_nigrirostris,,Cockburn
Columba_oenops,Patagioenas_oenops,replaced,
Columba_picazuro,Patagioenas_picazuro,,Cockburn
Columba_picturata,NA,,Cockburn
Columba_plumbea,Patagioenas_plumbea,,Cockburn
Columba_simplex,NA,,Jetz
Columba_speciosa,Patagioenas_speciosa,,Cockburn
Columba_squamosa,Patagioenas_squamosa,,Cockburn
Columba_subvinacea,Patagioenas_subvinacea,,Cockburn
Columba_torringtoni,Columba_torringtoniae,,
Conirostrum_ferrugineivent,Conirostrum_ferrugineiventre,,
Conopias_albovittata,Conopias_albovittatus,,
Conopias_parva,Conopias_parvus,,
Conopias_trivirgata,Conopias_trivirgatus,,
Conopophaga_melanogaste,Conopophaga_melanogaster,,
Coracias_abyssinica,Coracias_abyssinicus,,
Coracias_caudata,Coracias_caudatus,,
Coracias_spatulata,Coracias_spatulatus,,
Coracopsis_vasa,NA,,
Cormobates_leucophaeus,Cormobates_leucophaea,,
Corvinella_melanoleuca,NA,,Cockburn
Corvus_boreus,NA,,Cockburn
Corythopis_torquata,Corythopis_torquatus,,
Coturnicops_noveboracensi,Coturnicops_noveboracensis,,
Coturnix_adansonii,NA,,Cockburn
Coua_delalandei,NA,,Cockburn
Cracticus_tibicen,Gymnorhina_tibicen,,Biagolini
Creurgops_dentata,Creurgops_dentatus,,
Crossoptilon_mantchuricu,Crossoptilon_mantchuricum,,
Cryptosylvicola_randrianas,Cryptosylvicola_randrianasoloi,,
Cuculus_horsfieldi,NA,,Jetz
Cuculus_pectoralis,NA,,Jetz
Cyanistes_caeruleus,Parus_caeruleus,,Biagolini
Cyanistes_cyanus,NA,,Cockburn
Cyanistes_teneriffae,Parus_teneriffae,,Biagolini
Cyanochen_cyanopterus,Cyanochen_cyanoptera,,
Cyanocorax_melanocyaneu,Cyanocorax_melanocyaneus,,
Cyanolanius_madagascarin,Cyanolanius_madagascarinus,,
Cyanoliseus_patagonus,Cyanoliseus_patagonus,,
Cyanolyca_viridicyana,Cyanolyca_viridicyanus,,
Cyanopica_cyana,Cyanopica_cyanus,,
Cyanoramphus_novaezelan,Cyanoramphus_novaezelandiae,,
Cyclorrhynchus_psittacula,NA,,Cockburn
Cygnus_melanocorypha,Cygnus_melancoryphus,,
Cymbilaimus_sanctaemaria,Cymbilaimus_sanctaemariae,,
Cymbirhynchus_macrorhyn,Cymbirhynchus_macrorhynchos,,
Cyornis_rufigaster,NA,,Cockburn
Cyphorhinus_aradus,Cyphorhinus_arada,,
Cyphorhinus_phaeocephalu,Cyphorhinus_phaeocephalus,,
Cypseloides_phelpsi,NA,,Cockburn
Cypseloides_rutilus,NA,,Cockburn
Dacelo_novaeguinea,Dacelo_novaeguineae,,Riehl
Daptrius_americanus,NA,,Jetz
Dasylophus_cumingi,NA,,Cockburn
Dasylophus_superciliosus,NA,,Cockburn
Delichon_nipalensis,Delichon_nipalense,,
Delichon_urbica,Delichon_urbicum,,
Delothraupis_castaneovent,Delothraupis_castaneoventris,,
Dendrocolaptes_platyrostri,Dendrocolaptes_platyrostris,,
Dendrocolaptes_sanctithom,Dendrocolaptes_sanctithomae,,
Dendroica_petechia,Dendroica_aestiva,replaced,
Dendropicos_elliotii,NA,,Cockburn
Dendropicos_goertae,NA,,Cockburn
Dendropicos_griseocephalu,Mesopicos_griseocephalus,,Jetz
Dendropicos_griseocephalus,Mesopicos_griseocephalus,,Cockburn
Dendropicos_namaquus,NA,,Cockburn
Dendropicos_obsoletus,NA,,
Dendropicos_poecilolaemu,Dendropicos_poecilolaemus,,
Dendropicos_pyrrhogaster,NA,,Cockburn
Dendropicos_spodocephalu,Dendropicos_spodocephalus,,
Dendropicos_xantholophus,NA,,Cockburn
Diglossopis_caerulescens,NA,,Cockburn
Diglossopis_cyanea,NA,,Cockburn
Diglossopis_glauca,NA,,Cockburn
Diglossopis_indigotica,NA,,Cockburn
Diomedea_albatrus,Phoebastria_albatrus,,Cockburn
Diomedea_bulleri,Thalassarche_bulleri,,Cockburn
Diomedea_cauta,Thalassarche_cauta,,Cockburn
Diomedea_chlororhynchos,Thalassarche_chlororhynchos,,Cockburn
Diomedea_chrysostoma,Thalassarche_chrysostoma,,Cockburn
Diomedea_immutabilis,Phoebastria_immutabilis,,Cockburn
Diomedea_irrorata,Phoebastria_irrorata,,Cockburn
Diomedea_melanophris,Thalassarche_melanophrys,,Cockburn
Diomedea_nigripes,Phoebastria_nigripes,,Cockburn
Discosura_longicauda,Discosura_longicaudus,,
Dives_atroviolacea,Dives_atroviolaceus,,
Donacobius_atricapillus,Donacobius_atricapilla,,
Dreptes_thomensis,Nectarinia_thomensis,,Jetz
Dromaeocercus_seebohmi,Bradypterus_seebohmi,,Jetz
Ducula_constans,NA,,Cockburn
Dupetor_flavicollis,NA,,Cockburn
Dysithamnus_tucuyensis,Dysithamnus_leucostictus,,Jetz
Egretta_dimorpha,NA,,Cockburn
Egretta_picata,NA,,Cockburn
Emberiza_calandra,Miliaria_calandra,,Biagolini
Enicognathus_leptorhynchu,Enicognathus_leptorhynchus,,
Eolophus_roseicapillus,NA,,Cockburn
Ephippiorhynchus_asiaticu,Ephippiorhynchus_asiaticus,,
Ephippiorhynchus_senegale,Ephippiorhynchus_senegalensis,,
Eremobius_phoenicurus,NA,,Cockburn
Eremopterix_grisea,Eremopterix_griseus,,
Eremopterix_signata,Eremopterix_signatus,,
Eriocnemis_sapphiropygia,NA,,Jetz
Eriocnemis_vestitus,Eriocnemis_vestita,,
Estrilda_ochrogaster,NA,,Cockburn
Eudynamys_cyanocephala,NA,,Cockburn
Eudynamys_melanorhyncha,NA,,Cockburn
Eudynamys_scolopacea,Eudynamys_scolopaceus,,
Eulabeornis_castaneoventri,Eulabeornis_castaneoventris,,
Eumyias_albicaudata,Eumyias_albicaudatus,,
Eumyias_sordida,Eumyias_sordidus,,
Eumyias_thalassina,Eumyias_thalassinus,,
Euplectes_macrourus,Euplectes_macroura,,
Eupodotis_bengalensis,Houbaropsis_bengalensis,replaced,
Eupodotis_indica,Sypheotides_indicus,replaced,
Euscarthmus_rufomarginat,Euscarthmus_rufomarginatus,,
Euschistospiza_cinereovina,Euschistospiza_cinereovinacea,,
Falcipennis_canadensis,NA,,Cockburn
Falcipennis_falcipennis,NA,,Cockburn
Falco_tinnunculus,Falco_tinnunculus,,
Formicarius_hoffmanni,Formicarius_analis,,Jetz
Forpus_crassirostris,NA,,
Forpus_sclateri,NA,,
Foulehaio_carunculata,Foulehaio_carunculatus,,
Galbalcyrhynchus_purusia,Galbalcyrhynchus_purusianus,,
Gallicolumba_criniger,Gallicolumba_crinigera,,
Gallicolumba_salamonis,NA,,Cockburn
Gallicolumba_sanctaecruci,Gallicolumba_sanctaecrucis,,
Gallinula_chloropus ,Gallinula_chloropus,,
Gallirallus_conditicius,NA,,Cockburn
Gallirex_johnstoni,NA,,Cockburn
Gallirex_porphyreolopha,NA,,Cockburn
Garrulax_cachinnans,NA,,Cockburn
Garrulax_jerdoni,NA,,Cockburn
Geobates_poecilopterus,NA,,Cockburn
Geochelidon_nilotica,NA,,Cockburn
Geophaps_lophotes,NA,,Cockburn
Geopsittacus_occidentalis,NA,,Cockburn
Gerygone_chloronotus,Gerygone_chloronota,,
Glaucidium_cobanense,NA,,Jetz
Glaucidium_hoskinsii,NA,,Jetz
Glaucidium_ngamiense,NA,,Cockburn
Glaucidium_scheffleri,NA,,Cockburn
Glaucidium_tucumanum,NA,,Jetz
Glaucis_aenea,Glaucis_aeneus,,
Glaucis_hirsuta,Glaucis_hirsutus,,
Glossopsitta_porphyroceph,Glossopsitta_porphyrocephala,,
Grallaria_andicola,Grallaria_andicolus,,
Grallaricula_ferrugineipect,Grallaricula_ferrugineipectus,,
Grallaricula_leymebambae,Grallaricula_ferrugineipectus,,Jetz
Graydidascalus_brachyuru,Graydidascalus_brachyurus,,
Griseotyrannus_aurantioatr,Empidonomus_aurantioatrocristatus,,Jetz
Griseotyrannus_aurantioatrocristatus,Empidonomus_aurantioatrocristatus,,Cockburn
Guarouba_guarouba,Guaruba_guarouba,,Riehl
Guiraca_caerulea,NA,,Cockburn
Gymnopithys_bicolor,NA,,Cockburn
Gymnopithys_lunulata,Gymnopithys_lunulatus,,
Gymnorhinus_cyanocephal,Gymnorhinus_cyanocephalus,,
Gymnostinops_bifasciatus,Psarocolius_bifasciatus,,Jetz
Gymnostinops_cassini,Psarocolius_cassini,,Jetz
Gymnostinops_guatimozinu,Psarocolius_guatimozinus,,Jetz
Gymnostinops_montezuma,Psarocolius_montezuma,,Jetz
Gypopsitta_vulturina,NA,,Cockburn
Harpactes_reinwardtii,Apalharpactes_reinwardtii,,
Harterula_flavoviridis,NA,,Cockburn
Hartlaubius_aurata,Saroglossa_aurata,,Rubenstien
Heliactin_bilophum,Heliactin_bilophus,,
Heliactin_cornuta,NA,,Cockburn
Heliangelus_clarisse,NA,,Jetz
Heliangelus_spencei,NA,,Cockburn
Heliolais_erythroptera,Heliolais_erythropterus,,
Heliopais_personata,Heliopais_personatus,,
Heliothryx_aurita,Heliothryx_auritus,,
Helmitheros_vermivorus,Helmitheros_vermivorum,,
Hemignathus_chloris,Hemignathus_flavus,,Jetz
Hemignathus_wilsoni,NA,,Cockburn
Hemimacronyx_chloris,NA,,Cockburn
Hemimacronyx_sharpei,NA,,Cockburn
Hemiphaga_novaeseelandi,Hemiphaga_novaeseelandiae,,
Hemispingus_rufosupercili,Hemispingus_rufosuperciliaris,,
Hemispingus_xanthophthal,Hemispingus_xanthophthalmus,,
Hemitriccus_cinnamomeipe,Hemitriccus_cinnamomeipectus,,
Hemitriccus_margaritaceiv,Hemitriccus_margaritaceiventer,,
Herpsilochmus_dorsimacul,Herpsilochmus_dorsimaculatus,,
Herpsilochmus_motacilloid,Herpsilochmus_motacilloides,,
Herpsilochmus_rufimargin,Herpsilochmus_rufimarginatus,,
Herpsilochmus_stictocepha,Herpsilochmus_stictocephalus,,
Hesperiphona_abeillei,NA,,Cockburn
Hesperiphona_vespertina,NA,,Cockburn
Heterocercus_aurantiiverte,Heterocercus_aurantiivertex,,
Heteromyias_cinereifrons,NA,,Cockburn
Heterospingus_xanthopygiu,Heterospingus_xanthopygius,,
Heterotetrax_humilis,NA,,Cockburn
Heterotetrax_rueppellii,NA,,Cockburn
Heterotetrax_vigorsii,NA,,Cockburn
Heteroxolmis_dominicana,NA,,Cockburn
Hieraaetus_fasciatus,NA,,Cockburn
Hieraaetus_kienerii,NA,,Cockburn
Hierococcyx_bocki,NA,,Cockburn
Hierococcyx_fugax,NA,,Cockburn
Hierococcyx_hyperythrus,NA,,Cockburn
Hierococcyx_nisicolor,NA,,Cockburn
Hierococcyx_pectoralis,NA,,Cockburn
Hierococcyx_sparverioides,NA,,Cockburn
Hierococcyx_vagans,NA,,Cockburn
Hierococcyx_varius,NA,,Cockburn
Himantopus_melanurus,NA,,Cockburn
Himantopus_novaezelandia,Himantopus_novaezelandiae,,
Hirundapus_cochinchinensi,Hirundapus_cochinchinensis,,
Hirundinea_bellicosa,NA,,Cockburn
Hirundo_fulva,Petrochelidon_fulva,replaced,
Hirundo_pyrrhonota,Petrochelidon_pyrrhonota,,Jetz
Hirundo_rufocollaris,Petrochelidon_rufocollaris,,Jetz
Histurgops_ruficauda,Histurgops_ruficaudus,,
Hodgsonius_phaenicuroide,Hodgsonius_phaenicuroides,,
Hydrobates_leucorhous,Oceanodroma_leucorhoa,,Biagolini
Hydroprogne_caspia,NA,,Cockburn
Hydropsalis_brasiliana,NA,,Cockburn
Hyetornis_pluvialis,Coccyzus_pluvialis,,Jetz
Hyetornis_rufigularis,Coccyzus_rufigularis,,Jetz
Hylacola_cautus,Hylacola_cauta,,
Hylocharis_pyropygia,NA,,Cockburn
Hylocichla_mustelinus,Hylocichla_mustelina,,
Hylocryptus_erythrocephal,Hylocryptus_erythrocephalus,,
Hylophilus_amaurocephalu,Hylophilus_amaurocephalus,,
Hylophylax_naevia,Hylophylax_naevius,,
Hylophylax_poecilinota,Willisornis_poecilinotus,,Jetz
Hylophylax_poecilonota,Willisornis_poecilinotus,,Cockburn
Hylophylax_punctulata,Hylophylax_punctulatus,,
Hylopsar_cupreocauda,Lamprotornis_cupreocauda,,Rubenstien
Hylopsar_purpureiceps,Lamprotornis_purpureiceps,,Rubenstien
Hymenolaimus_malacorhyn,Hymenolaimus_malacorhynchos,,
Hypnelus_bicinctus,NA,,Jetz
Hypocnemoides_maculicau,Hypocnemoides_maculicauda,,
Hypocnemoides_melanopog,Hypocnemoides_melanopogon,,
Hypocryptadius_cinnamom,Hypocryptadius_cinnamomeus,,
Hypogramma_hypogrammi,Hypogramma_hypogrammicum,,
Hypopyrrhus_pyrohypogast,Hypopyrrhus_pyrohypogaster,,
Hypsipetes_madagascarien,Hypsipetes_madagascariensis,,
Icterus_chrysocephalus,NA,,Cockburn
Illadopsis_abyssinica,NA,,Cockburn
Irena_cyanogaster,Irena_cyanogastra,,
Iridophanes_pulcherrima,Iridophanes_pulcherrimus,,
Iridosornis_porphyrocephal,Iridosornis_porphyrocephalus,,
Iridosornis_porphyrocephala,Iridosornis_porphyrocephalus,,Cockburn
Ispidina_lecontei,NA,,Cockburn
Ispidina_madagascariensis,NA,,Cockburn
Ispidina_picta,NA,,Cockburn
Ixobrychus_novaezelandiae,NA,,Cockburn
Ixoreus_naevius,NA,,Cockburn
Junco_bairdi,Junco_phaeonotus,,Jetz
Kaupifalco_monogrammicu,Kaupifalco_monogrammicus,,
Lagonosticta_sanguinodors,Lagonosticta_sanguinodorsalis,,
Lagonosticta_umbrinodors,Lagonosticta_umbrinodorsalis,,
Lagonosticta_vinacea,NA,,Cockburn
Lagopus_leucurus,Lagopus_leucura,,
Lagopus_mutus,Lagopus_muta,,
Lamprotornis_albicapillus,Spreo_albicapillus,,Rubenstien
Lamprotornis_bicolor,Spreo_bicolor,,Rubenstien
Lamprotornis_fischeri,Spreo_fischeri,,Rubenstien
Lamprotornis_iris,Coccycolius_iris,replaced,
Lamprotornis_purpuropter,Lamprotornis_purpuroptera,,
Lamprotornis_purpuropterus,Lamprotornis_purpuroptera,,
Lamprotornis_regius,Cosmopsarus_regius,,Rubenstien
Lamprotornis_unicolor,Cosmopsarus_unicolor,,Rubenstien
Laniarius_liberatus,NA,,Cockburn
Larus_scoresbii,Leucophaeus_scoresbii,,
Leistes_militaris,Sturnella_militaris,,Cockburn
Leistes_superciliaris,Sturnella_superciliaris,,Cockburn
Lemuresthes_nana,NA,,Cockburn
Lepidocolaptes_albolineatu,Lepidocolaptes_albolineatus,,
Lepidocolaptes_angustirost,Lepidocolaptes_angustirostris,,
Lepidocolaptes_fuscus,NA,,Cockburn
Lepidocolaptes_wagleri,NA,,Jetz
Lepidopyga_coeruleogulari,Lepidopyga_coeruleogularis,,
Lepidothrix_coeruleocapill,Lepidothrix_coeruleocapilla,,
Leptasthenura_aegithaloide,Leptasthenura_aegithaloides,,
Leptopogon_amaurocephal,Leptopogon_amaurocephalus,,
Leuconotopicus_borealis,Picoides_borealis,,Biagolini
Leucopternis_lacernulata,Leucopternis_lacernulatus,,
Leucopternis_plumbea,Leucopternis_plumbeus,,
Leucopternis_polionota,Leucopternis_polionotus,,
Leucopternis_schistacea,Leucopternis_schistaceus,,
Leucopternis_semiplumbea,Leucopternis_semiplumbeus,,
Lewinia_mirificus,Lewinia_mirifica,,
Lichenostomus_fasciogulari,Lichenostomus_fasciogularis,,
Limnodromus_semipalmatu,Limnodromus_semipalmatus,,
Limnornis_rectirostris,NA,,Cockburn
Lipaugus_cryptolophus,NA,,Cockburn
Lipaugus_subalaris,NA,,Cockburn
Lissotis_hartlaubii,NA,,Cockburn
Lissotis_melanogaster,NA,,Cockburn
Lobotos_lobata,Campephaga_lobata,,Cockburn
Lobotos_oriolina,Campephaga_oriolina,,Cockburn
Lonchura_fuscata,Padda_fuscata,replaced,
Lonchura_oryzivora,Padda_oryzivora,,Jetz
Lophophanes_cristatus,Parus_cristatus,,Biagolini
Lophophanes_dichrous,Parus_dichrous,,Cockburn
Lophornis_brachylopha,Lophornis_brachylophus,,
Lophospingus_griseocristat,Lophospingus_griseocristatus,,
Lophotis_gindiana,NA,,Cockburn
Lophotis_ruficrista,NA,,Cockburn
Lophotis_savilei,NA,,Cockburn
Lophozosterops_goodfellow,Lophozosterops_goodfellowi,,
Lophozosterops_squamicep,Lophozosterops_squamiceps,,
Lophozosterops_superciliar,Lophozosterops_superciliaris,,
Lophura_imperialis,NA,,Cockburn
Lorius_albidinuchus,Lorius_albidinucha,,
Luscinia_akahige,Erithacus_akahige,,Cockburn
Luscinia_komadori,Erithacus_komadori,,Cockburn
Lyrurus_tetrix,Tetrao_tetrix,,Biagolini
Lysurus_castaneiceps,Arremon_castaneiceps,,Cockburn
Lysurus_crassirostris,Arremon_crassirostris,replaced,
Machaerirhynchus_flaviven,Machaerirhynchus_flaviventer,,
Machaerirhynchus_nigripe,Machaerirhynchus_nigripectus,,
Machaeropterus_pyrocepha,Machaeropterus_pyrocephalus,,
Machetornis_rixosus,Machetornis_rixosa,,
Macropsalis_creagra,NA,,Cockburn
Malacocincla_sepiarium,Malacocincla_sepiaria,,
Malacocincla_vanderbilti,Malacocincla_sepiaria,,Jetz
Malacopteron_palawanens,Malacopteron_palawanense,,
Malacorhynchus_membran,Malacorhynchus_membranaceus,,
Malimbus_flavipes,NA,,Cockburn
Manucodia_atra,Manucodia_ater,,
Manucodia_chalybata,Manucodia_chalybatus,,
Margaroperdix_madagaren,Margaroperdix_madagascariensis,,
Margaroperdix_madagarensis,Margaroperdix_madagascariensis,,Cockburn
Marmaronetta_angustirostr,Marmaronetta_angustirostris,,
Mecocerculus_poecilocercu,Mecocerculus_poecilocercus,,
Megalaima_rubricapilla,Megalaima_rubricapillus,,
Megalurus_pryeri,NA,,Cockburn
Megalurus_punctatus,NA,,Cockburn
Megapodius_wallacei,NA,,Jetz
Melanerpes_erythrocephalu,Melanerpes_erythrocephalus,,
Melanerpes_formicovorus,NA,woodpecker,Riehl
Melanocorypha_yeltoniensi,Melanocorypha_yeltoniensis,,
Melanodera_xanthogramm,Melanodera_xanthogramma,,
Melanoperdix_nigra,Melanoperdix_niger,,
Melanotrochilus_fuscus,NA,,Cockburn
Melithreptus_laetior,NA,,Cockburn
Melozone_biarcuatum,Melozone_biarcuata,,
Merops_forsteni,NA,,Cockburn
Mesitornis_variegata,Mesitornis_variegatus,,
Metopothrix_aurantiacus,Metopothrix_aurantiaca,,
Microgoura_meeki,NA,,Cockburn
Microhierax_melanoleucus,Microhierax_melanoleucos,,
Micronisus_gabar,NA,,Cockburn
Micropalama_himantopus,NA,,Cockburn
Microscelis_amaurotis,NA,,Cockburn
Milvus_lineatus,NA,,Cockburn
Mimodes_graysoni,Mimus_graysoni,,Cockburn
Mirafra_degodiensis,Mirafra_gilletti,,Cockburn
Mirafra_naevia,Mirafra_sabota,,Cockburn
Mirafra_sharpii,Mirafra_africana,,Cockburn
Mitu_tomentosa,Mitu_tomentosum,,
Mitu_tuberosa,Mitu_tuberosum,,
Molothrus_badius,Agelaioides_badius,,Jetz
Molothrus_oryzivora,Molothrus_oryzivorus,,
Monarcha_guttulus,Monarcha_guttula,,
Monticola_bensoni,Monticola_sharpei,,Cockburn
Monticola_pretoriae,Monticola_brevipes,,Cockburn
Motacilla_lugens,NA,,Cockburn
Muscicapa_itombwensis,NA,,Cockburn
Muscisaxicola_alpina,Muscisaxicola_alpinus,,
Muscisaxicola_capistrata,Muscisaxicola_capistratus,,
Muscisaxicola_cinerea,Muscisaxicola_cinereus,,
Muscisaxicola_grisea,Muscisaxicola_griseus,,
Muscisaxicola_macloviana,Muscisaxicola_maclovianus,,
Muscisaxicola_maculirostri,Muscisaxicola_maculirostris,,
Musophaga_johnstoni,Ruwenzorornis_johnstoni,,Jetz
Musophaga_porphyreoloph,Tauraco_porphyreolophus,,Jetz
Myadestes_myadestinus,NA,,Cockburn
Myiagra_freycineti,NA,,Cockburn
Myiobius_erythrurus,NA,,Cockburn
Myiobius_mastacalis,Myiobius_barbatus,,Jetz
Myioborus_castaneocapillu,Myioborus_castaneocapilla,,
Myioborus_castaneocapillus,Myioborus_castaneocapilla,,Cockburn
Myiodynastes_chrysocephal,Myiodynastes_chrysocephalus,,
Myiomela_diana,NA,,Cockburn
Myiomela_leucurum,NA,,Cockburn
Myiophobus_ochraceiventri,Myiophobus_ochraceiventris,,
Myiopsitta_luchsi,NA,,Jetz
Myrmecocichla_arnotti,Myrmecocichla_arnoti,,
Myrmecocichla_formicivor,Myrmecocichla_formicivora,,
Myrmotherula_erythrura,NA,,Cockburn
Myrmotherula_fjeldsaai,Epinecrophylla_fjeldsaai,,Jetz
Myrmotherula_fulviventris,Epinecrophylla_fulviventris,,Cockburn
Myrmotherula_haematonot,Epinecrophylla_haematonota,,Jetz
Myrmotherula_haematonota,Epinecrophylla_haematonota,,Cockburn
Myrmotherula_leucophthal,Epinecrophylla_leucophthalma,,Jetz
Myrmotherula_leucophthalma,Epinecrophylla_leucophthalma,,Cockburn
Myrmotherula_obscura,NA,,Cockburn
Myrmotherula_ornata,Epinecrophylla_ornata,,Cockburn
Myrmotherula_spodionota,Epinecrophylla_spodionota,,Cockburn
Myrmotherula_surinamensi,Myrmotherula_surinamensis,,
Napothera_atrigularis,Turdinus_atrigularis,,Cockburn
Napothera_crispifrons,Gypsophila_crispifrons,,Cockburn
Napothera_macrodactyla,Turdinus_macrodactylus,,Cockburn
Napothera_marmorata,Turdinus_marmorata,,Cockburn
Napothera_rabori,Robsonius_rabori,,Cockburn
Napothera_rufipectus,Turdinus_rufipectus,,Cockburn
Nectarinia_neergaardi,Nectarinia_neergardi,,
Nectarinia_obscura,Nectarinia_olivacea,,Jetz
Nectarinia_prigoginei,NA,,Cockburn
Neocossyphus_finschii,Stizorhina_finschi,,Jetz
Neocossyphus_fraseri,Stizorhina_fraseri,,Jetz
Neocrex_colombianus,Neocrex_colombiana,,
Neopsittacus_musschenbro,Neopsittacus_musschenbroekii,,
Nesillas_aldabrana,NA,,Cockburn
Nesillas_moheliensis,Nesillas_typica,,Jetz
Nesoclopeus_poecilopterus,NA,,Jetz
Nesomimus_macdonaldi,Mimus_macdonaldi,,Cockburn
Nesomimus_melanotis,Mimus_melanotis,,Cockburn
Nesomimus_parvulus,Mimus_parvulus,,Cockburn
Nesomimus_trifasciatus,Mimus_trifasciatus,,Cockburn
Nigrita_canicapilla,Nigrita_canicapillus,,
Nigrita_fusconota,Nigrita_fusconotus,,
Nomonyx_dominica,Nomonyx_dominicus,,
Notharchus_macrorhyncho,Notharchus_macrorhynchos,,
Nothoprocta_kalinowskii,NA,,Cockburn
Notiochelidon_cyanoleuca,Pygochelidon_cyanoleuca,,Cockburn
Notopholia_corruscus,Lamprotornis_corruscus,,Rubenstien
Numenius_madagascariensi,Numenius_madagascariensis,,
Nyctea_scandiaca,NA,,Cockburn
Nycticorax_leuconotus,NA,,Cockburn
Oceanodroma_macrodactyla,Oceanodroma_leucorhoa,,Cockburn
Oceanodroma_microsoma,Halocyptena_microsoma,,Cockburn
Ochthoeca_cinnamomeiven,Ochthoeca_cinnamomeiventris,,
Ochthoeca_salvini,Tumbezia_salvini,,Jetz
Ochthoeca_spodionota,NA,,Jetz
Ocyalus_oseryi,NA,,Cockburn
Odontophorus_columbianu,Odontophorus_columbianus,,
Odontophorus_melanonotu,Odontophorus_melanonotus,,
Oenanthe_alboniger,Oenanthe_albonigra,,
Oenanthe_heuglini,NA,,Cockburn
Oenanthe_lugubris,NA,,Cockburn
Onychognathus_tenuirostri,Onychognathus_tenuirostris,,
Onychoprion_aleutica,Sterna_aleutica,,Cockburn
Onychoprion_anaethetus,Sterna_anaethetus,,Cockburn
Onychoprion_fuscata,Sterna_fuscata,,Cockburn
Onychoprion_lunata,Sterna_lunata,,Cockburn
Onychorhynchus_mexicanu,Onychorhynchus_mexicanus,,
Onychorhynchus_occidenta,Onychorhynchus_occidentalis,,
Opisthocomus_hoatzin,Opisthocomus_hoazin,,Riehl
Oreophilais_robertsi,NA,,Cockburn
Oreotrochilus_melanogaste,Oreotrochilus_melanogaster,,
Oreotrochilus_stolzmanni,NA,,Jetz
Ornithion_brunneicapillum,Ornithion_brunneicapillus,,
Oroaetus_isidori,Spizaetus_isidori,,Cockburn
Orthotomus_metopias,Artisornis_metopias,,Cockburn
Orthotomus_moreaui,Artisornis_moreaui,,Cockburn
Otus_albogularis,Megascops_albogularis,replaced,
Otus_asio,Megascops_asio,,Cockburn
Otus_atricapillus,Megascops_atricapilla,replaced,
Otus_barbarus,Megascops_barbarus,replaced,
Otus_choliba,Megascops_choliba,,Cockburn
Otus_clarkii,Megascops_clarkii,replaced,
Otus_colombianus,Megascops_colombianus,,Jetz
Otus_cooperi,Megascops_cooperi,replaced,
Otus_flammeolus,NA,,
Otus_guatemalae,Megascops_guatemalae,,Jetz
Otus_hoyi,Megascops_hoyi,,Jetz
Otus_huberi,NA,,Jetz
Otus_ingens,Megascops_ingens,,Cockburn
Otus_kennicottii,Megascops_kennicottii,,Cockburn
Otus_koepckeae,Megascops_koepckeae,replaced,
Otus_lawrencii,Gymnoglaux_lawrencii,replaced,
Otus_marshalli,Megascops_marshalli,,Cockburn
Otus_nudipes,Megascops_nudipes,,Cockburn
Otus_petersoni,Megascops_petersoni,,Jetz
Otus_roboratus,Megascops_roboratus,,Cockburn
Otus_sanctaecatarinae,Megascops_sanctaecatarinae,replaced,
Otus_seductus,Megascops_seductus,,Jetz
Otus_trichopsis,Megascops_trichopsis,,Cockburn
Otus_vermiculatus,NA,,
Otus_watsonii,Megascops_watsonii,,Cockburn
Oxylabes_madagascariensi,Oxylabes_madagascariensis,,
Oxyura_dominica,NA,,Cockburn
Oxyura_ferruginea,NA,,Cockburn
Pachycare_flavogrisea,Pachycare_flavogriseum,,
Pachycephala_griseiceps,NA,,Cockburn
Pachycephala_phaionotus,Pachycephala_phaionota,,
Pachycephala_philippinens,Pachycephala_philippinensis,,
Pachycephalopsis_hattame,Pachycephalopsis_hattamensis,,
Pachycephalopsis_polioso,Pachycephalopsis_poliosoma,,
Pachyphantes_superciliosu,Ploceus_superciliosus,,Jetz
Pachyphantes_superciliosus,Ploceus_superciliosus,,Cockburn
Pachyramphus_cinnamome,Pachyramphus_cinnamomeus,,
Pachyramphus_homochrou,Pachyramphus_homochrous,,
Pachyramphus_polychopter,Pachyramphus_polychopterus,,
Pachyramphus_xanthogeny,Pachyramphus_xanthogenys,,
Paradoxornis_atrosupercili,Paradoxornis_atrosuperciliaris,,
Paradoxornis_conspicillatu,Paradoxornis_conspicillatus,,
Paradoxornis_webbianus,Paradoxornis_webbianus,,
Paroreomyza_flammea,NA,,Cockburn
Parus_atricristatus,Baeolophus_atricristatus,,Jetz
Parus_bicolor,Baeolophus_bicolor,replaced,
Parus_bokharensis,NA,,Cockburn
Parus_cristatus,Parus_cristatus,,
Parus_degener,NA,blue tit relative,Jetz
Parus_flavipectus,NA,blue tit relative,Cockburn
Parus_guineensis,NA,,Cockburn
Parus_inornatus,Baeolophus_inornatus,,Jetz
Parus_melanolophus,NA,subsp of coal tit,Jetz
Parus_minor,NA,,
Parus_montanus,Parus_montanus,,
Parus_ombriosus,NA,blue tit relative,Jetz
Parus_pallidiventris,NA,,Cockburn
Parus_palmensis,NA,blue tit relative,Jetz
Parus_ridgwayi,Baeolophus_ridgwayi,,Jetz
Parus_ultramarinus,NA,blue tit relative,Jetz
Parus_wollweberi,Baeolophus_wollweberi,,Jetz
Passerculus_rostratus,NA,,Cockburn
Pelargopsis_amauropterus,Pelargopsis_amauroptera,,
Pelargopsis_melanorhynch,Pelargopsis_melanorhyncha,,
Peliperdix_albogularis,Francolinus_albogularis,,Jetz
Peliperdix_coqui,Francolinus_coqui,,Jetz
Peliperdix_lathami,Francolinus_lathami,,Jetz
Peliperdix_schlegelii,Francolinus_schlegelii,,Jetz
Peliperdix_sephaena,Francolinus_sephaena,,Jetz
Pellorneum_fuscocapillum,Pellorneum_fuscocapillus,,
Pellorneum_pyrrogenys,Trichastoma_pyrrogenys,,Cockburn
Pellorneum_tickelli,Trichastoma_tickelli,,Cockburn
Peltohyas_australis,Charadrius_australis,,Cockburn
Peneothello_bimaculatus,Peneothello_bimaculata,,
Peneothello_cryptoleucus,Peneothello_cryptoleuca,,
Percnostola_caurensis,Schistocichla_caurensis,,Cockburn
Percnostola_leucostigma,Schistocichla_leucostigma,,Cockburn
Percnostola_minor,Percnostola_rufifrons,,Jetz
Percnostola_schistacea,Schistocichla_schistacea,,Cockburn
Periparus_amabilis,Parus_amabilis,,Cockburn
Periparus_ater,Parus_ater,,Biagolini
Periparus_elegans,Parus_elegans,,Cockburn
Periparus_melanolophus,NA,,Cockburn
Periparus_rubidiventris,Parus_rubidiventris,,Cockburn
Periparus_rufonuchalis,Parus_rufonuchalis,,Cockburn
Periparus_venustulus,Parus_venustulus,,Cockburn
Periporphyrus_erythromela,Periporphyrus_erythromelas,,
Petrochelidon_ariel,Hirundo_ariel,,Biagolini
Petrochelidon_fluvicola,Hirundo_fluvicola,,Cockburn
Petrochelidon_fuliginosa,Hirundo_fuliginosa,,Cockburn
Petrochelidon_nigricans,Hirundo_nigricans,,Cockburn
Petrochelidon_pallida,Petrochelidon_fulva,,Jetz
Petrochelidon_perdita,Hirundo_perdita,,Cockburn
Petrochelidon_preussi,Hirundo_preussi,,Cockburn
Petrochelidon_rufigula,Hirundo_rufigula,,Cockburn
Petrochelidon_spilodera,Hirundo_spilodera,,Cockburn
Petroica_australis,Petroica_australis,,
Phacellodomus_erythropht,Phacellodomus_erythrophthalmus,,
Phacellodomus_maculipect,Phacellodomus_maculipectus,,
Phaenicophaeus_calyorhyn,Phaenicophaeus_calyorhynchus,,
Phaenicophaeus_chloropha,Phaenicophaeus_chlorophaeus,,
Phaenicophaeus_curvirostr,Phaenicophaeus_curvirostris,,
Phaenicophaeus_leschenau,Phaenicophaeus_leschenaultii,,
Phaenicophaeus_pyrrhocep,Phaenicophaeus_pyrrhocephalus,,
Phaenicophaeus_sumatran,Phaenicophaeus_sumatranus,,
Phaenicophaeus_supercilio,Phaenicophaeus_superciliosus,,
Phaenicophaeus_viridirostr,Phaenicophaeus_viridirostris,,
Phaenicophilus_poliocepha,Phaenicophilus_poliocephalus,,
Phaethornis_gounellei,Anopetia_gounellei,,Cockburn
Phaethornis_syrmatophoru,Phaethornis_syrmatophorus,,
Phalacrocorax_bransfieldensis,NA,,Cockburn
Phalacrocorax_georgianus,NA,,Cockburn
Phalacrocorax_melanoleuc,Phalacrocorax_melanoleucos,,
Phalacrocorax_verrucosus,NA,,Cockburn
Phalaropus_fulicaria,Phalaropus_fulicarius,,
Phalaropus_tricolor,Steganopus_tricolor,,Jetz
Phalcoboenus_carunculatu,Phalcoboenus_carunculatus,,
Phalcoboenus_megalopteru,Phalcoboenus_megalopterus,,
Phapitreron_amethystina,Phapitreron_amethystinus,,
Phelpsia_inornata,Phelpsia_inornatus,,
Pheucticus_melanocephalu,Pheucticus_melanocephalus,,
Philentoma_pyrhopterum,Philentoma_pyrhoptera,,
Philentoma_velatum,Philentoma_velata,,
Philodice_bryantae,Calliphlox_bryantae,,Cockburn
Philodice_mitchellii,Calliphlox_mitchellii,,Cockburn
Philohydor_lictor,Pitangus_lictor,,Cockburn
Philydor_amaurotis,Anabacerthia_amaurotis,,Cockburn
Philydor_dimidiatus,Syndactyla_dimidiata,,Cockburn
Philydor_erythrocercus,Philydor_erythrocercum,,
Philydor_erythropterus,Philydor_erythropterum,,
Philydor_fuscipennis,Philydor_fuscipenne,,
Philydor_ochrogaster,NA,,Cockburn
Philydor_ruficaudatus,Philydor_ruficaudatum,,
Philydor_rufus,Philydor_rufum,,
Phlogothraupis_sanguinole,NA,,Jetz
Phoenicopterus_andinus,Phoenicoparrus_andinus,,
Phoenicopterus_jamesi,Phoenicoparrus_jamesi,,
Phoenicopterus_minor,Phoeniconaias_minor,,Cockburn
Phoenicurus_caeruleoceph,Phoenicurus_caeruleocephala,,
Phoenicurus_caeruleocephalus,Phoenicurus_caeruleocephala,,
Phoenicurus_erythrogaster,Phoenicurus_erythrogastrus,,
Phoenicurus_erythronota,Phoenicurus_erythronotus,had been also classified as erythrogastrus,
Phylidonyris_nigra,Phylidonyris_niger,,
Phylidonyris_novaehollandi,Phylidonyris_novaehollandiae,,
Phylidonyris_pyrrhoptera,Phylidonyris_pyrrhopterus,,
Phylidonyris_undulata,Phylidonyris_undulatus,,
Phyllastrephus_alfredi,Phyllastrephus_flavostriatus,,Cockburn
Phyllastrephus_apperti,Bernieria_apperti,,Jetz
Phyllastrephus_cerviniventr,Phyllastrephus_cerviniventris,,
Phyllastrephus_cinereiceps,Bernieria_cinereiceps,,Jetz
Phyllastrephus_flavostriatu,Phyllastrephus_flavostriatus,,
Phyllastrephus_madagasca,Bernieria_madagascariensis,,Jetz
Phyllastrephus_placidus,Phyllastrephus_cabanisi,,Cockburn
Phyllastrephus_poliocephal,Phyllastrephus_poliocephalus,,
Phyllastrephus_tenebrosus,Bernieria_tenebrosa,,Jetz
Phyllastrephus_zosterops,Bernieria_zosterops,,Jetz
Phylloscartes_paulistus,Phylloscartes_paulista,,
Phylloscopus_lorenzii,Phylloscopus_sindianus,,Cockburn
Phylloscopus_poliocephalu,Phylloscopus_poliocephalus,,
Phylloscopus_ruficapillus,Phylloscopus_ruficapilla,,
Phylloscopus_sichuanensis,Phylloscopus_yunnanensis,,Jetz
Piaya_minuta,Coccycua_minuta,,Jetz
Picoides_lignarius,Veniliornis_lignarius,,Cockburn
Picoides_mixtus,Veniliornis_mixtus,,Cockburn
Piculus_auricularis,Colaptes_auricularis,,Cockburn
Piculus_rivolii,Colaptes_rivolii,,Cockburn
Piculus_rubiginosus,Colaptes_rubiginosus,,Cockburn
Picumnus_dorbygnianus,Picumnus_dorbignyanus,,
Pinarochroa_sordida,Cercomela_sordida,,Cockburn
Pinicola_subhimachalus,Pinicola_subhimachala,,
Pionites_melanocephala,Pionites_melanocephalus,,
Pionopsitta_barrabandi,Pyrilia_barrabandi,,Cockburn
Pionopsitta_caica,Pyrilia_caica,,Cockburn
Pionopsitta_haematotis,Pyrilia_haematotis,,Cockburn
Pionopsitta_pulchra,Pyrilia_pulchra,,Cockburn
Pionopsitta_pyrilia,Pyrilia_pyrilia,,Cockburn
Pipra_coeruleocapilla,Lepidothrix_coeruleocapilla,,Cockburn
Pipra_coronata,Pipra_cornuta,,
Pipra_iris,Lepidothrix_iris,,Cockburn
Pipra_isidorei,Lepidothrix_isidorei,,Cockburn
Pipra_nattereri,Lepidothrix_nattereri,,Cockburn
Pipra_serena,Lepidothrix_serena,,Cockburn
Pipra_suavissima,Lepidothrix_suavissima,,Cockburn
Pipra_vilasboasi,Lepidothrix_vilasboasi,,Cockburn
Piprites_pileatus,Piprites_pileata,,
Pithys_castanea,Pithys_castaneus,,
Pitta_arquata,Pitta_arcuata,,
Pitylus_fuliginosus,Saltator_fuliginosus,,Cockburn
Pitylus_grossus,Saltator_grossus,,Cockburn
Platycercus_adelaidae,Platycercus_elegans,,Jetz
Platycercus_flaveolus,Platycercus_elegans,,Cockburn
Platycichla_flavipes,Turdus_flavipes,,Jetz
Platycichla_leucops,Turdus_leucops,,Jetz
Ploceus_dicrocephalus,Ploceus_dichrocephalus,,
Ploceus_nigrimentum,Ploceus_nigrimentus,,
Podilymbus_gigas,NA,extinct,Cockburn
Poecile_atricapillus,Parus_atricapillus,,Biagolini
Poecile_carolinensis,Parus_carolinensis,,Cockburn
Poecile_cinctus,Parus_cinctus,,Cockburn
Poecile_davidi,Parus_davidi,,Cockburn
Poecile_gambeli,Parus_gambeli,,Cockburn
Poecile_hudsonicus,Parus_hudsonicus,,Cockburn
Poecile_lugubris,Parus_lugubris,,Cockburn
Poecile_montanus,Parus_montanus,,Cockburn
Poecile_palustris,Parus_palustris,,Cockburn
Poecile_rufescens,Parus_rufescens,,Cockburn
Poecile_sclateri,Parus_sclateri,,Cockburn
Poecile_superciliosus,Parus_superciliosus,,Cockburn
Poecile_varius,Parus_varius,,Biagolini
Poeoptera_femoralis,Cinnyricinclus_femoralis,,Rubenstien
Poeoptera_sharpii,Cinnyricinclus_sharpii,,Rubenstien
Poliocephalus_poliocephal,Poliocephalus_poliocephalus,,
Polioptila_maranonica,NA,,Jetz
Polyplectron_emphanum,Polyplectron_napoleonis,,Cockburn
Polyplectron_schleiermach,Polyplectron_schleiermacheri,,
Pomatorhinus_erythrocnem,NA,,
Pomatorhinus_erythrogeny,Pomatorhinus_erythrogenys,,
Pomatorhinus_ochraceicep,Pomatorhinus_ochraceiceps,,
Pomatostomus_superciliosu,Pomatostomus_superciliosus,,
Poospiza_baeri,Compsospiza_baeri,,
Poospiza_garleppi,Compsospiza_garleppi,,
Popelairia_conversii,Discosura_conversii,,Cockburn
Popelairia_langsdorffi,Discosura_langsdorffi,,Cockburn
Popelairia_letitiae,Discosura_letitiae,,Cockburn
Popelairia_popelairii,Discosura_popelairii,,Cockburn
Porphyrio_mantelli,NA,extinct,Biagolini
Porphyrio_martinicus,Porphyrio_martinica,,
Porphyrolaema_porphyrola,Porphyrolaema_porphyrolaema,,
Porphyrospiza_caerulescen,Porphyrospiza_caerulescens,,
Prinia_criniger,Prinia_crinigera,,
Prinia_melanops,Prinia_bairdii,,Cockburn
Procnias_alba,Procnias_albus,,
Procnias_tricarunculata,Procnias_tricarunculatus,,
Prosthemadera_novaeseela,Prosthemadera_novaeseelandiae,,
Psalidoprocne_antinorii,NA,Psalidoprocne pristoptera,Cockburn
Psalidoprocne_chalybea,NA,Psalidoprocne pristoptera,Cockburn
Psalidoprocne_holomelas,NA,Psalidoprocne pristoptera,Cockburn
Psalidoprocne_mangbettorum,NA,Psalidoprocne pristoptera,Cockburn
Psalidoprocne_oleaginea,NA,Psalidoprocne pristoptera,Cockburn
Psalidoprocne_orientalis,NA,Psalidoprocne pristoptera,Cockburn
Psalidoprocne_petiti,NA,Psalidoprocne pristoptera,Cockburn
Psarocolius_oseryi,Clypicterus_oseryi,,Jetz
Psarocolius_yuracares,NA,,Jetz
Psephotus_pulcherrimus,NA,extinct,Cockburn
Pseudibis_gigantea,Thaumatibis_gigantea,,Cockburn
Pseudoalcippe_atriceps,NA,,Cockburn
Pseudoalcippe_pyrrhoptera,Illadopsis_pyrrhoptera,,Cockburn
Pseudocalyptomena_grauer,Pseudocalyptomena_graueri,,
Pseudochelidon_eurystomin,Pseudochelidon_eurystomina,,
Pseudochelidon_sirintarae,NA,,Cockburn
Pseudocolaptes_boissonnea,Pseudocolaptes_boissonneautii,,
Pseudocolopteryx_acutipen,Pseudocolopteryx_acutipennis,,
Pseudocolopteryx_dinellian,Pseudocolopteryx_dinelliana,,
Pseudocolopteryx_dinellianus,Pseudocolopteryx_dinelliana,,Cockburn
Pseudocolopteryx_flavivent,Pseudocolopteryx_flaviventris,,
Pseudocossyphus_bensoni,Monticola_sharpei,,Jetz
Pseudocossyphus_imerinus,Monticola_imerinus,,Jetz
Pseudocossyphus_sharpei,Monticola_sharpei,,Jetz
Pseudodacnis_hartlaubi,NA,,Cockburn
Psilorhinus_morio,Cyanocorax_morio,,Biagolini
Psiloscops_flammeolus,Otus_flammeolus,,Biagolini
Psittacula_echo,Psittacula_eques,replaced,
Psittacula_intermedia,NA,,Jetz
Psittaculirostris_desmaresti,Psittaculirostris_desmarestii,,
Psophocichla_litsipsirupa,Psophocichla_litsitsirupa,,
Pternistis_adspersus,Francolinus_adspersus,,Jetz
Pternistis_afer,Francolinus_afer,,Jetz
Pternistis_ahantensis,Francolinus_ahantensis,,Jetz
Pternistis_bicalcaratus,Francolinus_bicalcaratus,,Jetz
Pternistis_camerunensis,Francolinus_camerunensis,,Jetz
Pternistis_capensis,Francolinus_capensis,,Jetz
Pternistis_castaneicollis,Francolinus_castaneicollis,,Jetz
Pternistis_clappertoni,Francolinus_clappertoni,,Jetz
Pternistis_erckelii,Francolinus_erckelii,,Jetz
Pternistis_griseostriatus,Francolinus_griseostriatus,,Jetz
Pternistis_hartlaubi,Francolinus_hartlaubi,,Jetz
Pternistis_harwoodi,Francolinus_harwoodi,,Jetz
Pternistis_hildebrandti,Francolinus_hildebrandti,,Jetz
Pternistis_icterorhynchus,Francolinus_icterorhynchus,,Jetz
Pternistis_jacksoni,Francolinus_jacksoni,,Jetz
Pternistis_leucoscepus,Francolinus_leucoscepus,,Jetz
Pternistis_nahani,Francolinus_nahani,,Jetz
Pternistis_natalensis,Francolinus_natalensis,,Jetz
Pternistis_nobilis,Francolinus_nobilis,,Jetz
Pternistis_ochropectus,Francolinus_ochropectus,,Jetz
Pternistis_rufopictus,Francolinus_rufopictus,,Jetz
Pternistis_squamatus,Francolinus_squamatus,,Jetz
Pternistis_swainsonii,Francolinus_swainsonii,,Jetz
Pternistis_swierstrai,Francolinus_swierstrai,,Jetz
Pterodroma_aterrima,Pseudobulweria_aterrima,,Cockburn
Pterodroma_becki,NA,,Cockburn
Pterodroma_brevirostris,NA,,Cockburn
Pterodroma_macgillivrayi,Pseudobulweria_macgillivrayi,,Cockburn
Pterodroma_rostrata,Pseudobulweria_rostrata,,Cockburn
Pteroglossus_beauharnaesi,Pteroglossus_beauharnaesii,,
Pteroglossus_erythropygius,NA,,Cockburn
Pteroglossus_mariae,NA,,Cockburn
Pteroglossus_sanguineus,NA,,Cockburn
Pteropodocys_maxima,NA,,Cockburn
Ptilinopus_alligator,NA,,Cockburn
Ptilinopus_hyogastra,Ptilinopus_hyogastrus,,
Ptilinopus_melanospila,Ptilinopus_melanospilus,,
Ptilinopus_nanus,Ptilinopus_naina,,Cockburn
Ptyonoprogne_concolor,Hirundo_concolor,,Cockburn
Ptyonoprogne_fuligula,Hirundo_fuligula,,Cockburn
Ptyonoprogne_obsoleta,Hirundo_obsoleta,,Cockburn
Ptyonoprogne_rupestris,Hirundo_rupestris,,Cockburn
Puffinus_bannermani,NA,,Cockburn
Puffinus_persicus,NA,,Cockburn
Pycnonotus_dodsoni,NA,,Cockburn
Pycnonotus_erythropthalm,Pycnonotus_erythropthalmos,,
Pycnonotus_leucogrammic,Pycnonotus_leucogrammicus,,
Pycnonotus_somaliensis,NA,,Cockburn
Pycnonotus_tricolor,NA,,Cockburn
Pygoscelis_antarctica,Pygoscelis_antarcticus,,
Pyrgisoma_crissale,Pipilo_crissalis,,Biagolini
Pyrocephalus_nanus,Pyrocephalus_rubinus,,Jetz
Pyrrhomyias_cinnamomea,Pyrrhomyias_cinnamomeus,,
Pyrrhura_rhodogaster,NA,,Cockburn
Ramphastos_citreolaemus,NA,,Cockburn
Ramphastos_culminatus,NA,,Cockburn
Ramphastos_cuvieri,NA,,Cockburn
Ramphocelus_costaricensis,Ramphocelus_costaricensis,,
Ramphocoris_clotbey,Rhamphocoris_clotbey,,
Ramphodon_dohrnii,Glaucis_dohrnii,,Cockburn
Ramphomicron_microrhync,Ramphomicron_microrhynchum,,
Ramphotrigon_megacephal,Ramphotrigon_megacephalum,,
Ramphotrigon_megacephala,Ramphotrigon_megacephalum,,Cockburn
Regulus_ignicapillus,Regulus_ignicapilla,,
Regulus_teneriffae,NA,,Cockburn
Reinwardtoena_crassirostri,Reinwardtoena_crassirostris,,
Reinwardtoena_reinwardtii,Reinwardtoena_reinwardtsi,,
Rhamphococcyx_calyorhynchus,NA,,Cockburn
Rhamphomantis_megarhyn,Rhamphomantis_megarhynchus,,
Rhegmatorhina_melanostict,Rhegmatorhina_melanosticta,,
Rhinomyias_addita,Rhinomyias_additus,,
Rhinomyias_brunneata,Rhinomyias_brunneatus,,
Rhinomyias_olivacea,Rhinomyias_olivaceus,,
Rhinopomastus_cyanomela,Rhinopomastus_cyanomelas,,
Rhinortha_chlorophaea,Phaenicophaeus_chlorophaeus,,Cockburn
Rhipidura_albiscapa,Rhipidura_fuliginosa,,Biagolini
Rhipidura_hypoxantha,Chelidorhynx_hypoxantha,,Cockburn
Rhipidura_nigrocinnamome,Rhipidura_nigrocinnamomea,,
Rhipidura_spilodera,Rhipidura_verreauxi,,Cockburn
Rhodopechys_githaginea,Bucanetes_githagineus,,Cockburn
Rhodopechys_mongolica,Eremopsaltria_mongolicus,,Cockburn
Rhodopechys_obsoleta,Rhodopechys_obsoletus,,
Rhodopechys_sanguinea,Rhodopechys_sanguineus,,
Rhopornis_ardesiaca,Rhopornis_ardesiacus,,
Rhyacornis_fuliginosus,Rhyacornis_fuliginosa,,
Rhynchopsitta_pachyrhync,Rhynchopsitta_pachyrhyncha,,
Rhynchostruthus_socotranu,Rhynchostruthus_socotranus,,
Ridgwayia_pinicola,Zoothera_pinicola,,Cockburn
Rostrhamus_hamatus,Helicolestes_hamatus,,Cockburn
Rupicola_peruviana,Rupicola_peruvianus,,
Sapheopipo_noguchii,Dendrocopos_noguchii,,Cockburn
Saucerottia_cupreicauda,NA,,Jetz
Saurothera_longirostris,Coccyzus_longirostris,,Jetz
Saurothera_merlini,Coccyzus_merlini,,Jetz
Saurothera_vetula,Coccyzus_vetula,,Jetz
Saurothera_vieilloti,Coccyzus_vieilloti,,Jetz
Saxicola_aethiops,Saxicola_caprata,,Jetz
Saxicola_axillaris,Saxicola_torquatus,,Jetz
Saxicola_ferrea,Saxicola_ferreus,,
Saxicola_leucura,Saxicola_leucurus,,
Saxicola_macrorhyncha,Saxicola_macrorhynchus,,
Saxicola_torquata,Saxicola_torquatus,,
Saxicoloides_fulicata,Saxicoloides_fulicatus,,
Sceloglaux_albifacies,NA,,Cockburn
Scenopooetes_dentirostris,Scenopoeetes_dentirostris,,
Scepomycter_winifredae,NA,,Cockburn
Schiffornis_turdinus,Schiffornis_turdina,,
Schizoeaca_moreirae,Oreophylax_moreirae,,Cockburn
Schoenicola_platyura,Schoenicola_platyurus,,
Schoeniophylax_phryganop,Schoeniophylax_phryganophilus,,
Schoeniophylax_phryganophila,Schoeniophylax_phryganophilus,,
Schoutedenapus_schoutede,Schoutedenapus_schoutedeni,,
Scleroptila_africanus,Francolinus_africanus,,Jetz
Scleroptila_finschi,Francolinus_finschi,,Jetz
Scleroptila_levaillantii,Francolinus_levaillantii,,Jetz
Scleroptila_levaillantoides,Francolinus_levaillantoides,,Jetz
Scleroptila_psilolaemus,Francolinus_psilolaemus,,Jetz
Scleroptila_shelleyi,Francolinus_shelleyi,,Jetz
Scleroptila_streptophorus,Francolinus_streptophorus,,Jetz
Scytalopus_fuscicauda,Scytalopus_griseicollis,,Jetz
Scytalopus_indigoticus,Eleoscytalopus_indigoticus,,
Scytalopus_psychopompus,Eleoscytalopus_psychopompus,,
Scytalopus_spillmani,Scytalopus_spillmanni,,
Seicercus_xanthoschistos,Phylloscopus_xanthoschistos,,Cockburn
Seiurus_aurocapillus,Seiurus_aurocapilla,,
Selenidera_culik,Selenidera_piperivora,,Cockburn
Seleucidis_melanoleuca,Seleucidis_melanoleucus,,
Sericornis_magnirostris,Sericornis_magnirostra,,
Serinus_canicapillus,Serinus_gularis,,Cockburn
Serinus_citrinella,Carduelis_citrinella,Eleoscytalopus_indigoticus,
Serinus_leucolaema,Serinus_alario,,Cockburn
Serinus_reichenowi,NA,,Cockburn
Serpophaga_griseiceps,NA,,Jetz
Sheppardia_poensis,Sheppardia_bocagei,,Cockburn
Sheppardia_polioptera,Cossypha_polioptera,,Cockburn
Sicalis_luteiventris,Sicalis_luteola,,Cockburn
Silvicultrix_diadema,Ochthoeca_diadema,,Cockburn
Silvicultrix_frontalis,Ochthoeca_frontalis,,Cockburn
Silvicultrix_jelskii,Ochthoeca_jelskii,,Cockburn
Silvicultrix_pulchella,Ochthoeca_pulchella,,Cockburn
Siptornopsis_hypochondria,Siptornopsis_hypochondriaca,,
Siptornopsis_hypochondriacus,Siptornopsis_hypochondriaca,,Cockburn
Speotyto_cunicularia,Athene_cunicularia,,Cockburn
Spermestes_bicolor,Lonchura_bicolor,,Jetz
Spermestes_caniceps,Lonchura_griseicapilla,,Jetz
Spermestes_cucullatus,Lonchura_cucullata,,Jetz
Spermestes_fringilloides,Lonchura_fringilloides,,Jetz
Spilornis_minimus,Spilornis_cheela,,Cockburn
Spizaetus_africanus,Aquila_africanus,,Cockburn
Spizaetus_alboniger,Nisaetus_alboniger,,Cockburn
Spizaetus_bartelsi,Nisaetus_bartelsi,,Cockburn
Spizaetus_cirrhatus,Nisaetus_cirrhatus,,Cockburn
Spizaetus_lanceolatus,Nisaetus_lanceolatus,,
Spizaetus_nanus,Nisaetus_nanus,,Cockburn
Spizaetus_nipalensis,Nisaetus_nipalensis,,Cockburn
Spizaetus_philippensis,Nisaetus_philippensis,,
Spizastur_melanoleucus,Spizaetus_melanoleucus,,
Spizella_taverneri,NA,,Cockburn
Spiziapteryx_circumcinctus,Spiziapteryx_circumcincta,,
Sporophila_insulata,Sporophila_telasco,,Cockburn
Sporophila_zelichi,NA,,Cockburn
Stachyris_rodolphei,NA,,Cockburn
Stachyris_speciosa,Dasycrotapha_speciosa,,Jetz
Stelgidopteryx_andecola,Haplochelidon_andecola,,Jetz
Stelgidopteryx_fucata,Alopochelidon_fucata,,Cockburn
Stelgidopteryx_ridgwayi,Stelgidopteryx_serripennis,,Cockburn
Stephanophorus_diadematu,Stephanophorus_diadematus,,
Sternula_albifrons,Sterna_albifrons,,
Sternula_antillarum,Sterna_antillarum,,
Sternula_balaenarum,Sterna_balaenarum,,
Sternula_lorata,Sterna_lorata,,
Sternula_nereis,Sterna_nereis,,
Sternula_saundersi,Sterna_saundersi,,
Sternula_superciliaris,Sterna_superciliaris,,
Stigmatura_bahiae,Stigmatura_napensis,,Jetz
Stigmatura_gracilis,Stigmatura_budytoides,,Jetz
Stizorhina_finschii,Stizorhina_finschi,,Cockburn
Streptopelia_chinensis,Stigmatopelia_chinensis,,Cockburn
Streptopelia_picturata,Nesoenas_picturata,,Jetz
Streptopelia_senegalensis,Stigmatopelia_senegalensis,,Cockburn
Strigops_habroptilus,Strigops_habroptila,,
Strix_albitarsus,Strix_albitarsis,,
Sturnella_lilianae,Sturnella_magna,,Cockburn
Sturnus_senex,Sturnus_albofrontatus,Eleoscytalopus_indigoticus,
Suiriri_affinis,Suiriri_islerorum,,Cockburn
Surniculus_dicruroides,NA,,Cockburn
Surniculus_musschenbroeki,NA,,Cockburn
Sylvia_subcaeruleum,Sylvia_subcaerulea,,
Sylvietta_chapini,Sylvietta_leucophrys,,Cockburn
Sylviorthorhynchus_desmur,Sylviorthorhynchus_desmursii,,
Synallaxis_chinchipensis,Synallaxis_stictothorax,,Jetz
Synallaxis_hellmayri,Gyalophylax_hellmayri,,Cockburn
Synallaxis_simoni,Synallaxis_albilora,,Jetz
Sypheotides_indica,Sypheotides_indicus,,
Taccocua_leschenaultii,Phaenicophaeus_leschenaultii,,Cockburn
Tachybaptus_novaehollandi,Tachybaptus_novaehollandiae,,
Tachybaptus_rufolavatus,NA,extinct,Jetz
Tachycineta_meyeni,Tachycineta_meyeni,,
Tangara_brasiliensis,Tangara_mexicana,,Jetz
Tangara_meyerdeschauens,Tangara_meyerdeschauenseei,,
Tanygnathus_megalorynch,Tanygnathus_megalorynchos,,
Tauraco_schuettii,Tauraco_schuetti,,
Tchagra_anchietae,NA,,Cockburn
Tchagra_minuta,Tchagra_minutus,,
Tchagra_senegala,Tchagra_senegalus,,
Tephrodornis_pondicerianu,Tephrodornis_pondicerianus,,
Terpsiphone_bourbonnensi,Terpsiphone_bourbonnensis,,
Tetraogallus_obscurus,NA,,Jetz
Thalassarche_melanophris,Thalassarche_melanophrys,,Biagolini
Thalasseus_bengalensis,Sterna_bengalensis,,Cockburn
Thalasseus_bergii,Sterna_bergii,,Cockburn
Thalasseus_bernsteini,Sterna_bernsteini,,Cockburn
Thalasseus_elegans,Sterna_elegans,,Cockburn
Thalasseus_sandvicensis,Sterna_sandvicensis,,Cockburn
Thamnolaea_cinnamomeive,Myrmecocichla_cinnamomeiventris,,Jetz
Thamnolaea_cinnamomeiventris,NA,,Cockburn
Thamnolaea_coronata,NA,,Cockburn
Thamnolaea_semirufa,Myrmecocichla_semirufa,,Cockburn
Thamnomanes_schistogynu,Thamnomanes_schistogynus,,
Thamnophilus_caerulescen,Thamnophilus_caerulescens,,
Thamnophilus_leucogaster,Thamnophilus_punctatus,,Jetz
Thamnophilus_nigrocinere,Thamnophilus_nigrocinereus,,
Thamnophilus_stictocephal,Thamnophilus_stictocephalus,,
Thamnophilus_tenuepuncta,Thamnophilus_tenuepunctatus,,
Thapsinillas_affinis,Alophoixus_affinis,,Cockburn
Theristicus_branickii,Theristicus_melanopis,,Cockburn
Threskiornis_melanocephal,Threskiornis_melanocephalus,,
Thripadectes_melanorhync,Thripadectes_melanorhynchus,,
Thryothorus_colombianus,Thryothorus_maculipectus,,Jetz
Thryothorus_paucimaculat,Thryothorus_sclateri,part of same superspecies,Jetz
Tiaris_canora,Tiaris_canorus,,
Tiaris_fuliginosa,Tiaris_fuliginosus,,
Tiaris_obscura,Tiaris_obscurus,,
Tiaris_olivacea,Tiaris_olivaceus,,
Tigriornis_leucolophus,Tigriornis_leucolopha,,
Tockus_albocristatus,Tropicranus_albocristatus,,Cockburn
Todiramphus_cinnamominu,Todiramphus_cinnamominus,,
Todiramphus_pyrrhopygia,Todiramphus_pyrrhopygius,,
Todirhamphus_albonotatus,Todiramphus_albonotatus,,
Todirhamphus_australasia,Todiramphus_australasia,,Cockburn
Todirhamphus_chloris,Todiramphus_chloris,,
Todirhamphus_cinnamominus,Todiramphus_cinnamominus,,
Todirhamphus_diops,Todiramphus_diops,,Cockburn
Todirhamphus_enigma,Todiramphus_enigma,,Cockburn
Todirhamphus_farquhari,Todiramphus_farquhari,,Cockburn
Todirhamphus_funebris,NA,,Cockburn
Todirhamphus_gambieri,Todiramphus_gambieri,,Cockburn
Todirhamphus_godeffroyi,Todiramphus_godeffroyi,,Cockburn
Todirhamphus_lazuli,Todiramphus_lazuli,,Cockburn
Todirhamphus_leucopygius,Todiramphus_leucopygius,,Cockburn
Todirhamphus_macleayii,Todiramphus_macleayii,,
Todirhamphus_nigrocyaneus,Todiramphus_nigrocyaneus,,Cockburn
Todirhamphus_pyrrhopygia,Todiramphus_pyrrhopygius,,
Todirhamphus_recurvirostris,Todiramphus_recurvirostris,,Cockburn
Todirhamphus_ruficollaris,Todiramphus_ruficollaris,,Cockburn
Todirhamphus_sanctus,Todiramphus_sanctus,,
Todirhamphus_saurophaga,Todiramphus_saurophaga,,Cockburn
Todirhamphus_tuta,Todiramphus_tutus,,
Todirhamphus_veneratus,Todiramphus_veneratus,,Cockburn
Todirhamphus_winchelli,Todiramphus_winchelli,,Cockburn
Todirostrum_calopterum,Poecilotriccus_calopterus,,Cockburn
Todirostrum_chrysocrotaph,Todirostrum_chrysocrotaphum,,
Todirostrum_fumifrons,Poecilotriccus_fumifrons,,Cockburn
Todirostrum_latirostre,Poecilotriccus_latirostris,,Cockburn
Todirostrum_plumbeiceps,Poecilotriccus_plumbeiceps,,Cockburn
Todirostrum_poliocephalu,Todirostrum_poliocephalum,,
Todirostrum_pulchellum,Poecilotriccus_pulchellus,,Cockburn
Todirostrum_russatum,Poecilotriccus_russatus,,Cockburn
Todirostrum_senex,Poecilotriccus_senex,,Cockburn
Todirostrum_sylvia,Poecilotriccus_sylvia,,Cockburn
Torgos_tracheliotus,Torgos_tracheliotos,,
Touit_batavica,Touit_batavicus,,
Touit_dilectissima,Touit_dilectissimus,,
Touit_purpurata,Touit_purpuratus,,
Touit_stictoptera,Touit_stictopterus,,
Touit_surda,Touit_surdus,,
Toxorhamphus_novaeguine,Toxorhamphus_novaeguineae,,
Trachyphonus_erythroceph,Trachyphonus_erythrocephalus,,
Trachyphonus_margaritatu,Trachyphonus_margaritatus,,
Treron_bicincta,Treron_bicinctus,,
Treron_calva,Treron_calvus,,
Treron_oxyura,Treron_oxyurus,,
Treron_phoenicoptera,Treron_phoenicopterus,,
Treron_psittacea,Treron_psittaceus,,
Treron_sphenura,Treron_sphenurus,,
Tribonyx_mortierii,Gallinula_mortierii,,Biagolini
Trichastoma_woodi,Leonardina_woodi,,Cockburn
Trichixos_pyrropyga,Trichixos_pyrropygus,,
Trichoglossus_chlorolepido,Trichoglossus_chlorolepidotus,,
Trichoglossus_rubritorquis,NA,,Cockburn
Tricholaema_melanocephal,Tricholaema_melanocephala,,
Tringa_brevipes,Heteroscelus_brevipes,this is NOT Aratinga_brevipes,
Tringa_cinerea,Xenus_cinereus,,Cockburn
Tringa_hypoleucos,Actitis_hypoleucos,,Cockburn
Tringa_incana,Heteroscelus_incanus,,Cockburn
Tringa_macularia,Actitis_macularius,,Cockburn
Trochocercus_albiventris,Elminia_albiventris,,Cockburn
Trochocercus_albonotatus,Elminia_albonotata,,Cockburn
Trochocercus_nigromitratus,Elminia_nigromitrata,,Cockburn
Troglodytes_beani,Troglodytes_aedon,Cozumel wren - part of large distribution of house wren,Jetz
Turdoides_caudatus,Turdoides_caudata,,
Turdoides_fulvus,Turdoides_fulva,,
Turdoides_hypoleucus,Turdoides_hypoleuca,,
Turdoides_leucocephalus,Turdoides_leucocephala,,
Turdoides_leucopygius,Turdoides_leucopygia,,
Turdoides_reinwardtii,Turdoides_reinwardii,,
Turdoides_rubiginosus,Turdoides_rubiginosa,,
Turdoides_squamulatus,Turdoides_squamulata,,
Turdoides_striatus,Turdoides_striata,,
Turdoides_subrufus,Turdoides_subrufa,,
Turdoides_tenebrosus,Turdoides_tenebrosa,,
Turdus_graysoni,NA,,Cockburn
Turnix_castanota,Turnix_castanotus,,
Turnix_hottentotta,Turnix_hottentottus,,
Turnix_maculosa,Turnix_maculosus,,
Turnix_nana,Turnix_hottentottus,,Cockburn
Turnix_ocellata,Turnix_ocellatus,,
Turnix_sylvatica,Turnix_sylvaticus,,
Turnix_varia,Turnix_varius,,
Tympanuchus_pallidicinctu,Tympanuchus_pallidicinctus,,
Tyto_castanops,NA,,Cockburn
Tyto_multipunctata,NA,,Cockburn
Upucerthia_andaecola,Ochetorhynchus_andaecola,,Cockburn
Upucerthia_certhioides,Tarphonomus_certhioides,,Cockburn
Upucerthia_harterti,Tarphonomus_harterti,,Cockburn
Upucerthia_ruficauda,Ochetorhynchus_ruficaudus,,Cockburn
Upupa_africana,Upupa_epops,,Cockburn
Uraeginthus_cyanocephalu,Uraeginthus_cyanocephalus,,
Uraeginthus_granatina,Uraeginthus_granatinus,,
Urodynamis_taitensis,NA,,Cockburn
Urolais_epichlora,Urolais_epichlorus,,
Uromyias_agilis,Anairetes_agilis,,Cockburn
Uromyias_agraphia,Anairetes_agraphia,,Cockburn
Veniliornis_fumigatus,Picoides_fumigatus,,Cockburn
Vireo_atricapillus,Vireo_atricapilla,,
Vireo_swainsonii,NA,,Cockburn
Viridonia_parva,NA,,Cockburn
Viridonia_sagittirostris,NA,,Cockburn
Viridonia_stejnegeri,NA,,Cockburn
Viridonia_virens,NA,,Cockburn
Wetmorethraupis_sterrhopt,Wetmorethraupis_sterrhopteron,,
Xanthocephalus_xanthocep,Xanthocephalus_xanthocephalus,,
Xanthomixis_apperti,Bernieria_apperti,,Cockburn
Xanthomixis_cinereiceps,Bernieria_cinereiceps,,Cockburn
Xanthomixis_tenebrosus,Bernieria_tenebrosa,,Cockburn
Xanthomixis_zosterops,Bernieria_zosterops,,Cockburn
Xanthotis_macleayana,Xanthotis_macleayanus,,
Xanthotis_polygramma,Xanthotis_polygrammus,,
Xiphirhynchus_superciliari,Xiphirhynchus_superciliaris,,
Xiphocolaptes_promeropirh,Xiphocolaptes_promeropirhynchus,,
Xiphorhynchus_erythropygi,Xiphorhynchus_erythropygius,,
Xiphorhynchus_eytoni,NA,,Cockburn
Xiphorhynchus_lachrymosu,Xiphorhynchus_lachrymosus,,
Xiphorhynchus_necopinus,NA,,Cockburn
Xiphorhynchus_picus,Dendroplex_picus,,Cockburn
Xolmis_cinerea,Xolmis_cinereus,,
Xolmis_coronata,Xolmis_coronatus,,
Xolmis_dominicana,Xolmis_dominicanus,,
Xolmis_rufiventris,Neoxolmis_rufiventris,,
Xolmis_velata,Xolmis_velatus,,
Yuhina_capitalis,Stachyris_capitalis,,Cockburn
Yuhina_dennistouni,Stachyris_dennistouni,,Cockburn
Yuhina_hypogrammica,Stachyris_hypogrammica,,Cockburn
Yuhina_latistriata,Stachyris_latistriata,,Cockburn
Yuhina_nigrocapitata,Stachyris_nigrocapitata,,Cockburn
Yuhina_nigrorum,Stachyris_nigrorum,,Cockburn
Yuhina_plateni,Stachyris_plateni,,Cockburn
Yuhina_speciosa,Dasycrotapha_speciosa,,Cockburn
Yuhina_striata,Stachyris_striata,,Cockburn
Yuhina_whiteheadi,NA,,Cockburn
Yuhina_zantholeuca,Erpornis_zantholeuca,,Jetz
Zanclostomus_javanicus,Phaenicophaeus_javanicus,,Cockburn
Zimmerius_cinereicapillus,Zimmerius_cinereicapilla,,
Zoothera_cameronensis,Zoothera_camaronensis,,
Zoothera_horsfieldi,NA,,Cockburn
Zoothera_kibalensis,NA,,Cockburn
Zosterops_atricapillus,Zosterops_atricapilla,,
Zosterops_chloronothos,Zosterops_chloronothus,,
Zosterops_citrinellus,Zosterops_citrinella,,
Zosterops_fuscicapillus,Zosterops_fuscicapilla,,
Zosterops_poliogaster,Zosterops_poliogastrus,,
Zosterops_winifredae,NA,Formerly considered part of Z poliogastrus,Jetz
Zosterops_xanthochrous,Zosterops_xanthochroa,,