"","X","SpeciesScientific","Genus","Species","KnownParentalCare","InferredParentalCare","Region","Source"
"44",44,"Nothoprocta_kalinowskii","Nothoprocta","kalinowskii","Unknown","Male_only","Neotropical",NA
"228",228,"Margaroperdix_madagarensis","Margaroperdix","madagarensis","Unknown","Pair","Africa",NA
"235",235,"Coturnix_adansonii","Coturnix","adansonii","Pair","Pair","Africa",NA
"258",258,"Arborophila_merlini","Arborophila","merlini","Unknown","Pair","Indomalayan",NA
"280",280,"Polyplectron_emphanum","Polyplectron","emphanum","Unknown","Female_only","Indomalayan",NA
"297",297,"Lophura_imperialis","Lophura","imperialis","Unknown","Female_only","Indomalayan",NA
"331",331,"Falcipennis_falcipennis","Falcipennis","falcipennis","Female_only","Female_only","Palearctic","[15,20]"
"332",332,"Falcipennis_canadensis","Falcipennis","canadensis","Female_only","Female_only","Nearctic","[15]"
"338",338,"Agriocharis_ocellata","Agriocharis","ocellata","Female_only","Female_only","Neotropical",NA
"352",352,"Oxyura_dominica","Oxyura","dominica","Female_only","Female_only","Neotropical","[27,28]"
"354",354,"Oxyura_ferruginea","Oxyura","ferruginea","Subspp","Subspp","Neotropical","[23]"
"376",376,"Anser_caerulescens","Anser","caerulescens","Pair","Pair","Holarctic","[25,35]"
"377",377,"Anser_rossii","Anser","rossii","Pair","Pair","Nearctic","[25,36]"
"378",378,"Anser_canagica","Anser","canagica","Pair","Pair","Holarctic","[37]"
"419",419,"Anas_specularioides","Anas","specularioides","Pair","Pair","Neotropical",NA
"639",639,"Pteroglossus_mariae","Pteroglossus","mariae","Unknown","Cooperation","Neotropical",NA
"644",644,"Pteroglossus_sanguineus","Pteroglossus","sanguineus","Subspp","Subspp","Neotropical",NA
"645",645,"Pteroglossus_erythropygius","Pteroglossus","erythropygius","Subspp","Subspp","Neotropical",NA
"648",648,"Baillonius_bailloni","Baillonius","bailloni","Unknown","Pair","Neotropical",NA
"656",656,"Selenidera_culik","Selenidera","culik","Unknown","Cooperation","Neotropical",NA
"661",661,"Ramphastos_citreolaemus","Ramphastos","citreolaemus","Subspp","Subspp","Neotropical",NA
"662",662,"Ramphastos_culminatus","Ramphastos","culminatus","Subspp","Subspp","Neotropical",NA
"668",668,"Ramphastos_cuvieri","Ramphastos","cuvieri","Subspp","Subspp","Neotropical",NA
"753",753,"Dendropicos_namaquus","Dendropicos","namaquus","Pair","Pair","Africa",NA
"754",754,"Dendropicos_pyrrhogaster","Dendropicos","pyrrhogaster","Unknown","Pair","Africa",NA
"755",755,"Dendropicos_xantholophus","Dendropicos","xantholophus","Unknown","Pair","Africa",NA
"756",756,"Dendropicos_elliotii","Dendropicos","elliotii","Unknown","Pair","Africa",NA
"757",757,"Dendropicos_goertae","Dendropicos","goertae","Pair","Pair","Africa",NA
"759",759,"Dendropicos_griseocephalus","Dendropicos","griseocephalus","Cooperation","Cooperation","Africa",NA
"783",783,"Picoides_lignarius","Picoides","lignarius","Unknown","Pair","Neotropical",NA
"784",784,"Picoides_mixtus","Picoides","mixtus","Unknown","Pair","Neotropical",NA
"797",797,"Veniliornis_fumigatus","Veniliornis","fumigatus","Unknown","Pair","Neotropical",NA
"807",807,"Sapheopipo_noguchii","Sapheopipo","noguchii","Unknown","Pair","Palearctic",NA
"876",876,"Piculus_auricularis","Piculus","auricularis","Unknown","Pair","Neotropical",NA
"877",877,"Piculus_rubiginosus","Piculus","rubiginosus","Pair","Pair","Neotropical",NA
"878",878,"Piculus_rivolii","Piculus","rivolii","Unknown","Pair","Neotropical",NA
"903",903,"Tockus_albocristatus","Tockus","albocristatus","Pair","Pair","Africa","[98]"
"929",929,"Buceros_vigil","Buceros","vigil","Pair","Pair","Indomalayan",NA
"949",949,"Ceratogymna_bucinator","Ceratogymna","bucinator","Cooperation","Cooperation","Africa",NA
"950",950,"Ceratogymna_fistulator","Ceratogymna","fistulator","Unknown","Cooperation","Africa",NA
"951",951,"Ceratogymna_brevis","Ceratogymna","brevis","Pair","Pair","Africa",NA
"952",952,"Ceratogymna_subcylindricus","Ceratogymna","subcylindricus","Pair","Pair","Africa",NA
"953",953,"Ceratogymna_cylindricus","Ceratogymna","cylindricus","Unknown","Pair","Africa",NA
"954",954,"Ceratogymna_albotibialis","Ceratogymna","albotibialis","Subspp","Subspp","Africa",NA
"958",958,"Bucorvus_leadbeateri","Bucorvus","leadbeateri","Cooperation","Cooperation","Africa",NA
"960",960,"Upupa_africana","Upupa","africana","Cooperation","Cooperation","Africa","[103]"
"1028",1028,"Merops_forsteni","Merops","forsteni","Cooperation","Cooperation","Indomalayan","[113]"
"1082",1082,"Todirhamphus_nigrocyaneus","Todirhamphus","nigrocyaneus","Unknown","Cooperation","Australia","[120]"
"1083",1083,"Todirhamphus_winchelli","Todirhamphus","winchelli","Unknown","Cooperation","Indomalayan",NA
"1084",1084,"Todirhamphus_diops","Todirhamphus","diops","Unknown","Cooperation","Australia",NA
"1085",1085,"Todirhamphus_lazuli","Todirhamphus","lazuli","Unknown","Cooperation","Australia",NA
"1088",1088,"Todirhamphus_leucopygius","Todirhamphus","leucopygius","Unknown","Pair","Australia",NA
"1089",1089,"Todirhamphus_farquhari","Todirhamphus","farquhari","Unknown","Pair","Australia",NA
"1091",1091,"Todirhamphus_recurvirostris","Todirhamphus","recurvirostris","Subspp","Subspp","Australia",NA
"1093",1093,"Todirhamphus_funebris","Todirhamphus","funebris","Unknown","Pair","Australia","[120]"
"1095",1095,"Todirhamphus_enigma","Todirhamphus","enigma","Unknown","Pair","Australia","[120]"
"1096",1096,"Todirhamphus_saurophaga","Todirhamphus","saurophaga","Unknown","Pair","Australia","[120,125]"
"1097",1097,"Todirhamphus_australasia","Todirhamphus","australasia","Unknown","Pair","Australia","[120]"
"1099",1099,"Todirhamphus_veneratus","Todirhamphus","veneratus","Unknown","Pair","Australia",NA
"1100",1100,"Todirhamphus_ruficollaris","Todirhamphus","ruficollaris","Subspp","Subspp","Australia",NA
"1102",1102,"Todirhamphus_godeffroyi","Todirhamphus","godeffroyi","Unknown","Cooperation","Australia",NA
"1103",1103,"Todirhamphus_gambieri","Todirhamphus","gambieri","Unknown","Cooperation","Australia",NA
"1134",1134,"Alcedo_thomensis","Alcedo","thomensis","Unknown","Pair","Africa",NA
"1135",1135,"Alcedo_nais","Alcedo","nais","Unknown","Pair","Africa",NA
"1144",1144,"Ispidina_madagascariensis","Ispidina","madagascariensis","Pair","Pair","Africa",NA
"1145",1145,"Ispidina_picta","Ispidina","picta","Pair","Pair","Africa",NA
"1146",1146,"Ispidina_lecontei","Ispidina","lecontei","Pair","Pair","Africa",NA
"1193",1193,"Centropus_neumanni","Centropus","neumanni","Subspp","Subspp","Africa",NA
"1199",1199,"Centropus_burchelli","Centropus","burchelli","Subspp","Subspp","Africa",NA
"1222",1222,"Coua_delalandei","Coua","delalandei","Unknown","Pair","Africa",NA
"1224",1224,"Rhinortha_chlorophaea","Rhinortha","chlorophaea","Unknown","Pair","Indomalayan","[129]"
"1225",1225,"Ceuthmochares_australia","Ceuthmochares","australia","Pair","Pair","Africa","[129]"
"1227",1227,"Taccocua_leschenaultii","Taccocua","leschenaultii","Pair","Pair","Indomalayan",NA
"1228",1228,"Zanclostomus_javanicus","Zanclostomus","javanicus","Pair","Pair","Indomalayan",NA
"1235",1235,"Unknown_NA","Unknown",NA,NA,NA,NA,NA
"1236",1236,"Rhamphococcyx_calyorhynchus","Rhamphococcyx","calyorhynchus","calyorhynchus","Pair","Indomalayan",NA
"1237",1237,"Dasylophus_superciliosus","Dasylophus","superciliosus","Unknown","Pair","Indomalayan",NA
"1238",1238,"Dasylophus_cumingi","Dasylophus","cumingi","Unknown","Pair","Indomalayan",NA
"1264",1264,"Eudynamys_melanorhyncha","Eudynamys","melanorhyncha","Subspp","Subspp","Widespread",NA
"1265",1265,"Eudynamys_cyanocephala","Eudynamys","cyanocephala","Subspp","Subspp","Australia",NA
"1266",1266,"Urodynamis_taitensis","Urodynamis","taitensis","Brood_parasite","Brood_parasite","Australia",NA
"1274",1274,"Chrysococcyx_megarhynchus","Chrysococcyx","megarhynchus","Unknown","Brood_parasite","Australia",NA
"1282",1282,"Chrysococcyx_rufomerus","Chrysococcyx","rufomerus","Subspp","Subspp","Australia",NA
"1284",1284,"Cacomantis_pallidus","Cacomantis","pallidus","Brood_parasite","Brood_parasite","Australia",NA
"1285",1285,"Cacomantis_leucolophus","Cacomantis","leucolophus","Unknown","Brood_parasite","Australia",NA
"1297",1297,"Surniculus_dicruroides","Surniculus","dicruroides","Brood_parasite","Brood_parasite","Indomalayan",NA
"1300",1300,"Surniculus_musschenbroeki","Surniculus","musschenbroeki","Unknown","Brood_parasite","Indomalayan",NA
"1301",1301,"Hierococcyx_vagans","Hierococcyx","vagans","Brood_parasite","Brood_parasite","Indomalayan",NA
"1302",1302,"Hierococcyx_bocki","Hierococcyx","bocki","Unknown","Brood_parasite","Indomalayan",NA
"1303",1303,"Hierococcyx_sparverioides","Hierococcyx","sparverioides","Brood_parasite","Brood_parasite","Indomalayan",NA
"1304",1304,"Hierococcyx_varius","Hierococcyx","varius","Brood_parasite","Brood_parasite","Indomalayan",NA
"1305",1305,"Hierococcyx_hyperythrus","Hierococcyx","hyperythrus","Brood_parasite","Brood_parasite","Indomalayan",NA
"1306",1306,"Hierococcyx_pectoralis","Hierococcyx","pectoralis","Unknown","Brood_parasite","Indomalayan",NA
"1307",1307,"Hierococcyx_fugax","Hierococcyx","fugax","Brood_parasite","Brood_parasite","Indomalayan",NA
"1308",1308,"Hierococcyx_nisicolor","Hierococcyx","nisicolor","Brood_parasite","Brood_parasite","Indomalayan",NA
"1334",1334,"Trichoglossus_rubritorquis","Trichoglossus","rubritorquis","Pair","Pair","Australia","[137,138]"
"1382",1382,"Eolophus_roseicapillus","Eolophus","roseicapillus","Pair","Pair","Australia",NA
"1446",1446,"Barnardius_barnardi","Barnardius","barnardi","Pair","Pair","Australia",NA
"1449",1449,"Platycercus_flaveolus","Platycercus","flaveolus","Pair","Pair","Australia",NA
"1459",1459,"Psephotus_pulcherrimus","Psephotus","pulcherrimus","Pair","Pair","Australia",NA
"1475",1475,"Geopsittacus_occidentalis","Geopsittacus","occidentalis","Unknown","Pair","Australia",NA
"1534",1534,"Ara_couloni","Ara","couloni","Unknown","Pair","Neotropical",NA
"1535",1535,"Ara_maracana","Ara","maracana","Unknown","Pair","Neotropical",NA
"1536",1536,"Ara_auricollis","Ara","auricollis","Unknown","Pair","Neotropical",NA
"1539",1539,"Aratinga_guarouba","Aratinga","guarouba","Cooperation","Cooperation","Neotropical","[137,138,"
"1541",1541,"Aratinga_strenua","Aratinga","strenua","Subspp","Subspp","Neotropical",NA
"1568",1568,"Pyrrhura_rhodogaster","Pyrrhura","rhodogaster","Unknown","Pair","Neotropical",NA
"1585",1585,"Bolborhynchus_aymara","Bolborhynchus","aymara","Pair","Pair","Neotropical","[137,138]"
"1586",1586,"Bolborhynchus_aurifrons","Bolborhynchus","aurifrons","Pair","Pair","Neotropical",NA
"1618",1618,"Pionopsitta_haematotis","Pionopsitta","haematotis","Unknown","Pair","Neotropical",NA
"1619",1619,"Pionopsitta_pulchra","Pionopsitta","pulchra","Unknown","Pair","Neotropical",NA
"1620",1620,"Pionopsitta_barrabandi","Pionopsitta","barrabandi","Unknown","Pair","Neotropical",NA
"1621",1621,"Pionopsitta_pyrilia","Pionopsitta","pyrilia","Unknown","Pair","Neotropical",NA
"1622",1622,"Pionopsitta_caica","Pionopsitta","caica","Unknown","Pair","Neotropical",NA
"1623",1623,"Gypopsitta_vulturina","Gypopsitta","vulturina","Unknown","Pair","Neotropical",NA
"1669",1669,"Cypseloides_rutilus","Cypseloides","rutilus","Pair","Pair","Neotropical","[156]"
"1670",1670,"Cypseloides_phelpsi","Cypseloides","phelpsi","Unknown","Pair","Neotropical",NA
"1738",1738,"Chaetura_andrei","Chaetura","andrei","Cooperation","Cooperation","Neotropical","[156,162,"
"1793",1793,"Phaethornis_gounellei","Phaethornis","gounellei","Female_only","Female_only","Neotropical",NA
"1803",1803,"Ramphodon_dohrnii","Ramphodon","dohrnii","Female_only","Female_only","Neotropical",NA
"1820",1820,"Melanotrochilus_fuscus","Melanotrochilus","fuscus","Female_only","Female_only","Neotropical",NA
"1849",1849,"Popelairia_popelairii","Popelairia","popelairii","Unknown","Female_only","Neotropical",NA
"1850",1850,"Popelairia_langsdorffi","Popelairia","langsdorffi","Female_only","Female_only","Neotropical",NA
"1851",1851,"Popelairia_letitiae","Popelairia","letitiae","Unknown","Female_only","Neotropical",NA
"1852",1852,"Popelairia_conversii","Popelairia","conversii","Unknown","Female_only","Neotropical",NA
"1858",1858,"Chlorostilbon_aureoventris","Chlorostilbon","aureoventris","Female_only","Female_only","Neotropical",NA
"1860",1860,"Chlorostilbon_bracei","Chlorostilbon","bracei","Subspp","Subspp","Neotropical",NA
"1887",1887,"Hylocharis_pyropygia","Hylocharis","pyropygia","Unknown","Female_only","Neotropical",NA
"1906",1906,"Amazilia_chionopectus","Amazilia","chionopectus","Female_only","Female_only","Neotropical",NA
"1910",1910,"Amazilia_distans","Amazilia","distans","Unknown","Female_only","Neotropical",NA
"2000",2000,"Heliangelus_spencei","Heliangelus","spencei","Female_only","Female_only","Neotropical",NA
"2049",2049,"Augastes_geoffroyi","Augastes","geoffroyi","Female_only","Female_only","Neotropical",NA
"2052",2052,"Heliactin_cornuta","Heliactin","cornuta","Female_only","Female_only","Neotropical",NA
"2060",2060,"Philodice_bryantae","Philodice","bryantae","Female_only","Female_only","Neotropical",NA
"2061",2061,"Philodice_mitchellii","Philodice","mitchellii","Female_only","Female_only","Neotropical",NA
"2082",2082,"Acestrura_mulsant","Acestrura","mulsant","Unknown","Female_only","Neotropical",NA
"2083",2083,"Acestrura_bombus","Acestrura","bombus","Unknown","Female_only","Neotropical",NA
"2084",2084,"Acestrura_heliodor","Acestrura","heliodor","Unknown","Female_only","Neotropical",NA
"2085",2085,"Acestrura_astreans","Acestrura","astreans","Unknown","Female_only","Neotropical",NA
"2086",2086,"Acestrura_berlepschi","Acestrura","berlepschi","Unknown","Female_only","Neotropical",NA
"2115",2115,"Gallirex_johnstoni","Gallirex","johnstoni","Unknown","Pair","Africa",NA
"2116",2116,"Gallirex_porphyreolopha","Gallirex","porphyreolopha","Pair","Pair","Africa",NA
"2118",2118,"Tyto_multipunctata","Tyto","multipunctata","Pair","Pair","Australia",NA
"2125",2125,"Tyto_castanops","Tyto","castanops","Pair","Pair","Australia",NA
"2162",2162,"Otus_kennicottii","Otus","kennicottii","Pair","Pair","Nearctic",NA
"2163",2163,"Otus_asio","Otus","asio","Occasional","Pair","Nearctic","[169,170]"
"2164",2164,"Otus_trichopsis","Otus","trichopsis","Pair","Pair","Neotropical","[169]"
"2165",2165,"Otus_choliba","Otus","choliba","Pair","Pair","Neotropical",NA
"2167",2167,"Otus_roboratus","Otus","roboratus","Unknown","Pair","Neotropical",NA
"2170",2170,"Otus_ingens","Otus","ingens","Unknown","Pair","Neotropical",NA
"2171",2171,"Otus_marshalli","Otus","marshalli","Unknown","Pair","Neotropical",NA
"2172",2172,"Otus_watsonii","Otus","watsonii","Unknown","Pair","Neotropical",NA
"2177",2177,"Otus_nudipes","Otus","nudipes","Pair","Pair","Neotropical",NA
"2203",2203,"Nyctea_scandiaca","Nyctea","scandiaca","Pair","Pair","Holarctic",NA
"2249",2249,"Glaucidium_ngamiense","Glaucidium","ngamiense","Subspp","Subspp","Africa",NA
"2250",2250,"Glaucidium_scheffleri","Glaucidium","scheffleri","Subspp","Subspp","Africa",NA
"2256",2256,"Athene_blewitti","Athene","blewitti","Unknown","Pair","Indomalayan",NA
"2257",2257,"Speotyto_cunicularia","Speotyto","cunicularia","Occasional","Pair","Widespread","[169,173]"
"2280",2280,"Sceloglaux_albifacies","Sceloglaux","albifacies","Pair","Pair","Australia",NA
"2286",2286,"Asio_clamator","Asio","clamator","Pair","Pair","Neotropical",NA
"2339",2339,"Caprimulgus_candicans","Caprimulgus","candicans","Unknown","Pair","Neotropical",NA
"2385",2385,"Hydropsalis_brasiliana","Hydropsalis","brasiliana","Unknown","Pair","Neotropical",NA
"2388",2388,"Macropsalis_creagra","Macropsalis","creagra","Unknown","Female_only","Neotropical",NA
"2405",2405,"Heterotetrax_rueppellii","Heterotetrax","rueppellii","Group","Pair","Africa","[177]"
"2406",2406,"Heterotetrax_vigorsii","Heterotetrax","vigorsii","Group","Pair","Africa",NA
"2407",2407,"Heterotetrax_humilis","Heterotetrax","humilis","Unknown","Pair","Africa",NA
"2416",2416,"Lissotis_melanogaster","Lissotis","melanogaster","Female_only","Female_only","Africa",NA
"2417",2417,"Lissotis_hartlaubii","Lissotis","hartlaubii","Female_only","Female_only","Africa",NA
"2419",2419,"Lophotis_savilei","Lophotis","savilei","Female_only","Female_only","Africa",NA
"2420",2420,"Lophotis_gindiana","Lophotis","gindiana","Female_only","Female_only","Africa",NA
"2421",2421,"Lophotis_ruficrista","Lophotis","ruficrista","Female_only","Female_only","Africa",NA
"2426",2426,"Afrotis_afraoides","Afrotis","afraoides","Female_only","Female_only","Africa",NA
"2427",2427,"Afrotis_afra","Afrotis","afra","Female_only","Female_only","Africa",NA
"2493",2493,"Gallirallus_conditicius","Gallirallus","conditicius","Subspp","Subspp","Unknown",NA
"2564",2564,"Porphyrio_mantelli","Porphyrio","mantelli","Cooperation","Cooperation","Australia",NA
"2621",2621,"Columba_leucocephala","Columba","leucocephala","Pair","Pair","Neotropical",NA
"2622",2622,"Columba_speciosa","Columba","speciosa","Pair","Pair","Neotropical",NA
"2623",2623,"Columba_squamosa","Columba","squamosa","Unknown","Pair","Neotropical",NA
"2624",2624,"Columba_corensis","Columba","corensis","Pair","Pair","Neotropical",NA
"2625",2625,"Columba_picazuro","Columba","picazuro","Pair","Pair","Neotropical",NA
"2626",2626,"Columba_maculosa","Columba","maculosa","Pair","Pair","Neotropical",NA
"2627",2627,"Columba_fasciata","Columba","fasciata","Pair","Pair","Widespread",NA
"2628",2628,"Columba_araucana","Columba","araucana","Pair","Pair","Neotropical",NA
"2629",2629,"Columba_caribaea","Columba","caribaea","Unknown","Pair","Neotropical",NA
"2630",2630,"Columba_cayennensis","Columba","cayennensis","Pair","Pair","Neotropical",NA
"2631",2631,"Columba_flavirostris","Columba","flavirostris","Unknown","Pair","Neotropical",NA
"2633",2633,"Columba_inornata","Columba","inornata","Pair","Pair","Neotropical",NA
"2634",2634,"Columba_plumbea","Columba","plumbea","Unknown","Pair","Neotropical",NA
"2635",2635,"Columba_subvinacea","Columba","subvinacea","Pair","Pair","Neotropical",NA
"2636",2636,"Columba_nigrirostris","Columba","nigrirostris","Unknown","Pair","Neotropical",NA
"2637",2637,"Columba_goodsoni","Columba","goodsoni","Unknown","Pair","Neotropical",NA
"2641",2641,"Columba_picturata","Columba","picturata","Pair","Pair","Africa",NA
"2642",2642,"Columba_larvata","Columba","larvata","Pair","Pair","Africa",NA
"2643",2643,"Columba_mayeri","Columba","mayeri","Pair","Pair","Africa",NA
"2648",2648,"Streptopelia_senegalensis","Streptopelia","senegalensis","Pair","Pair","Widespread",NA
"2649",2649,"Streptopelia_chinensis","Streptopelia","chinensis","Pair","Pair","Indomalayan",NA
"2687",2687,"Geophaps_lophotes","Geophaps","lophotes","Pair","Pair","Australia",NA
"2763",2763,"Gallicolumba_salamonis","Gallicolumba","salamonis","Unknown","Pair","Australia",NA
"2769",2769,"Microgoura_meeki","Microgoura","meeki","Unknown","Pair","Australia",NA
"2800",2800,"Ptilinopus_alligator","Ptilinopus","alligator","Pair","Pair","Australia",NA
"2841",2841,"Ptilinopus_nanus","Ptilinopus","nanus","Pair","Pair","Australia",NA
"2887",2887,"Ducula_constans","Ducula","constans","Subspp","Subspp","Australia",NA
"2975",2975,"Micropalama_himantopus","Micropalama","himantopus","Pair","Pair","Nearctic",NA
"2993",2993,"Tringa_incana","Tringa","incana","Pair","Pair","Holarctic",NA
"2999",2999,"Tringa_hypoleucos","Tringa","hypoleucos","Pair","Pair","Palearctic",NA
"3000",3000,"Tringa_macularia","Tringa","macularia","Male_only","Male_only","Nearctic",NA
"3001",3001,"Tringa_cinerea","Tringa","cinerea","Pair","Pair","Palearctic",NA
"3082",3082,"Onychoprion_aleutica","Onychoprion","aleutica","Pair","Pair","Holarctic",NA
"3083",3083,"Onychoprion_lunata","Onychoprion","lunata","Pair","Pair","Australia",NA
"3084",3084,"Onychoprion_anaethetus","Onychoprion","anaethetus","Pair","Pair","Widespread",NA
"3085",3085,"Onychoprion_fuscata","Onychoprion","fuscata","Occasional","Pair","Widespread","[210,213]"
"3087",3087,"Geochelidon_nilotica","Geochelidon","nilotica","Pair","Pair","Widespread",NA
"3088",3088,"Hydroprogne_caspia","Hydroprogne","caspia","Pair","Pair","Widespread",NA
"3090",3090,"Chlidonias_albostriatus","Chlidonias","albostriatus","Pair","Pair","Australia",NA
"3094",3094,"Thalasseus_elegans","Thalasseus","elegans","Pair","Pair","Nearctic",NA
"3095",3095,"Thalasseus_bengalensis","Thalasseus","bengalensis","Pair","Pair","Widespread",NA
"3096",3096,"Thalasseus_bergii","Thalasseus","bergii","Pair","Pair","Widespread",NA
"3097",3097,"Thalasseus_bernsteini","Thalasseus","bernsteini","Unknown","Pair","Palearctic",NA
"3098",3098,"Thalasseus_sandvicensis","Thalasseus","sandvicensis","Pair","Pair","Widespread",NA
"3136",3136,"Cyclorrhynchus_psittacula","Cyclorrhynchus","psittacula","Captivity","Pair","Holarctic","[220,224]"
"3164",3164,"Turnix_nana","Turnix","nana","Subspp","Subspp","Africa",NA
"3216",3216,"Charadrius_rubricollis","Charadrius","rubricollis","Pair","Pair","Australia",NA
"3218",3218,"Peltohyas_australis","Peltohyas","australis","Pair","Pair","Australia",NA
"3249",3249,"Himantopus_melanurus","Himantopus","melanurus","Subspp","Subspp","Unknown",NA
"3272",3272,"Burhinus_recurvirostris","Burhinus","recurvirostris","Pair","Pair","Indomalayan",NA
"3273",3273,"Burhinus_giganteus","Burhinus","giganteus","Pair","Pair","Widespread",NA
"3302",3302,"Rostrhamus_hamatus","Rostrhamus","hamatus","Pair","Pair","Neotropical","[241]"
"3309",3309,"Milvus_lineatus","Milvus","lineatus","Subspp","Subspp","Indomalayan","[241]"
"3344",3344,"Spilornis_minimus","Spilornis","minimus","Unknown","Pair","Indomalayan",NA
"3370",3370,"Micronisus_gabar","Micronisus","gabar","Pair","Pair","Africa","[241,247,"
"3381",3381,"Accipiter_francesii","Accipiter","francesii","Pair","Pair","Africa",NA
"3441",3441,"Buteogallus_subtilis","Buteogallus","subtilis","Unknown","Pair","Neotropical",NA
"3449",3449,"Asturina_plagiata","Asturina","plagiata","Subspp","Subspp","Neotropical",NA
"3450",3450,"Asturina_nitida","Asturina","nitida","Pair","Pair","Neotropical",NA
"3462",3462,"Buteo_poecilochrous","Buteo","poecilochrous","Cooperation","Cooperation","Neotropical","[241,246,"
"3494",3494,"Hieraaetus_fasciatus","Hieraaetus","fasciatus","Occasional","Pair","Widespread","[241,247,"
"3499",3499,"Hieraaetus_kienerii","Hieraaetus","kienerii","Pair","Pair","Indomalayan","[241,247]"
"3503",3503,"Spizaetus_africanus","Spizaetus","africanus","Unknown","Pair","Africa","[241,247]"
"3504",3504,"Spizaetus_cirrhatus","Spizaetus","cirrhatus","Pair","Pair","Indomalayan",NA
"3505",3505,"Spizaetus_nipalensis","Spizaetus","nipalensis","Pair","Pair","Widespread",NA
"3506",3506,"Spizaetus_alboniger","Spizaetus","alboniger","Unknown","Pair","Indomalayan",NA
"3507",3507,"Spizaetus_bartelsi","Spizaetus","bartelsi","Cooperation","Cooperation","Indomalayan","[241,246,"
"3510",3510,"Spizaetus_nanus","Spizaetus","nanus","Unknown","Pair","Indomalayan",NA
"3514",3514,"Oroaetus_isidori","Oroaetus","isidori","Unknown","Pair","Neotropical","[241,247]"
"3575",3575,"Caracara_lutosus","Caracara","lutosus","Subspp","Subspp","Neotropical","[241,279]"
"3586",3586,"Podilymbus_gigas","Podilymbus","gigas","Pair","Pair","Neotropical","[296]"
"3634",3634,"Phalacrocorax_verrucosus","Phalacrocorax","verrucosus","Pair","Pair","Antarctic","[22]"
"3636",3636,"Phalacrocorax_bransfieldensis","Phalacrocorax","bransfieldensis","Pair","Pair","Antarctic","[22]"
"3637",3637,"Phalacrocorax_georgianus","Phalacrocorax","georgianus","Pair","Pair","Antarctic",NA
"3655",3655,"Ardea_alba","Ardea","alba","Pair","Pair","Widespread",NA
"3656",3656,"Ardea_modesta","Ardea","modesta","Pair","Pair","Widespread",NA
"3657",3657,"Ardea_intermedia","Ardea","intermedia","Pair","Pair","Widespread",NA
"3664",3664,"Ardea_ibis","Ardea","ibis","Pair","Pair","Widespread",NA
"3666",3666,"Butorides_sundevalli","Butorides","sundevalli","Subspp","Subspp","Neotropical",NA
"3675",3675,"Egretta_picata","Egretta","picata","Pair","Pair","Australia",NA
"3685",3685,"Egretta_dimorpha","Egretta","dimorpha","Subspp","Subspp","Africa",NA
"3692",3692,"Nycticorax_leuconotus","Nycticorax","leuconotus","Pair","Pair","Africa",NA
"3703",3703,"Ixobrychus_novaezelandiae","Ixobrychus","novaezelandiae","Subspp","Subspp","Australia",NA
"3708",3708,"Dupetor_flavicollis","Dupetor","flavicollis","Pair","Pair","Widespread",NA
"3720",3720,"Phoenicopterus_minor","Phoenicopterus","minor","Pair","Pair","Africa",NA
"3732",3732,"Theristicus_branickii","Theristicus","branickii","Subspp","Subspp","Neotropical",NA
"3748",3748,"Pseudibis_gigantea","Pseudibis","gigantea","Unknown","Pair","Indomalayan",NA
"3755",3755,"Ajaia_ajaja","Ajaia","ajaja","Pair","Pair","Neotropical",NA
"3825",3825,"Pterodroma_brevirostris","Pterodroma","brevirostris","Pair","Pair","Antarctic",NA
"3826",3826,"Pterodroma_aterrima","Pterodroma","aterrima","Unknown","Pair","Antarctic",NA
"3827",3827,"Pterodroma_becki","Pterodroma","becki","Subspp","Subspp","Australia",NA
"3828",3828,"Pterodroma_rostrata","Pterodroma","rostrata","Pair","Pair","Australia",NA
"3829",3829,"Pterodroma_macgillivrayi","Pterodroma","macgillivrayi","Unknown","Pair","Australia",NA
"3890",3890,"Puffinus_persicus","Puffinus","persicus","Subspp","Subspp","Unknown",NA
"3891",3891,"Puffinus_bannermani","Puffinus","bannermani","Subspp","Subspp","Unknown",NA
"3900",3900,"Diomedea_irrorata","Diomedea","irrorata","Pair","Pair","Neotropical",NA
"3901",3901,"Diomedea_albatrus","Diomedea","albatrus","Pair","Pair","Palearctic",NA
"3902",3902,"Diomedea_nigripes","Diomedea","nigripes","Pair","Pair","Holarctic",NA
"3903",3903,"Diomedea_immutabilis","Diomedea","immutabilis","Pair","Pair","Holarctic",NA
"3904",3904,"Diomedea_melanophris","Diomedea","melanophris","Pair","Pair","Antarctic",NA
"3905",3905,"Diomedea_cauta","Diomedea","cauta","Pair","Pair","Widespread",NA
"3906",3906,"Diomedea_chrysostoma","Diomedea","chrysostoma","Pair","Pair","Antarctic",NA
"3907",3907,"Diomedea_chlororhynchos","Diomedea","chlororhynchos","Pair","Pair","Antarctic",NA
"3908",3908,"Diomedea_bulleri","Diomedea","bulleri","Pair","Pair","Australia",NA
"3919",3919,"Oceanodroma_microsoma","Oceanodroma","microsoma","Pair","Pair","Neotropical",NA
"3924",3924,"Oceanodroma_macrodactyla","Oceanodroma","macrodactyla","Unknown","Pair","Neotropical",NA
"4049",4049,"Myrmotherula_obscura","Myrmotherula","obscura","Unknown","Pair","Neotropical",NA
"4060",4060,"Myrmotherula_fulviventris","Myrmotherula","fulviventris","Pair","Pair","Neotropical",NA
"4061",4061,"Myrmotherula_leucophthalma","Myrmotherula","leucophthalma","Unknown","Pair","Neotropical",NA
"4062",4062,"Myrmotherula_haematonota","Myrmotherula","haematonota","Unknown","Pair","Neotropical",NA
"4063",4063,"Myrmotherula_spodionota","Myrmotherula","spodionota","Unknown","Pair","Neotropical",NA
"4064",4064,"Myrmotherula_ornata","Myrmotherula","ornata","Unknown","Pair","Neotropical",NA
"4065",4065,"Myrmotherula_erythrura","Myrmotherula","erythrura","Unknown","Pair","Neotropical",NA
"4140",4140,"Percnostola_schistacea","Percnostola","schistacea","Unknown","Pair","Neotropical",NA
"4141",4141,"Percnostola_leucostigma","Percnostola","leucostigma","Unknown","Pair","Neotropical",NA
"4142",4142,"Percnostola_caurensis","Percnostola","caurensis","Unknown","Pair","Neotropical",NA
"4166",4166,"Gymnopithys_bicolor","Gymnopithys","bicolor","Subspp","Subspp","Neotropical",NA
"4179",4179,"Hylophylax_poecilonota","Hylophylax","poecilonota","Pair","Pair","Neotropical",NA
"4270",4270,"Geobates_poecilopterus","Geobates","poecilopterus","Unknown","Pair","Neotropical","[350]"
"4314",4314,"Lepidocolaptes_fuscus","Lepidocolaptes","fuscus","Unknown","Pair","Neotropical",NA
"4322",4322,"Xiphorhynchus_picus","Xiphorhynchus","picus","Unknown","Pair","Neotropical",NA
"4323",4323,"Xiphorhynchus_necopinus","Xiphorhynchus","necopinus","Unknown","Pair","Neotropical",NA
"4330",4330,"Xiphorhynchus_eytoni","Xiphorhynchus","eytoni","Subspp","Subspp","Neotropical",NA
"4335",4335,"Upucerthia_harterti","Upucerthia","harterti","Unknown","Pair","Neotropical","[350]"
"4336",4336,"Upucerthia_certhioides","Upucerthia","certhioides","Unknown","Pair","Neotropical",NA
"4337",4337,"Upucerthia_ruficauda","Upucerthia","ruficauda","Unknown","Pair","Neotropical",NA
"4338",4338,"Upucerthia_andaecola","Upucerthia","andaecola","Unknown","Pair","Neotropical",NA
"4356",4356,"Chilia_melanura","Chilia","melanura","Unknown","Pair","Neotropical",NA
"4384",4384,"Schizoeaca_moreirae","Schizoeaca","moreirae","Unknown","Pair","Neotropical",NA
"4403",4403,"Synallaxis_hellmayri","Synallaxis","hellmayri","Unknown","Pair","Neotropical",NA
"4466",4466,"Siptornopsis_hypochondriacus","Siptornopsis","hypochondriacus","Unknown","Pair","Neotropical",NA
"4478",4478,"Limnornis_rectirostris","Limnornis","rectirostris","Pair","Pair","Neotropical",NA
"4481",4481,"Eremobius_phoenicurus","Eremobius","phoenicurus","Pair","Pair","Neotropical","[350]"
"4513",4513,"Philydor_dimidiatus","Philydor","dimidiatus","Unknown","Pair","Neotropical",NA
"4516",4516,"Philydor_ochrogaster","Philydor","ochrogaster","Subspp","Subspp","Neotropical",NA
"4518",4518,"Philydor_amaurotis","Philydor","amaurotis","Unknown","Pair","Neotropical",NA
"4534",4534,"Automolus_dorsalis","Automolus","dorsalis","Unknown","Pair","Neotropical",NA
"4537",4537,"Automolus_roraimae","Automolus","roraimae","Unknown","Pair","Neotropical",NA
"4558",4558,"Ampelion_rubrocristata","Ampelion","rubrocristata","Unknown","Pair","Neotropical",NA
"4577",4577,"Lipaugus_subalaris","Lipaugus","subalaris","Unknown","Pair","Neotropical",NA
"4578",4578,"Lipaugus_cryptolophus","Lipaugus","cryptolophus","Unknown","Pair","Neotropical",NA
"4654",4654,"Pipra_suavissima","Pipra","suavissima","Female_only","Female_only","Neotropical",NA
"4655",4655,"Pipra_serena","Pipra","serena","Female_only","Female_only","Neotropical",NA
"4656",4656,"Pipra_iris","Pipra","iris","Female_only","Female_only","Neotropical",NA
"4657",4657,"Pipra_vilasboasi","Pipra","vilasboasi","Unknown","Female_only","Neotropical",NA
"4658",4658,"Pipra_nattereri","Pipra","nattereri","Unknown","Female_only","Neotropical",NA
"4659",4659,"Pipra_isidorei","Pipra","isidorei","Female_only","Female_only","Neotropical",NA
"4660",4660,"Pipra_coeruleocapilla","Pipra","coeruleocapilla","Female_only","Female_only","Neotropical",NA
"4680",4680,"Chloropipo_unicolor","Chloropipo","unicolor","Unknown","Female_only","Neotropical",NA
"4681",4681,"Chloropipo_uniformis","Chloropipo","uniformis","Unknown","Female_only","Neotropical",NA
"4682",4682,"Chloropipo_holochlora","Chloropipo","holochlora","Unknown","Female_only","Neotropical",NA
"4683",4683,"Chloropipo_flavicapilla","Chloropipo","flavicapilla","Unknown","Female_only","Neotropical",NA
"4732",4732,"Todirostrum_senex","Todirostrum","senex","Unknown","Pair","Neotropical",NA
"4733",4733,"Todirostrum_russatum","Todirostrum","russatum","Unknown","Pair","Neotropical",NA
"4734",4734,"Todirostrum_plumbeiceps","Todirostrum","plumbeiceps","Unknown","Pair","Neotropical",NA
"4735",4735,"Todirostrum_latirostre","Todirostrum","latirostre","Unknown","Pair","Neotropical",NA
"4736",4736,"Todirostrum_fumifrons","Todirostrum","fumifrons","Unknown","Pair","Neotropical",NA
"4737",4737,"Todirostrum_sylvia","Todirostrum","sylvia","Pair","Pair","Neotropical",NA
"4745",4745,"Todirostrum_calopterum","Todirostrum","calopterum","Unknown","Pair","Neotropical",NA
"4746",4746,"Todirostrum_pulchellum","Todirostrum","pulchellum","Unknown","Pair","Neotropical",NA
"4779",4779,"Suiriri_affinis","Suiriri","affinis","Subspp","Subspp","Neotropical",NA
"4823",4823,"Uromyias_agilis","Uromyias","agilis","Unknown","Pair","Neotropical","[384]"
"4824",4824,"Uromyias_agraphia","Uromyias","agraphia","Unknown","Pair","Neotropical",NA
"4837",4837,"Pseudocolopteryx_dinellianus","Pseudocolopteryx","dinellianus","Unknown","Pair","Neotropical",NA
"4898",4898,"Myiobius_erythrurus","Myiobius","erythrurus","Female_only","Female_only","Neotropical","[381]"
"4904",4904,"Hirundinea_bellicosa","Hirundinea","bellicosa","Subspp","Subspp","Neotropical",NA
"4945",4945,"Silvicultrix_frontalis","Silvicultrix","frontalis","Unknown","Pair","Neotropical","[369]"
"4946",4946,"Silvicultrix_jelskii","Silvicultrix","jelskii","Unknown","Pair","Neotropical",NA
"4947",4947,"Silvicultrix_diadema","Silvicultrix","diadema","Unknown","Pair","Neotropical",NA
"4948",4948,"Silvicultrix_pulchella","Silvicultrix","pulchella","Unknown","Pair","Neotropical",NA
"4970",4970,"Heteroxolmis_dominicana","Heteroxolmis","dominicana","Pair","Pair","Neotropical","[369,408]"
"4973",4973,"Agriornis_andicola","Agriornis","andicola","Unknown","Pair","Neotropical",NA
"5008",5008,"Arundinicola_tricolor","Arundinicola","tricolor","Unknown","Female_only","Neotropical",NA
"5009",5009,"Arundinicola_risora","Arundinicola","risora","Unknown","Female_only","Neotropical",NA
"5051",5051,"Ramphotrigon_megacephala","Ramphotrigon","megacephala","Unknown","Pair","Neotropical",NA
"5068",5068,"Griseotyrannus_aurantioatrocristatus","Griseotyrannus","aurantioatrocristatus","Pair","Pair","Neotropical","[369,404]"
"5085",5085,"Philohydor_lictor","Philohydor","lictor","Pair","Pair","Neotropical","[369,430]"
"5104",5104,"Archboldia_sanfordi","Archboldia","sanfordi","Subspp","Subspp","Australia",NA
"5142",5142,"Amytornis_merrotsoyi","Amytornis","merrotsoyi","Unknown","Cooperation","Australia","[332]"
"5147",5147,"Amytornis_kalkadoon","Amytornis","kalkadoon","Cooperation","Cooperation","Australia","[332]"
"5284",5284,"Melithreptus_laetior","Melithreptus","laetior","Cooperation","Cooperation","Australia",NA
"5466",5466,"Vireo_swainsonii","Vireo","swainsonii","Pair","Pair","Nearctic","[493]"
"5469",5469,"Pteropodocys_maxima","Pteropodocys","maxima","Cooperation","Cooperation","Australia","[502]"
"5534",5534,"Lobotos_lobata","Lobotos","lobata","Unknown","Pair","Africa",NA
"5535",5535,"Lobotos_oriolina","Lobotos","oriolina","Unknown","Pair","Africa",NA
"5580",5580,"Pachycephala_griseiceps","Pachycephala","griseiceps","Subspp","Subspp","Australia","[459]"
"5691",5691,"Batis_reichenowi","Batis","reichenowi","Subspp","Subspp","Africa",NA
"5692",5692,"Batis_dimorpha","Batis","dimorpha","Subspp","Subspp","Africa",NA
"5725",5725,"Tchagra_anchietae","Tchagra","anchietae","Subspp","Subspp","Africa",NA
"5734",5734,"Laniarius_liberatus","Laniarius","liberatus","Unknown","Pair","Africa",NA
"5796",5796,"Rhipidura_hypoxantha","Rhipidura","hypoxantha","Pair","Pair","Palearctic","[513]"
"5822",5822,"Rhipidura_spilodera","Rhipidura","spilodera","Pair","Pair","Australia","[447]"
"5948",5948,"Myiagra_freycineti","Myiagra","freycineti","Unknown","Pair","Australia","no"
"5998",5998,"Corvinella_melanoleuca","Corvinella","melanoleuca","Cooperation","Cooperation","Africa",NA
"6054",6054,"Psilorhinus_morio","Psilorhinus","morio","Cooperation","Cooperation","Neotropical","[559]"
"6106",6106,"Corvus_boreus","Corvus","boreus","Pair","Pair","Australia",NA
"6184",6184,"Heteromyias_cinereifrons","Heteromyias","cinereifrons","Subspp","Subspp","Australia","[434]"
"6189",6189,"Cyanistes_caeruleus","Cyanistes","caeruleus","Occasional","Pair","Palearctic","[511]"
"6190",6190,"Cyanistes_cyanus","Cyanistes","cyanus","Pair","Pair","Palearctic",NA
"6194",6194,"Parus_guineensis","Parus","guineensis","Unknown","Cooperation","Africa","[598]"
"6201",6201,"Parus_pallidiventris","Parus","pallidiventris","Subspp","Subspp","Africa",NA
"6209",6209,"Parus_bokharensis","Parus","bokharensis","Pair","Pair","Palearctic","[598]"
"6215",6215,"Parus_flavipectus","Parus","flavipectus","Pair","Pair","Palearctic",NA
"6217",6217,"Periparus_rufonuchalis","Periparus","rufonuchalis","Pair","Pair","Palearctic",NA
"6218",6218,"Periparus_rubidiventris","Periparus","rubidiventris","Pair","Pair","Palearctic",NA
"6219",6219,"Periparus_melanolophus","Periparus","melanolophus","Pair","Pair","Palearctic",NA
"6220",6220,"Periparus_ater","Periparus","ater","Pair","Pair","Palearctic","[511]"
"6221",6221,"Periparus_venustulus","Periparus","venustulus","Unknown","Pair","Palearctic","[598]"
"6222",6222,"Periparus_elegans","Periparus","elegans","Unknown","Pair","Indomalayan",NA
"6223",6223,"Periparus_amabilis","Periparus","amabilis","Unknown","Pair","Indomalayan",NA
"6224",6224,"Lophophanes_cristatus","Lophophanes","cristatus","Pair","Pair","Palearctic","[511]"
"6225",6225,"Lophophanes_dichrous","Lophophanes","dichrous","Pair","Pair","Palearctic","[598]"
"6230",6230,"Poecile_varius","Poecile","varius","Pair","Pair","Palearctic",NA
"6231",6231,"Poecile_palustris","Poecile","palustris","Pair","Pair","Palearctic","[511]"
"6232",6232,"Poecile_lugubris","Poecile","lugubris","Occasional","Pair","Palearctic",NA
"6233",6233,"Poecile_montanus","Poecile","montanus","Pair","Pair","Palearctic",NA
"6234",6234,"Poecile_carolinensis","Poecile","carolinensis","Occasional","Pair","Nearctic","[605]"
"6235",6235,"Poecile_atricapillus","Poecile","atricapillus","Pair","Pair","Nearctic","[606]"
"6236",6236,"Poecile_gambeli","Poecile","gambeli","Pair","Pair","Nearctic","[607]"
"6237",6237,"Poecile_sclateri","Poecile","sclateri","Unknown","Pair","Neotropical","[608]"
"6238",6238,"Poecile_superciliosus","Poecile","superciliosus","Pair","Pair","Palearctic","[598]"
"6239",6239,"Poecile_davidi","Poecile","davidi","Unknown","Pair","Palearctic",NA
"6240",6240,"Poecile_cinctus","Poecile","cinctus","Pair","Pair","Palearctic","[511]"
"6241",6241,"Poecile_hudsonicus","Poecile","hudsonicus","Pair","Pair","Nearctic","[609]"
"6242",6242,"Poecile_rufescens","Poecile","rufescens","Pair","Pair","Nearctic","[610]"
"6251",6251,"Anthoscopus_sylviella","Anthoscopus","sylviella","Cooperation","Cooperation","Africa","[598]"
"6256",6256,"Trochocercus_nigromitratus","Trochocercus","nigromitratus","Pair","Pair","Africa",NA
"6257",6257,"Trochocercus_albiventris","Trochocercus","albiventris","Pair","Pair","Africa",NA
"6258",6258,"Trochocercus_albonotatus","Trochocercus","albonotatus","Pair","Pair","Africa",NA
"6277",6277,"Mirafra_sharpii","Mirafra","sharpii","Subspp","Subspp","Africa",NA
"6289",6289,"Mirafra_degodiensis","Mirafra","degodiensis","Unknown","Pair","Africa",NA
"6290",6290,"Mirafra_naevia","Mirafra","naevia","Subspp","Subspp","Africa",NA
"6324",6324,"Calandrella_blanfordi","Calandrella","blanfordi","Unknown","Pair","Africa","[503,612]"
"6325",6325,"Calandrella_erlangeri","Calandrella","erlangeri","Unknown","Pair","Africa",NA
"6332",6332,"Calandrella_athensis","Calandrella","athensis","Subspp","Subspp","Africa",NA
"6356",6356,"Pseudochelidon_sirintarae","Pseudochelidon","sirintarae","Unknown","Pair","Indomalayan",NA
"6362",6362,"Psalidoprocne_chalybea","Psalidoprocne","chalybea","Subspp","Subspp","Africa",NA
"6363",6363,"Psalidoprocne_petiti","Psalidoprocne","petiti","Subspp","Subspp","Africa",NA
"6364",6364,"Psalidoprocne_mangbettorum","Psalidoprocne","mangbettorum","Subspp","Subspp","Africa",NA
"6365",6365,"Psalidoprocne_oleaginea","Psalidoprocne","oleaginea","Subspp","Subspp","Africa",NA
"6367",6367,"Psalidoprocne_antinorii","Psalidoprocne","antinorii","Subspp","Subspp","Africa",NA
"6368",6368,"Psalidoprocne_orientalis","Psalidoprocne","orientalis","Subspp","Subspp","Africa",NA
"6369",6369,"Psalidoprocne_holomelas","Psalidoprocne","holomelas","Subspp","Subspp","Africa",NA
"6371",6371,"Ptyonoprogne_rupestris","Ptyonoprogne","rupestris","Pair","Pair","Palearctic",NA
"6372",6372,"Ptyonoprogne_obsoleta","Ptyonoprogne","obsoleta","Subspp","Subspp","Africa",NA
"6373",6373,"Ptyonoprogne_fuligula","Ptyonoprogne","fuligula","Pair","Pair","Africa",NA
"6374",6374,"Ptyonoprogne_concolor","Ptyonoprogne","concolor","Pair","Pair","Indomalayan",NA
"6390",6390,"Cecropis_cucullata","Cecropis","cucullata","Pair","Pair","Africa",NA
"6391",6391,"Cecropis_abyssinica","Cecropis","abyssinica","Pair","Pair","Africa",NA
"6392",6392,"Cecropis_semirufa","Cecropis","semirufa","Pair","Pair","Africa",NA
"6394",6394,"Cecropis_daurica","Cecropis","daurica","Pair","Pair","Palearctic",NA
"6395",6395,"Cecropis_domicella","Cecropis","domicella","Subspp","Subspp","Africa",NA
"6396",6396,"Cecropis_striolata","Cecropis","striolata","Pair","Pair","Indomalayan",NA
"6397",6397,"Petrochelidon_perdita","Petrochelidon","perdita","Unknown","Pair","Africa",NA
"6398",6398,"Petrochelidon_preussi","Petrochelidon","preussi","Pair","Pair","Africa",NA
"6399",6399,"Petrochelidon_rufigula","Petrochelidon","rufigula","Pair","Pair","Africa",NA
"6400",6400,"Petrochelidon_spilodera","Petrochelidon","spilodera","Pair","Pair","Africa",NA
"6405",6405,"Petrochelidon_nigricans","Petrochelidon","nigricans","Pair","Pair","Australia",NA
"6406",6406,"Petrochelidon_fluvicola","Petrochelidon","fluvicola","Pair","Pair","Indomalayan",NA
"6407",6407,"Petrochelidon_ariel","Petrochelidon","ariel","Pair","Pair","Australia",NA
"6408",6408,"Petrochelidon_fuliginosa","Petrochelidon","fuliginosa","Pair","Pair","Africa",NA
"6428",6428,"Notiochelidon_cyanoleuca","Notiochelidon","cyanoleuca","Pair","Pair","Neotropical",NA
"6434",6434,"Stelgidopteryx_fucata","Stelgidopteryx","fucata","Pair","Pair","Neotropical","[618,626]"
"6436",6436,"Stelgidopteryx_ridgwayi","Stelgidopteryx","ridgwayi","Subspp","Subspp","Neotropical","[618,626]"
"6471",6471,"Pycnonotus_somaliensis","Pycnonotus","somaliensis","Subspp","Subspp","Africa","[503]"
"6472",6472,"Pycnonotus_dodsoni","Pycnonotus","dodsoni","Subspp","Subspp","Africa",NA
"6473",6473,"Pycnonotus_tricolor","Pycnonotus","tricolor","Subspp","Subspp","Africa",NA
"6497",6497,"Andropadus_kakamegae","Andropadus","kakamegae","Subspp","Subspp","Africa",NA
"6500",6500,"Andropadus_hallae","Andropadus","hallae","Subspp","Subspp","Africa",NA
"6509",6509,"Andropadus_chlorigula","Andropadus","chlorigula","Subspp","Subspp","Africa",NA
"6510",6510,"Andropadus_olivaceiceps","Andropadus","olivaceiceps","Subspp","Subspp","Africa",NA
"6526",6526,"Phyllastrephus_placidus","Phyllastrephus","placidus","Subspp","Subspp","Africa",NA
"6537",6537,"Phyllastrephus_alfredi","Phyllastrephus","alfredi","Subspp","Subspp","Africa",NA
"6557",6557,"Thapsinillas_affinis","Thapsinillas","affinis","Unknown","Pair","Australia",NA
"6563",6563,"Acritillas_indica","Acritillas","indica","Suspected","Cooperation","Indomalayan",NA
"6568",6568,"Microscelis_amaurotis","Microscelis","amaurotis","Pair","Pair","Indomalayan",NA
"6582",6582,"Cerasophila_thompsoni","Cerasophila","thompsoni","Unknown","Pair","Indomalayan",NA
"6585",6585,"Cisticola_lepe","Cisticola","lepe","Subspp","Subspp","Africa",NA
"6595",6595,"Cisticola_emini","Cisticola","emini","Subspp","Subspp","Africa",NA
"6601",6601,"Cisticola_mongalla","Cisticola","mongalla","Subspp","Subspp","Africa",NA
"6602",6602,"Cisticola_dorsti","Cisticola","dorsti","Unknown","Pair","Africa",NA
"6606",6606,"Cisticola_distinctus","Cisticola","distinctus","Subspp","Subspp","Africa",NA
"6613",6613,"Cisticola_angolensis","Cisticola","angolensis","Subspp","Subspp","Africa",NA
"6624",6624,"Cisticola_incanus","Cisticola","incanus","Unknown","Pair","Africa",NA
"6659",6659,"Prinia_melanops","Prinia","melanops","Pair","Pair","Africa",NA
"6661",6661,"Oreophilais_robertsi","Oreophilais","robertsi","Unknown","Pair","Africa",NA
"6667",6667,"Apalis_pulchra","Apalis","pulchra","Pair","Pair","Africa",NA
"6668",6668,"Apalis_ruwenzorii","Apalis","ruwenzorii","Pair","Pair","Africa",NA
"6676",6676,"Apalis_viridiceps","Apalis","viridiceps","Subspp","Subspp","Africa",NA
"6684",6684,"Apalis_kaboboensis","Apalis","kaboboensis","Subspp","Subspp","Africa",NA
"6691",6691,"Apalis_rufifrons","Apalis","rufifrons","Pair","Pair","Africa",NA
"6694",6694,"Camaroptera_brevicaudata","Camaroptera","brevicaudata","Subspp","Subspp","Africa",NA
"6695",6695,"Camaroptera_harterti","Camaroptera","harterti","Subspp","Subspp","Africa",NA
"6699",6699,"Calamonastes_simplex","Calamonastes","simplex","Pair","Pair","Africa",NA
"6700",6700,"Calamonastes_stierlingi","Calamonastes","stierlingi","Pair","Pair","Africa",NA
"6701",6701,"Calamonastes_fasciolatus","Calamonastes","fasciolatus","Pair","Pair","Africa",NA
"6710",6710,"Scepomycter_winifredae","Scepomycter","winifredae","Unknown","Pair","Africa",NA
"6711",6711,"Pseudoalcippe_pyrrhoptera","Pseudoalcippe","pyrrhoptera","Unknown","Cooperation","Africa","[512]"
"6712",6712,"Pseudoalcippe_atriceps","Pseudoalcippe","atriceps","Subspp","Subspp","Africa",NA
"6763",6763,"Yuhina_plateni","Yuhina","plateni","Unknown","Pair","Indomalayan","[468]"
"6764",6764,"Yuhina_dennistouni","Yuhina","dennistouni","Unknown","Pair","Indomalayan",NA
"6765",6765,"Yuhina_nigrocapitata","Yuhina","nigrocapitata","Unknown","Pair","Indomalayan",NA
"6766",6766,"Yuhina_capitalis","Yuhina","capitalis","Unknown","Pair","Indomalayan",NA
"6767",6767,"Yuhina_speciosa","Yuhina","speciosa","Pair","Pair","Indomalayan","[455]"
"6768",6768,"Yuhina_whiteheadi","Yuhina","whiteheadi","Unknown","Pair","Indomalayan","[468]"
"6769",6769,"Yuhina_striata","Yuhina","striata","Unknown","Pair","Indomalayan",NA
"6770",6770,"Yuhina_latistriata","Yuhina","latistriata","Unknown","Pair","Indomalayan",NA
"6771",6771,"Yuhina_nigrorum","Yuhina","nigrorum","Unknown","Pair","Indomalayan",NA
"6772",6772,"Yuhina_hypogrammica","Yuhina","hypogrammica","Unknown","Pair","Indomalayan","[455]"
"6875",6875,"Stachyris_rodolphei","Stachyris","rodolphei","Unknown","Pair","Indomalayan","no"
"6911",6911,"Pellorneum_tickelli","Pellorneum","tickelli","Pair","Pair","Indomalayan","[649]"
"6912",6912,"Pellorneum_pyrrogenys","Pellorneum","pyrrogenys","Unknown","Pair","Indomalayan","[99]"
"6930",6930,"Illadopsis_abyssinica","Illadopsis","abyssinica","Pair","Pair","Africa",NA
"6933",6933,"Napothera_macrodactyla","Napothera","macrodactyla","Unknown","Pair","Indomalayan","[445]"
"6934",6934,"Napothera_rufipectus","Napothera","rufipectus","Unknown","Pair","Indomalayan","[642]"
"6935",6935,"Napothera_atrigularis","Napothera","atrigularis","Unknown","Pair","Indomalayan","[99,467]"
"6936",6936,"Napothera_marmorata","Napothera","marmorata","Unknown","Pair","Indomalayan","[467]"
"6937",6937,"Napothera_crispifrons","Napothera","crispifrons","Unknown","Pair","Indomalayan","[508]"
"6940",6940,"Napothera_rabori","Napothera","rabori","Unknown","Pair","Indomalayan","[468]"
"6980",6980,"Garrulax_cachinnans","Garrulax","cachinnans","Pair","Pair","Indomalayan","[683]"
"6981",6981,"Garrulax_jerdoni","Garrulax","jerdoni","Pair","Pair","Indomalayan","[684,685]"
"7080",7080,"Trichastoma_woodi","Trichastoma","woodi","Unknown","Pair","Indomalayan","[468]"
"7172",7172,"Harterula_flavoviridis","Harterula","flavoviridis","Unknown","Pair","Africa",NA
"7176",7176,"Xanthomixis_zosterops","Xanthomixis","zosterops","Suspected","Cooperation","Africa",NA
"7177",7177,"Xanthomixis_apperti","Xanthomixis","apperti","Unknown","Cooperation","Africa",NA
"7178",7178,"Xanthomixis_tenebrosus","Xanthomixis","tenebrosus","Unknown","Cooperation","Africa",NA
"7179",7179,"Xanthomixis_cinereiceps","Xanthomixis","cinereiceps","Suspected","Cooperation","Africa",NA
"7187",7187,"Bradypterus_mariae","Bradypterus","mariae","Subspp","Subspp","Africa",NA
"7200",7200,"Megalurus_pryeri","Megalurus","pryeri","Pair","Pair","Palearctic","[455]"
"7205",7205,"Megalurus_punctatus","Megalurus","punctatus","Pair","Pair","Australia","[475]"
"7235",7235,"Phylloscopus_lorenzii","Phylloscopus","lorenzii","Pair","Pair","Palearctic",NA
"7274",7274,"Seicercus_xanthoschistos","Seicercus","xanthoschistos","Pair","Pair","Palearctic",NA
"7306",7306,"Sylvietta_chapini","Sylvietta","chapini","Unknown","Pair","Africa",NA
"7325",7325,"Nesillas_aldabrana","Nesillas","aldabrana","Unknown","Pair","Africa","[539,720]"
"7341",7341,"Orthotomus_metopias","Orthotomus","metopias","Unknown","Pair","Africa","[524]"
"7342",7342,"Orthotomus_moreaui","Orthotomus","moreaui","Unknown","Pair","Africa",NA
"7477",7477,"Regulus_teneriffae","Regulus","teneriffae","Pair","Pair","Palearctic","[752]"
"7495",7495,"Aplonis_mavornata","Aplonis","mavornata","Unknown","Pair","Australia",NA
"7614",7614,"Nesomimus_parvulus","Nesomimus","parvulus","Cooperation","Cooperation","Neotropical",NA
"7615",7615,"Nesomimus_trifasciatus","Nesomimus","trifasciatus","Cooperation","Cooperation","Neotropical",NA
"7616",7616,"Nesomimus_macdonaldi","Nesomimus","macdonaldi","Cooperation","Cooperation","Neotropical",NA
"7617",7617,"Nesomimus_melanotis","Nesomimus","melanotis","Pair","Pair","Neotropical",NA
"7618",7618,"Mimodes_graysoni","Mimodes","graysoni","Pair","Pair","Neotropical",NA
"7645",7645,"Bradornis_pumilus","Bradornis","pumilus","Subspp","Subspp","Africa",NA
"7684",7684,"Muscicapa_itombwensis","Muscicapa","itombwensis","Unknown","Pair","Africa",NA
"7750",7750,"Cyornis_rufigaster","Cyornis","rufigaster","Unknown","Pair","Indomalayan","[467,468]"
"7756",7756,"Sheppardia_poensis","Sheppardia","poensis","Subspp","Subspp","Africa",NA
"7766",7766,"Luscinia_akahige","Luscinia","akahige","Pair","Pair","Palearctic","[777]"
"7767",7767,"Luscinia_komadori","Luscinia","komadori","Pair","Pair","Palearctic",NA
"7792",7792,"Sheppardia_polioptera","Sheppardia","polioptera","Unknown","Pair","Africa",NA
"7840",7840,"Myiomela_leucurum","Myiomela","leucurum","Pair","Pair","Indomalayan",NA
"7841",7841,"Myiomela_diana","Myiomela","diana","Unknown","Pair","Indomalayan",NA
"7863",7863,"Campilicoides_bifasciata","Campilicoides","bifasciata","Cooperation","Cooperation","Africa","[777,785]"
"7873",7873,"Oenanthe_lugubris","Oenanthe","lugubris","Cooperation","Cooperation","Africa","[503,777]"
"7885",7885,"Oenanthe_heuglini","Oenanthe","heuglini","Pair","Pair","Africa",NA
"7894",7894,"Pinarochroa_sordida","Pinarochroa","sordida","Pair","Pair","Africa",NA
"7902",7902,"Thamnolaea_cinnamomeiventris","Thamnolaea","cinnamomeiventris","Pair","Pair","Africa","[777]"
"7903",7903,"Thamnolaea_coronata","Thamnolaea","coronata","Subspp","Subspp","Africa",NA
"7904",7904,"Thamnolaea_semirufa","Thamnolaea","semirufa","Unknown","Pair","Africa",NA
"7907",7907,"Monticola_bensoni","Monticola","bensoni","Unknown","Pair","Africa",NA
"7912",7912,"Monticola_pretoriae","Monticola","pretoriae","Subspp","Subspp","Africa",NA
"7936",7936,"Alethe_castanea","Alethe","castanea","Pair","Pair","Africa",NA
"7948",7948,"Zoothera_horsfieldi","Zoothera","horsfieldi","Unknown","Pair","Indomalayan",NA
"7956",7956,"Ixoreus_naevius","Ixoreus","naevius","Pair","Pair","Nearctic",NA
"7957",7957,"Ridgwayia_pinicola","Ridgwayia","pinicola","Unknown","Pair","Neotropical",NA
"7987",7987,"Zoothera_kibalensis","Zoothera","kibalensis","Subspp","Subspp","Africa",NA
"7990",7990,"Cichlherminia_lherminieri","Cichlherminia","lherminieri","Unknown","Pair","Neotropical",NA
"8055",8055,"Turdus_graysoni","Turdus","graysoni","Subspp","Subspp","Neotropical",NA
"8064",8064,"Stizorhina_finschii","Stizorhina","finschii","Unknown","Pair","Africa",NA
"8071",8071,"Myadestes_myadestinus","Myadestes","myadestinus","Unknown","Pair","Neotropical","[777]"
"8087",8087,"Arcanator_orostruthus","Arcanator","orostruthus","Unknown","Pair","Africa",NA
"8135",8135,"Anthreptes_axillaris","Anthreptes","axillaris","Subspp","Subspp","Africa",NA
"8200",8200,"Nectarinia_prigoginei","Nectarinia","prigoginei","Unknown","Pair","Africa",NA
"8357",8357,"Pachyphantes_superciliosus","Pachyphantes","superciliosus","Unknown","Pair","Africa",NA
"8358",8358,"Malimbus_flavipes","Malimbus","flavipes","Unknown","Pair","Africa","[807,820]"
"8437",8437,"Lagonosticta_vinacea","Lagonosticta","vinacea","Subspp","Subspp","Africa",NA
"8451",8451,"Estrilda_ochrogaster","Estrilda","ochrogaster","Subspp","Subspp","Africa",NA
"8495",8495,"Chloebia_gouldiae","Chloebia","gouldiae","Pair","Pair","Australia","[510]"
"8496",8496,"Lemuresthes_nana","Lemuresthes","nana","Pair","Pair","Africa","[525]"
"8583",8583,"Carpospiza_brachydactyla","Carpospiza","brachydactyla","Pair","Pair","Palearctic",NA
"8612",8612,"Serinus_reichenowi","Serinus","reichenowi","Unknown","Pair","Africa",NA
"8622",8622,"Serinus_canicapillus","Serinus","canicapillus","Subspp","Subspp","Africa",NA
"8637",8637,"Serinus_leucolaema","Serinus","leucolaema","Unknown","Pair","Africa",NA
"8682",8682,"Rhodopechys_githaginea","Rhodopechys","githaginea","Pair","Pair","Palearctic",NA
"8683",8683,"Rhodopechys_mongolica","Rhodopechys","mongolica","Pair","Pair","Palearctic",NA
"8727",8727,"Hesperiphona_vespertina","Hesperiphona","vespertina","Occasional","Pair","Nearctic","[852]"
"8728",8728,"Hesperiphona_abeillei","Hesperiphona","abeillei","Pair","Pair","Nearctic","[837]"
"8735",8735,"Viridonia_stejnegeri","Viridonia","stejnegeri","Unknown","Pair","Neotropical","[854,858]"
"8736",8736,"Viridonia_virens","Viridonia","virens","Occasional","Pair","Neotropical","[854,858]"
"8737",8737,"Viridonia_parva","Viridonia","parva","Pair","Pair","Neotropical","[854,859]"
"8738",8738,"Viridonia_sagittirostris","Viridonia","sagittirostris","Unknown","Pair","Neotropical","[858]"
"8739",8739,"Hemignathus_wilsoni","Hemignathus","wilsoni","Unknown","Pair","Neotropical","[854,860]"
"8743",8743,"Paroreomyza_flammea","Paroreomyza","flammea","Unknown","Cooperation","Neotropical",NA
"8753",8753,"Motacilla_lugens","Motacilla","lugens","Subspp","Subspp","Nearctic","[873]"
"8771",8771,"Hemimacronyx_sharpei","Hemimacronyx","sharpei","Pair","Pair","Africa",NA
"8772",8772,"Hemimacronyx_chloris","Hemimacronyx","chloris","Pair","Pair","Africa",NA
"8775",8775,"Anthus_cinnamomeus","Anthus","cinnamomeus","Pair","Pair","Africa",NA
"8776",8776,"Anthus_camaroonensis","Anthus","camaroonensis","Subspp","Subspp","Africa",NA
"8788",8788,"Anthus_bannermani","Anthus","bannermani","Subspp","Subspp","Africa",NA
"8789",8789,"Anthus_latistriatus","Anthus","latistriatus","Unknown","Pair","Africa",NA
"8791",8791,"Anthus_nyassae","Anthus","nyassae","Pair","Pair","Africa",NA
"8879",8879,"Passerculus_rostratus","Passerculus","rostratus","Subspp","Subspp","Nearctic","[886]"
"8892",8892,"Spizella_taverneri","Spizella","taverneri","Pair","Pair","Nearctic","[886]"
"8937",8937,"Atlapetes_gutturalis","Atlapetes","gutturalis","Unknown","Pair","Neotropical","[480]"
"8958",8958,"Atlapetes_brunneinucha","Atlapetes","brunneinucha","Pair","Pair","Neotropical","[480]"
"8959",8959,"Atlapetes_virenticeps","Atlapetes","virenticeps","Unknown","Pair","Neotropical","[935]"
"8960",8960,"Atlapetes_atricapillus","Atlapetes","atricapillus","Pair","Pair","Neotropical","[480]"
"8961",8961,"Atlapetes_torquatus","Atlapetes","torquatus","Pair","Pair","Neotropical","[933]"
"8966",8966,"Lysurus_castaneiceps","Lysurus","castaneiceps","Unknown","Pair","Neotropical","[940]"
"9112",9112,"Iridosornis_porphyrocephala","Iridosornis","porphyrocephala","Unknown","Pair","Neotropical",NA
"9205",9205,"Pseudodacnis_hartlaubi","Pseudodacnis","hartlaubi","Unknown","Pair","Neotropical","[380]"
"9290",9290,"Sicalis_luteiventris","Sicalis","luteiventris","Subspp","Subspp","Neotropical","[481]"
"9327",9327,"Sporophila_zelichi","Sporophila","zelichi","Unknown","Pair","Neotropical","[380,445,"
"9330",9330,"Sporophila_insulata","Sporophila","insulata","Unknown","Pair","Neotropical","[380]"
"9366",9366,"Diglossopis_indigotica","Diglossopis","indigotica","Unknown","Pair","Neotropical",NA
"9367",9367,"Diglossopis_glauca","Diglossopis","glauca","Unknown","Pair","Neotropical",NA
"9368",9368,"Diglossopis_caerulescens","Diglossopis","caerulescens","Unknown","Pair","Neotropical",NA
"9369",9369,"Diglossopis_cyanea","Diglossopis","cyanea","Unknown","Pair","Neotropical",NA
"9378",9378,"Camarhynchus_crassirostris","Camarhynchus","crassirostris","Pair","Pair","Neotropical","[974]"
"9398",9398,"Caryothraustes_humeralis","Caryothraustes","humeralis","Unknown","Pair","Neotropical","[370]"
"9401",9401,"Pitylus_grossus","Pitylus","grossus","Pair","Pair","Neotropical",NA
"9402",9402,"Pitylus_fuliginosus","Pitylus","fuliginosus","Unknown","Pair","Neotropical","[481]"
"9420",9420,"Guiraca_caerulea","Guiraca","caerulea","Pair","Pair","Neotropical","[985]"
"9502",9502,"Myioborus_castaneocapillus","Myioborus","castaneocapillus","Unknown","Pair","Neotropical","[990]"
"9535",9535,"Basileuterus_fulvicauda","Basileuterus","fulvicauda","Unknown","Pair","Neotropical",NA
"9536",9536,"Basileuterus_rivularis","Basileuterus","rivularis","Pair","Pair","Neotropical",NA
"9544",9544,"Ocyalus_oseryi","Ocyalus","oseryi","Pair","Pair","Neotropical",NA
"9564",9564,"Icterus_chrysocephalus","Icterus","chrysocephalus","Pair","Pair","Neotropical",NA
"9590",9590,"Leistes_militaris","Leistes","militaris","Unknown","Pair","Neotropical","[998]"
"9591",9591,"Leistes_superciliaris","Leistes","superciliaris","Unknown","Pair","Neotropical",NA
"9596",9596,"Sturnella_lilianae","Sturnella","lilianae","Unknown","Pair","Nearctic",NA
"9614",9614,"Agelaioides_bolivianus","Agelaioides","bolivianus","Cooperation","Cooperation","Neotropical","[1013,1014]"
