BirdtreeFormat,Family,di_OC,tri_OC,cont_OC,O.C
Acrocephalus_arundinaceus,Acrocephalidae,1,2,2,1
Acrocephalus_palustris,Acrocephalidae,0,0,0.5,0
Acrocephalus_schoenobaenus,Acrocephalidae,1,2,2,1
Acrocephalus_stentoreus,Acrocephalidae,1,2,2,1
Agelaius_phoeniceus,Icteridae,1,2,2,1
Anthus_trivialis,Motacillidae,0,1,1.33,0
Cacicus_cela,Icteridae,0,1,2,0
Cardinalis_cardinalis,Cardinalidae,0,1,1.33,0
Carduelis_chloris,Fringillidae,1,2,2,1
Carpodacus_cassinii,Fringillidae,0,1,1.33,0
Carpodacus_erythrinus,Fringillidae,0,1,1.33,0
Certhia_familiaris,Certhiidae,0,1,1.33,0
Dendroica_pensylvanica,Parulidae,1,2,2,1
Dendroica_petechia,Parulidae,0,1,1.33,0
Dumetella_carolinensis,Mimidae,1,2,2,1
Emberiza_citrinella,Emberizidae,0,NA,NA,0
Emberiza_hortulana,Emberizidae,0,1,0.875,0
Ficedula_albicollis,Muscicapidae,1,2,2,1
Ficedula_hypoleuca,Muscicapidae,1,2,2,1
Fringilla_coelebs,Fringillidae,0,1,1,0
Geothlypis_trichas,Parulidae,0,NA,NA,0
Hirundo_rustica,Hirundinidae,1,2,2,1
Hylocichla_mustelina,Turdidae,0,1,0.833,0
Junco_hyemalis,Passerellidae,0,1,1,0
Lamprotornis_superbus,Sturnidae,1,2,2,1
Locustella_naevia,Locustellidae,0,NA,NA,0
Lonchura_striata,Estrildidae,0,0,0.167,0
Luscinia_megarhynchos,Muscicapidae,1,2,2,1
Melospiza_georgiana,Passerellidae,0,1,0.844,0
Melospiza_lincolnii,Passerellidae,1,2,2,1
Melospiza_melodia,Passerellidae,0,1,1,0
Miliaria_calandra,Emberizidae,0,NA,NA,0
Mimus_gilvus,Mimidae,1,2,2,1
Mimus_polyglottos,Mimidae,1,2,2,1
Molothrus_ater,Icteridae,0,1,1,0
Padda_oryzivora,Estrildidae,0,0,0.5,0
Parus_atricapillus,Paridae,0,0,0.5,0
Parus_major,Paridae,0,NA,NA,0
Passer_domesticus,Passeridae,0,0,0.08,0
Passerella_iliaca,Passerellidae,0,NA,NA,0
Passerina_cyanea,Cardinalidae,0,1,1,0
Phoenicurus_ochruros,Muscicapidae,0,1,,0
Phylloscopus_collybita,Phylloscopidae,0,,0.274,0
Phylloscopus_fuscatus,Phylloscopidae,1,2,2,1
Phylloscopus_trochilus,Phylloscopidae,1,2,2,1
Pipilo_erythrophthalmus,Passerellidae,0,NA,NA,0
Prunella_modularis,Prunelidae,1,2,2,1
Serinus_canaria,Fringillidae,1,2,2,1
Serinus_serinus,Fringillidae,1,2,2,1
Setophaga_ruticilla,Parulidae,1,2,2,1
Spizella_passerina,Passerellidae,0,1,1,0
Spizella_pusilla,Passerellidae,0,1,1,0
Sturnella_neglecta,Icteridae,1,2,2,1
Sturnus_vulgaris,Sturnidae,1,2,2,1
Sylvia_communis,Sylviidae,1,2,2,1
Taeniopygia_guttata,Estrildidae,0,0,0.247,0
Toxostoma_rufum,Mimidae,1,2,2,1
Turdus_grayi,Turdidae,1,2,2,1
Turdus_merula,Turdidae,1,2,2,1
Zonotrichia_albicollis,Passerellidae,0,NA,NA,0
Zonotrichia_leucophrys,Passerellidae,0,1,1,0
Zosterops_lateralis,Zosteropidae,1,2,2,1
Geospiza_fortis,Thraupidae,0,0,0.112,0
Geospiza_scandens,Thraupidae,0,0,0.112,0
Philesturnus_rufusater,Callaeidae,1,2,2,1
Passerculus_sandwichensis,Passerellidae,1,1,1,0
Parus_palustris,Paridae,0,0,0.583,0